// 4.25.0 0x7a4825ff D2 AY R0 FARGB8888 U565 N0 SExtFlashSection
// Generated by imageconverter. Please, do not edit!

#include <touchgfx/hal/Config.hpp>

LOCATION_PRAGMA("ExtFlashSection")
KEEP extern const unsigned char image_light[] LOCATION_ATTRIBUTE("ExtFlashSection") = { // 64x64 ARGB8888 pixels.
    0x00, 0x00, 0x00, 0x00, 0x00, 0x00, 0x00, 0x00, 0x00, 0x00, 0x00, 0x00,
    0x00, 0x00, 0x00, 0x00, 0x00, 0x00, 0x00, 0x00, 0x00, 0x00, 0x00, 0x00,
    0x00, 0x00, 0x00, 0x00, 0x00, 0x00, 0x00, 0x00, 0x00, 0x00, 0x00, 0x00,
    0x00, 0x00, 0x00, 0x00, 0x00, 0x00, 0x00, 0x00, 0x00, 0x00, 0x00, 0x00,
    0x00, 0x00, 0x00, 0x00, 0x00, 0x00, 0x00, 0x00, 0x00, 0x00, 0x00, 0x00,
    0x00, 0x00, 0x00, 0x00, 0x00, 0x00, 0x00, 0x00, 0x00, 0x00, 0x00, 0x00,
    0x00, 0x00, 0x00, 0x00, 0x00, 0x00, 0x00, 0x00, 0x00, 0x00, 0x00, 0x00,
    0x00, 0x00, 0x00, 0x00, 0x00, 0x00, 0x00, 0x00, 0x00, 0x00, 0x00, 0x00,
    0x00, 0x00, 0x00, 0x00, 0x00, 0x00, 0x00, 0x00, 0x00, 0x00, 0x00, 0x00,
    0x00, 0x00, 0x00, 0x00, 0x00, 0x00, 0x00, 0x00, 0x00, 0x00, 0x00, 0x00,
    0x00, 0x00, 0x00, 0x00, 0x00, 0x00, 0x00, 0x00, 0x00, 0x00, 0x00, 0x00,
    0x00, 0x00, 0x00, 0x00, 0x00, 0x00, 0x00, 0x00, 0x00, 0x00, 0x00, 0x00,
    0x00, 0x00, 0x00, 0x00, 0x00, 0x00, 0x00, 0x00, 0x00, 0x00, 0x00, 0x00,
    0x00, 0x00, 0x00, 0x00, 0x00, 0x00, 0x00, 0x00, 0x00, 0x00, 0x00, 0x00,
    0x00, 0x00, 0x00, 0x00, 0x00, 0x00, 0x00, 0x00, 0x00, 0x00, 0x00, 0x00,
    0x00, 0x00, 0x00, 0x00, 0x00, 0x00, 0x00, 0x00, 0x00, 0x00, 0x00, 0x00,
    0x00, 0x00, 0x00, 0x00, 0x00, 0x00, 0x00, 0x00, 0x00, 0x00, 0x00, 0x00,
    0x00, 0x00, 0x00, 0x00, 0x00, 0x00, 0x00, 0x00, 0x00, 0x00, 0x00, 0x00,
    0x00, 0x00, 0x00, 0x00, 0x00, 0x00, 0x00, 0x00, 0x00, 0x00, 0x00, 0x00,
    0x00, 0x00, 0x00, 0x00, 0x00, 0x00, 0x00, 0x00, 0x00, 0x00, 0x00, 0x00,
    0x00, 0x00, 0x00, 0x00, 0x00, 0x00, 0x00, 0x00, 0x00, 0x00, 0x00, 0x00,
    0x00, 0x00, 0x00, 0x00, 0x00, 0x00, 0x00, 0x00, 0x00, 0x00, 0x00, 0x00,
    0x00, 0x00, 0x00, 0x00, 0x00, 0x00, 0x00, 0x00, 0x00, 0x00, 0x00, 0x00,
    0x00, 0x00, 0x00, 0x00, 0x00, 0x00, 0x00, 0x00, 0x00, 0x00, 0x00, 0x00,
    0x00, 0x00, 0x00, 0x00, 0x00, 0x00, 0x00, 0x00, 0x00, 0x00, 0x00, 0x00,
    0x00, 0x00, 0x00, 0x00, 0x00, 0x00, 0x00, 0x00, 0x00, 0x00, 0x00, 0x00,
    0x00, 0x00, 0x00, 0x00, 0x00, 0x00, 0x00, 0x00, 0x00, 0x00, 0x00, 0x00,
    0x00, 0x00, 0x00, 0x00, 0x00, 0x00, 0x00, 0x00, 0x00, 0x00, 0x00, 0x00,
    0x00, 0x00, 0x00, 0x00, 0x00, 0x00, 0x00, 0x00, 0x00, 0x00, 0x00, 0x00,
    0x00, 0x00, 0x00, 0x00, 0x00, 0x00, 0x00, 0x00, 0x00, 0x00, 0x00, 0x00,
    0x00, 0x00, 0x00, 0x00, 0x00, 0x00, 0x00, 0x00, 0x00, 0x00, 0x00, 0x00,
    0x00, 0x00, 0x00, 0x00, 0x00, 0x00, 0x00, 0x00, 0x00, 0x00, 0x00, 0x00,
    0x00, 0x00, 0x00, 0x00, 0x00, 0x00, 0x00, 0x00, 0x00, 0x00, 0x00, 0x00,
    0x00, 0x00, 0x00, 0x00, 0x00, 0x00, 0x00, 0x00, 0x00, 0x00, 0x00, 0x00,
    0x00, 0x00, 0x00, 0x00, 0x00, 0x00, 0x00, 0x00, 0x00, 0x00, 0x00, 0x00,
    0x00, 0x00, 0x00, 0x00, 0x00, 0x00, 0x00, 0x00, 0x00, 0x00, 0x00, 0x00,
    0x00, 0x00, 0x00, 0x00, 0x00, 0x00, 0x00, 0x00, 0x00, 0x00, 0x00, 0x00,
    0x00, 0x00, 0x00, 0x00, 0x00, 0x00, 0x00, 0x00, 0x00, 0x00, 0x00, 0x00,
    0x00, 0x00, 0x00, 0x00, 0x00, 0x00, 0x00, 0x00, 0x00, 0x00, 0x00, 0x00,
    0x00, 0x00, 0x00, 0x00, 0x00, 0x00, 0x00, 0x00, 0x00, 0x00, 0x00, 0x00,
    0x00, 0x00, 0x00, 0x00, 0x00, 0x00, 0x00, 0x00, 0x00, 0x00, 0x00, 0x00,
    0x00, 0x00, 0x00, 0x00, 0x00, 0x00, 0x00, 0x00, 0x00, 0x00, 0x00, 0x00,
    0x00, 0x00, 0x00, 0x00, 0x00, 0x00, 0x00, 0x00, 0x00, 0x00, 0x00, 0x00,
    0x00, 0x00, 0x00, 0x00, 0x00, 0x00, 0x00, 0x00, 0x00, 0x00, 0x00, 0x00,
    0x00, 0x00, 0x00, 0x00, 0x00, 0x00, 0x00, 0x00, 0x00, 0x00, 0x00, 0x00,
    0x00, 0x00, 0x00, 0x00, 0x00, 0x00, 0x00, 0x00, 0x00, 0x00, 0x00, 0x00,
    0x00, 0x00, 0x00, 0x00, 0x00, 0x00, 0x00, 0x00, 0x00, 0x00, 0x00, 0x00,
    0x00, 0x00, 0x00, 0x00, 0x00, 0x00, 0x00, 0x00, 0x00, 0x00, 0x00, 0x00,
    0x00, 0x00, 0x00, 0x00, 0x00, 0x00, 0x00, 0x00, 0x00, 0x00, 0x00, 0x00,
    0x00, 0x00, 0x00, 0x00, 0x00, 0x00, 0x00, 0x00, 0x00, 0x00, 0x00, 0x00,
    0x00, 0x00, 0x00, 0x00, 0x00, 0x00, 0x00, 0x00, 0x00, 0x00, 0x00, 0x00,
    0x00, 0x00, 0x00, 0x00, 0x00, 0x00, 0x00, 0x00, 0x00, 0x00, 0x00, 0x00,
    0x00, 0x00, 0x00, 0x00, 0x00, 0x00, 0x00, 0x00, 0x00, 0x00, 0x00, 0x00,
    0x00, 0x00, 0x00, 0x00, 0x28, 0xe8, 0xf0, 0x82, 0x28, 0xe8, 0xf0, 0x82,
    0x00, 0x00, 0x00, 0x00, 0x00, 0x00, 0x00, 0x00, 0x00, 0x00, 0x00, 0x00,
    0x00, 0x00, 0x00, 0x00, 0x00, 0x00, 0x00, 0x00, 0x00, 0x00, 0x00, 0x00,
    0x00, 0x00, 0x00, 0x00, 0x00, 0x00, 0x00, 0x00, 0x00, 0x00, 0x00, 0x00,
    0x00, 0x00, 0x00, 0x00, 0x00, 0x00, 0x00, 0x00, 0x00, 0x00, 0x00, 0x00,
    0x00, 0x00, 0x00, 0x00, 0x00, 0x00, 0x00, 0x00, 0x00, 0x00, 0x00, 0x00,
    0x00, 0x00, 0x00, 0x00, 0x00, 0x00, 0x00, 0x00, 0x00, 0x00, 0x00, 0x00,
    0x00, 0x00, 0x00, 0x00, 0x00, 0x00, 0x00, 0x00, 0x00, 0x00, 0x00, 0x00,
    0x00, 0x00, 0x00, 0x00, 0x00, 0x00, 0x00, 0x00, 0x00, 0x00, 0x00, 0x00,
    0x00, 0x00, 0x00, 0x00, 0x00, 0x00, 0x00, 0x00, 0x00, 0x00, 0x00, 0x00,
    0x00, 0x00, 0x00, 0x00, 0x00, 0x00, 0x00, 0x00, 0x00, 0x00, 0x00, 0x00,
    0x00, 0x00, 0x00, 0x00, 0x00, 0x00, 0x00, 0x00, 0x00, 0x00, 0x00, 0x00,
    0x00, 0x00, 0x00, 0x00, 0x00, 0x00, 0x00, 0x00, 0x00, 0x00, 0x00, 0x00,
    0x00, 0x00, 0x00, 0x00, 0x00, 0x00, 0x00, 0x00, 0x00, 0x00, 0x00, 0x00,
    0x00, 0x00, 0x00, 0x00, 0x00, 0x00, 0x00, 0x00, 0x00, 0x00, 0x00, 0x00,
    0x00, 0x00, 0x00, 0x00, 0x00, 0x00, 0x00, 0x00, 0x00, 0x00, 0x00, 0x00,
    0x00, 0x00, 0x00, 0x00, 0x00, 0x00, 0x00, 0x00, 0x00, 0x00, 0x00, 0x00,
    0x00, 0x00, 0x00, 0x00, 0x00, 0x00, 0x00, 0x00, 0x00, 0x00, 0x00, 0x00,
    0x00, 0x00, 0x00, 0x00, 0x00, 0x00, 0x00, 0x00, 0x00, 0x00, 0x00, 0x00,
    0x00, 0x00, 0x00, 0x00, 0x00, 0x00, 0x00, 0x00, 0x00, 0x00, 0x00, 0x00,
    0x00, 0x00, 0x00, 0x00, 0x00, 0x00, 0x00, 0x00, 0x00, 0x00, 0x00, 0x00,
    0x00, 0x00, 0x00, 0x00, 0x28, 0xe8, 0xf0, 0x82, 0x28, 0xe8, 0xf8, 0xff,
    0x28, 0xec, 0xf8, 0xff, 0x28, 0xe8, 0xf0, 0x86, 0x00, 0x00, 0x00, 0x00,
    0x00, 0x00, 0x00, 0x00, 0x00, 0x00, 0x00, 0x00, 0x00, 0x00, 0x00, 0x00,
    0x00, 0x00, 0x00, 0x00, 0x00, 0x00, 0x00, 0x00, 0x00, 0x00, 0x00, 0x00,
    0x00, 0x00, 0x00, 0x00, 0x00, 0x00, 0x00, 0x00, 0x00, 0x00, 0x00, 0x00,
    0x00, 0x00, 0x00, 0x00, 0x00, 0x00, 0x00, 0x00, 0x00, 0x00, 0x00, 0x00,
    0x00, 0x00, 0x00, 0x00, 0x00, 0x00, 0x00, 0x00, 0x00, 0x00, 0x00, 0x00,
    0x00, 0x00, 0x00, 0x00, 0x00, 0x00, 0x00, 0x00, 0x00, 0x00, 0x00, 0x00,
    0x00, 0x00, 0x00, 0x00, 0x00, 0x00, 0x00, 0x00, 0x00, 0x00, 0x00, 0x00,
    0x00, 0x00, 0x00, 0x00, 0x00, 0x00, 0x00, 0x00, 0x00, 0x00, 0x00, 0x00,
    0x00, 0x00, 0x00, 0x00, 0x00, 0x00, 0x00, 0x00, 0x00, 0x00, 0x00, 0x00,
    0x00, 0x00, 0x00, 0x00, 0x00, 0x00, 0x00, 0x00, 0x00, 0x00, 0x00, 0x00,
    0x00, 0x00, 0x00, 0x00, 0x00, 0x00, 0x00, 0x00, 0x00, 0x00, 0x00, 0x00,
    0x00, 0x00, 0x00, 0x00, 0x00, 0x00, 0x00, 0x00, 0x00, 0x00, 0x00, 0x00,
    0x00, 0x00, 0x00, 0x00, 0x00, 0x00, 0x00, 0x00, 0x00, 0x00, 0x00, 0x00,
    0x00, 0x00, 0x00, 0x00, 0x00, 0x00, 0x00, 0x00, 0x00, 0x00, 0x00, 0x00,
    0x00, 0x00, 0x00, 0x00, 0x00, 0x00, 0x00, 0x00, 0x00, 0x00, 0x00, 0x00,
    0x00, 0x00, 0x00, 0x00, 0x00, 0x00, 0x00, 0x00, 0x00, 0x00, 0x00, 0x00,
    0x00, 0x00, 0x00, 0x00, 0x00, 0x00, 0x00, 0x00, 0x00, 0x00, 0x00, 0x00,
    0x00, 0x00, 0x00, 0x00, 0x00, 0x00, 0x00, 0x00, 0x00, 0x00, 0x00, 0x00,
    0x00, 0x00, 0x00, 0x00, 0x00, 0x00, 0x00, 0x00, 0x00, 0x00, 0x00, 0x00,
    0x00, 0x00, 0x00, 0x00, 0x28, 0xe8, 0xf0, 0x82, 0x28, 0xec, 0xf8, 0xff,
    0x28, 0xec, 0xf0, 0xff, 0x30, 0xe8, 0xf8, 0xff, 0x28, 0xec, 0xf8, 0xff,
    0x28, 0xe8, 0xf0, 0x8a, 0x00, 0x00, 0x00, 0x00, 0x00, 0x00, 0x00, 0x00,
    0x00, 0x00, 0x00, 0x00, 0x00, 0x00, 0x00, 0x00, 0x00, 0x00, 0x00, 0x00,
    0x00, 0x00, 0x00, 0x00, 0x00, 0x00, 0x00, 0x00, 0x00, 0x00, 0x00, 0x00,
    0x00, 0x00, 0x00, 0x00, 0x00, 0x00, 0x00, 0x00, 0x00, 0x00, 0x00, 0x00,
    0x00, 0x00, 0x00, 0x00, 0x00, 0x00, 0x00, 0x00, 0x00, 0x00, 0x00, 0x00,
    0x00, 0x00, 0x00, 0x00, 0x00, 0x00, 0x00, 0x00, 0x00, 0x00, 0x00, 0x00,
    0x00, 0x00, 0x00, 0x00, 0x00, 0x00, 0x00, 0x00, 0x00, 0x00, 0x00, 0x00,
    0x00, 0x00, 0x00, 0x00, 0x00, 0x00, 0x00, 0x00, 0x00, 0x00, 0x00, 0x00,
    0x00, 0x00, 0x00, 0x00, 0x00, 0x00, 0x00, 0x00, 0x00, 0x00, 0x00, 0x00,
    0x00, 0x00, 0x00, 0x00, 0x00, 0x00, 0x00, 0x00, 0x00, 0x00, 0x00, 0x00,
    0x00, 0x00, 0x00, 0x00, 0x00, 0x00, 0x00, 0x00, 0x00, 0x00, 0x00, 0x00,
    0x00, 0x00, 0x00, 0x00, 0x00, 0x00, 0x00, 0x00, 0x00, 0x00, 0x00, 0x00,
    0x00, 0x00, 0x00, 0x00, 0x00, 0x00, 0x00, 0x00, 0x00, 0x00, 0x00, 0x00,
    0x00, 0x00, 0x00, 0x00, 0x00, 0x00, 0x00, 0x00, 0x00, 0x00, 0x00, 0x00,
    0x00, 0x00, 0x00, 0x00, 0x00, 0x00, 0x00, 0x00, 0x00, 0x00, 0x00, 0x00,
    0x00, 0x00, 0x00, 0x00, 0x00, 0x00, 0x00, 0x00, 0x00, 0x00, 0x00, 0x00,
    0x00, 0x00, 0x00, 0x00, 0x00, 0x00, 0x00, 0x00, 0x00, 0x00, 0x00, 0x00,
    0x00, 0x00, 0x00, 0x00, 0x00, 0x00, 0x00, 0x00, 0x00, 0x00, 0x00, 0x00,
    0x00, 0x00, 0x00, 0x00, 0x00, 0x00, 0x00, 0x00, 0x00, 0x00, 0x00, 0x00,
    0x00, 0x00, 0x00, 0x00, 0x28, 0xe8, 0xf0, 0x82, 0x28, 0xe8, 0xf8, 0xff,
    0x28, 0xec, 0xf0, 0xff, 0x30, 0xe8, 0xf0, 0xff, 0x28, 0xe8, 0xf8, 0xff,
    0x28, 0xec, 0xf0, 0xff, 0x28, 0xec, 0xf8, 0xff, 0x28, 0xe8, 0xf8, 0x92,
    0x00, 0x00, 0x00, 0x00, 0x00, 0x00, 0x00, 0x00, 0x00, 0x00, 0x00, 0x00,
    0x00, 0x00, 0x00, 0x00, 0x00, 0x00, 0x00, 0x00, 0x00, 0x00, 0x00, 0x00,
    0x00, 0x00, 0x00, 0x00, 0x00, 0x00, 0x00, 0x00, 0x00, 0x00, 0x00, 0x00,
    0x00, 0x00, 0x00, 0x00, 0x00, 0x00, 0x00, 0x00, 0x00, 0x00, 0x00, 0x00,
    0x00, 0x00, 0x00, 0x00, 0x00, 0x00, 0x00, 0x00, 0x00, 0x00, 0x00, 0x00,
    0x00, 0x00, 0x00, 0x00, 0x00, 0x00, 0x00, 0x00, 0x00, 0x00, 0x00, 0x00,
    0x00, 0x00, 0x00, 0x00, 0x00, 0x00, 0x00, 0x00, 0x00, 0x00, 0x00, 0x00,
    0x00, 0x00, 0x00, 0x00, 0x00, 0x00, 0x00, 0x00, 0x00, 0x00, 0x00, 0x00,
    0x00, 0x00, 0x00, 0x00, 0x00, 0x00, 0x00, 0x00, 0x00, 0x00, 0x00, 0x00,
    0x00, 0x00, 0x00, 0x00, 0x00, 0x00, 0x00, 0x00, 0x00, 0x00, 0x00, 0x00,
    0x00, 0x00, 0x00, 0x00, 0x00, 0x00, 0x00, 0x00, 0x00, 0x00, 0x00, 0x00,
    0x00, 0x00, 0x00, 0x00, 0x00, 0x00, 0x00, 0x00, 0x00, 0x00, 0x00, 0x00,
    0x00, 0x00, 0x00, 0x00, 0x00, 0x00, 0x00, 0x00, 0x00, 0x00, 0x00, 0x00,
    0x00, 0x00, 0x00, 0x00, 0x00, 0x00, 0x00, 0x00, 0x00, 0x00, 0x00, 0x00,
    0x00, 0x00, 0x00, 0x00, 0x00, 0x00, 0x00, 0x00, 0x00, 0x00, 0x00, 0x00,
    0x00, 0x00, 0x00, 0x00, 0x00, 0x00, 0x00, 0x00, 0x00, 0x00, 0x00, 0x00,
    0x00, 0x00, 0x00, 0x00, 0x00, 0x00, 0x00, 0x00, 0x00, 0x00, 0x00, 0x00,
    0x00, 0x00, 0x00, 0x00, 0x00, 0x00, 0x00, 0x00, 0x00, 0x00, 0x00, 0x00,
    0x00, 0x00, 0x00, 0x00, 0x28, 0xe8, 0xf0, 0x82, 0x28, 0xec, 0xf8, 0xff,
    0x28, 0xe8, 0xf8, 0xff, 0x30, 0xec, 0xf0, 0xff, 0x28, 0xe8, 0xf8, 0xff,
    0x28, 0xec, 0xf0, 0xff, 0x30, 0xe8, 0xf0, 0xff, 0x28, 0xe8, 0xf8, 0xff,
    0x28, 0xec, 0xf0, 0xff, 0x30, 0xec, 0xf8, 0x96, 0x00, 0x00, 0x00, 0x00,
    0x00, 0x00, 0x00, 0x00, 0x00, 0x00, 0x00, 0x00, 0x00, 0x00, 0x00, 0x00,
    0x00, 0x00, 0x00, 0x00, 0x00, 0x00, 0x00, 0x00, 0x00, 0x00, 0x00, 0x00,
    0x00, 0x00, 0x00, 0x00, 0x00, 0x00, 0x00, 0x00, 0x00, 0x00, 0x00, 0x00,
    0x00, 0x00, 0x00, 0x00, 0x00, 0x00, 0x00, 0x00, 0x00, 0x00, 0x00, 0x00,
    0x00, 0x00, 0x00, 0x00, 0x00, 0x00, 0x00, 0x00, 0x00, 0x00, 0x00, 0x00,
    0x00, 0x00, 0x00, 0x00, 0x00, 0x00, 0x00, 0x00, 0x00, 0x00, 0x00, 0x00,
    0x00, 0x00, 0x00, 0x00, 0x00, 0x00, 0x00, 0x00, 0x00, 0x00, 0x00, 0x00,
    0x00, 0x00, 0x00, 0x00, 0x00, 0x00, 0x00, 0x00, 0x00, 0x00, 0x00, 0x00,
    0x00, 0x00, 0x00, 0x00, 0x00, 0x00, 0x00, 0x00, 0x00, 0x00, 0x00, 0x00,
    0x00, 0x00, 0x00, 0x00, 0x00, 0x00, 0x00, 0x00, 0x00, 0x00, 0x00, 0x00,
    0x00, 0x00, 0x00, 0x00, 0x00, 0x00, 0x00, 0x00, 0x00, 0x00, 0x00, 0x00,
    0x00, 0x00, 0x00, 0x00, 0x00, 0x00, 0x00, 0x00, 0x00, 0x00, 0x00, 0x00,
    0x00, 0x00, 0x00, 0x00, 0x00, 0x00, 0x00, 0x00, 0x00, 0x00, 0x00, 0x00,
    0x00, 0x00, 0x00, 0x00, 0x00, 0x00, 0x00, 0x00, 0x00, 0x00, 0x00, 0x00,
    0x00, 0x00, 0x00, 0x00, 0x00, 0x00, 0x00, 0x00, 0x00, 0x00, 0x00, 0x00,
    0x00, 0x00, 0x00, 0x00, 0x00, 0x00, 0x00, 0x00, 0x00, 0x00, 0x00, 0x00,
    0x00, 0x00, 0x00, 0x00, 0x00, 0x00, 0x00, 0x00, 0x00, 0x00, 0x00, 0x00,
    0x00, 0x00, 0x00, 0x00, 0x28, 0xe8, 0xf0, 0x82, 0x28, 0xec, 0xf8, 0xff,
    0x28, 0xe8, 0xf0, 0xff, 0x30, 0xec, 0xf0, 0xff, 0x28, 0xe8, 0xf8, 0xff,
    0x28, 0xec, 0xf8, 0xff, 0x28, 0xec, 0xf0, 0xff, 0x28, 0xe8, 0xf8, 0xff,
    0x30, 0xec, 0xf0, 0xff, 0x28, 0xe8, 0xf0, 0xff, 0x28, 0xe8, 0xf0, 0xff,
    0x28, 0xec, 0xf0, 0x9a, 0x00, 0x00, 0x00, 0x00, 0x00, 0x00, 0x00, 0x00,
    0x00, 0x00, 0x00, 0x00, 0x00, 0x00, 0x00, 0x00, 0x00, 0x00, 0x00, 0x00,
    0x00, 0x00, 0x00, 0x00, 0x00, 0x00, 0x00, 0x00, 0x00, 0x00, 0x00, 0x00,
    0x00, 0x00, 0x00, 0x00, 0x00, 0x00, 0x00, 0x00, 0x00, 0x00, 0x00, 0x00,
    0x00, 0x00, 0x00, 0x00, 0x00, 0x00, 0x00, 0x00, 0x00, 0x00, 0x00, 0x00,
    0x00, 0x00, 0x00, 0x00, 0x00, 0x00, 0x00, 0x00, 0x00, 0x00, 0x00, 0x00,
    0x00, 0x00, 0x00, 0x00, 0x00, 0x00, 0x00, 0x00, 0x00, 0x00, 0x00, 0x00,
    0x00, 0x00, 0x00, 0x00, 0x00, 0x00, 0x00, 0x00, 0x00, 0x00, 0x00, 0x00,
    0x00, 0x00, 0x00, 0x00, 0x00, 0x00, 0x00, 0x00, 0x00, 0x00, 0x00, 0x00,
    0x00, 0x00, 0x00, 0x00, 0x00, 0x00, 0x00, 0x00, 0x00, 0x00, 0x00, 0x00,
    0x00, 0x00, 0x00, 0x00, 0x00, 0x00, 0x00, 0x00, 0x00, 0x00, 0x00, 0x00,
    0x00, 0x00, 0x00, 0x00, 0x00, 0x00, 0x00, 0x00, 0x00, 0x00, 0x00, 0x00,
    0x00, 0x00, 0x00, 0x00, 0x00, 0x00, 0x00, 0x00, 0x00, 0x00, 0x00, 0x00,
    0x00, 0x00, 0x00, 0x00, 0x00, 0x00, 0x00, 0x00, 0x00, 0x00, 0x00, 0x00,
    0x00, 0x00, 0x00, 0x00, 0x00, 0x00, 0x00, 0x00, 0x00, 0x00, 0x00, 0x00,
    0x00, 0x00, 0x00, 0x00, 0x00, 0x00, 0x00, 0x00, 0x00, 0x00, 0x00, 0x00,
    0x00, 0x00, 0x00, 0x00, 0x00, 0x00, 0x00, 0x00, 0x00, 0x00, 0x00, 0x00,
    0x00, 0x00, 0x00, 0x00, 0x28, 0xe8, 0xf0, 0x82, 0x28, 0xe8, 0xf8, 0xff,
    0x30, 0xec, 0xf8, 0xff, 0x28, 0xe8, 0xf0, 0xff, 0x28, 0xe8, 0xf0, 0xff,
    0x28, 0xec, 0xf8, 0xff, 0x30, 0xe8, 0xf0, 0xff, 0x28, 0xe8, 0xf8, 0xff,
    0x28, 0xec, 0xf8, 0xff, 0x28, 0xec, 0xf8, 0xff, 0x28, 0xe8, 0xf8, 0xff,
    0x28, 0xe8, 0xf8, 0xff, 0x28, 0xec, 0xf0, 0xff, 0x28, 0xe8, 0xf8, 0x9e,
    0x00, 0x00, 0x00, 0x00, 0x00, 0x00, 0x00, 0x00, 0x00, 0x00, 0x00, 0x00,
    0x00, 0x00, 0x00, 0x00, 0x00, 0x00, 0x00, 0x00, 0x00, 0x00, 0x00, 0x00,
    0x00, 0x00, 0x00, 0x00, 0x00, 0x00, 0x00, 0x00, 0x00, 0x00, 0x00, 0x00,
    0x00, 0x00, 0x00, 0x00, 0x00, 0x00, 0x00, 0x00, 0x00, 0x00, 0x00, 0x00,
    0x00, 0x00, 0x00, 0x00, 0x00, 0x00, 0x00, 0x00, 0x00, 0x00, 0x00, 0x00,
    0x00, 0x00, 0x00, 0x00, 0x00, 0x00, 0x00, 0x00, 0x00, 0x00, 0x00, 0x00,
    0x00, 0x00, 0x00, 0x00, 0x00, 0x00, 0x00, 0x00, 0x00, 0x00, 0x00, 0x00,
    0x00, 0x00, 0x00, 0x00, 0x00, 0x00, 0x00, 0x00, 0x00, 0x00, 0x00, 0x00,
    0x00, 0x00, 0x00, 0x00, 0x00, 0x00, 0x00, 0x00, 0x00, 0x00, 0x00, 0x00,
    0x00, 0x00, 0x00, 0x00, 0x00, 0x00, 0x00, 0x00, 0x00, 0x00, 0x00, 0x00,
    0x00, 0x00, 0x00, 0x00, 0x00, 0x00, 0x00, 0x00, 0x00, 0x00, 0x00, 0x00,
    0x00, 0x00, 0x00, 0x00, 0x00, 0x00, 0x00, 0x00, 0x00, 0x00, 0x00, 0x00,
    0x00, 0x00, 0x00, 0x00, 0x00, 0x00, 0x00, 0x00, 0x00, 0x00, 0x00, 0x00,
    0x00, 0x00, 0x00, 0x00, 0x00, 0x00, 0x00, 0x00, 0x00, 0x00, 0x00, 0x00,
    0x00, 0x00, 0x00, 0x00, 0x00, 0x00, 0x00, 0x00, 0x00, 0x00, 0x00, 0x00,
    0x00, 0x00, 0x00, 0x00, 0x00, 0x00, 0x00, 0x00, 0x00, 0x00, 0x00, 0x00,
    0x00, 0x00, 0x00, 0x00, 0x28, 0xe8, 0xf0, 0x82, 0x28, 0xec, 0xf8, 0xff,
    0x28, 0xe8, 0xf0, 0xff, 0x28, 0xec, 0xf8, 0xff, 0x30, 0xec, 0xf8, 0xff,
    0x28, 0xe8, 0xf0, 0xff, 0x28, 0xec, 0xf8, 0xff, 0x28, 0xec, 0xf0, 0xff,
    0x30, 0xe8, 0xf0, 0xff, 0x28, 0xe8, 0xf0, 0xff, 0x28, 0xec, 0xf0, 0xff,
    0x30, 0xec, 0xf8, 0xff, 0x30, 0xe8, 0xf0, 0xff, 0x28, 0xec, 0xf8, 0xff,
    0x28, 0xe8, 0xf0, 0xff, 0x28, 0xec, 0xf0, 0xa6, 0x00, 0x00, 0x00, 0x00,
    0x00, 0x00, 0x00, 0x00, 0x00, 0x00, 0x00, 0x00, 0x00, 0x00, 0x00, 0x00,
    0x00, 0x00, 0x00, 0x00, 0x00, 0x00, 0x00, 0x00, 0x00, 0x00, 0x00, 0x00,
    0x00, 0x00, 0x00, 0x00, 0x00, 0x00, 0x00, 0x00, 0x00, 0x00, 0x00, 0x00,
    0x00, 0x00, 0x00, 0x00, 0x00, 0x00, 0x00, 0x00, 0x00, 0x00, 0x00, 0x00,
    0x00, 0x00, 0x00, 0x00, 0x00, 0x00, 0x00, 0x00, 0x00, 0x00, 0x00, 0x00,
    0x00, 0x00, 0x00, 0x00, 0x00, 0x00, 0x00, 0x00, 0x00, 0x00, 0x00, 0x00,
    0x00, 0x00, 0x00, 0x00, 0x00, 0x00, 0x00, 0x00, 0x00, 0x00, 0x00, 0x00,
    0x00, 0x00, 0x00, 0x00, 0x00, 0x00, 0x00, 0x00, 0x00, 0x00, 0x00, 0x00,
    0x00, 0x00, 0x00, 0x00, 0x00, 0x00, 0x00, 0x00, 0x00, 0x00, 0x00, 0x00,
    0x00, 0x00, 0x00, 0x00, 0x00, 0x00, 0x00, 0x00, 0x00, 0x00, 0x00, 0x00,
    0x00, 0x00, 0x00, 0x00, 0x00, 0x00, 0x00, 0x00, 0x00, 0x00, 0x00, 0x00,
    0x28, 0xec, 0xf8, 0x7d, 0x28, 0xec, 0xf8, 0x7d, 0x28, 0xec, 0xf0, 0x82,
    0x28, 0xec, 0xf8, 0x7d, 0x28, 0xe8, 0xf0, 0x82, 0x28, 0xec, 0xf8, 0x7d,
    0x28, 0xec, 0xf8, 0x7d, 0x28, 0xe8, 0xf0, 0x82, 0x28, 0xe8, 0xf0, 0x82,
    0x28, 0xe8, 0xf0, 0x82, 0x28, 0xe8, 0xf0, 0x7d, 0x28, 0xe8, 0xf0, 0x82,
    0x28, 0xe8, 0xf0, 0x82, 0x28, 0xe8, 0xf0, 0x7d, 0x28, 0xec, 0xf8, 0xff,
    0x30, 0xe8, 0xf0, 0xff, 0x28, 0xec, 0xf0, 0xff, 0x28, 0xe8, 0xf8, 0xff,
    0x28, 0xec, 0xf0, 0xff, 0x30, 0xe8, 0xf8, 0xff, 0x28, 0xe8, 0xf8, 0xff,
    0x28, 0xec, 0xf0, 0xff, 0x28, 0xec, 0xf8, 0xff, 0x30, 0xe8, 0xf8, 0xff,
    0x28, 0xe8, 0xf0, 0xff, 0x28, 0xec, 0xf0, 0xff, 0x28, 0xec, 0xf8, 0xff,
    0x30, 0xe8, 0xf0, 0xff, 0x28, 0xec, 0xf8, 0xff, 0x28, 0xe8, 0xf8, 0xff,
    0x28, 0xe8, 0xf0, 0xaa, 0x28, 0xe8, 0xf0, 0x82, 0x28, 0xe8, 0xf0, 0x82,
    0x28, 0xe8, 0xf0, 0x7d, 0x28, 0xe8, 0xf0, 0x82, 0x28, 0xe8, 0xf0, 0x82,
    0x28, 0xe8, 0xf0, 0x82, 0x28, 0xe8, 0xf0, 0x7d, 0x28, 0xe8, 0xf0, 0x82,
    0x28, 0xe8, 0xf0, 0x82, 0x28, 0xe8, 0xf0, 0x82, 0x28, 0xe8, 0xf0, 0x7d,
    0x28, 0xe8, 0xf0, 0x82, 0x00, 0x00, 0x00, 0x00, 0x00, 0x00, 0x00, 0x00,
    0x00, 0x00, 0x00, 0x00, 0x00, 0x00, 0x00, 0x00, 0x00, 0x00, 0x00, 0x00,
    0x00, 0x00, 0x00, 0x00, 0x00, 0x00, 0x00, 0x00, 0x00, 0x00, 0x00, 0x00,
    0x00, 0x00, 0x00, 0x00, 0x00, 0x00, 0x00, 0x00, 0x00, 0x00, 0x00, 0x00,
    0x00, 0x00, 0x00, 0x00, 0x00, 0x00, 0x00, 0x00, 0x00, 0x00, 0x00, 0x00,
    0x00, 0x00, 0x00, 0x00, 0x00, 0x00, 0x00, 0x00, 0x00, 0x00, 0x00, 0x00,
    0x00, 0x00, 0x00, 0x00, 0x00, 0x00, 0x00, 0x00, 0x00, 0x00, 0x00, 0x00,
    0x00, 0x00, 0x00, 0x00, 0x28, 0xe8, 0xf0, 0xbe, 0x28, 0xe8, 0xf0, 0xff,
    0x28, 0xe8, 0xf8, 0xff, 0x28, 0xe8, 0xf0, 0xff, 0x28, 0xe8, 0xf0, 0xff,
    0x28, 0xe8, 0xf8, 0xff, 0x28, 0xe8, 0xf0, 0xff, 0x28, 0xec, 0xf8, 0xff,
    0x28, 0xe8, 0xf8, 0xff, 0x28, 0xec, 0xf8, 0xff, 0x28, 0xec, 0xf8, 0xff,
    0x28, 0xe8, 0xf8, 0xff, 0x30, 0xec, 0xf8, 0xff, 0x28, 0xec, 0xf8, 0xff,
    0x28, 0xe8, 0xf8, 0xff, 0x30, 0xe8, 0xf0, 0xff, 0x28, 0xec, 0xf8, 0xff,
    0x28, 0xe8, 0xf0, 0xff, 0x28, 0xec, 0xf0, 0xff, 0x28, 0xec, 0xf8, 0xff,
    0x30, 0xe8, 0xf0, 0xff, 0x28, 0xe8, 0xf0, 0xff, 0x28, 0xec, 0xf8, 0xff,
    0x28, 0xec, 0xf8, 0xff, 0x30, 0xe8, 0xf0, 0xff, 0x28, 0xe8, 0xf8, 0xff,
    0x28, 0xec, 0xf8, 0xff, 0x28, 0xe8, 0xf0, 0xff, 0x30, 0xec, 0xf8, 0xff,
    0x28, 0xec, 0xf8, 0xff, 0x30, 0xec, 0xf0, 0xff, 0x28, 0xec, 0xf8, 0xff,
    0x28, 0xe8, 0xf8, 0xff, 0x30, 0xec, 0xf8, 0xff, 0x28, 0xec, 0xf8, 0xff,
    0x28, 0xe8, 0xf8, 0xff, 0x28, 0xec, 0xf8, 0xff, 0x28, 0xec, 0xf8, 0xff,
    0x28, 0xe8, 0xf8, 0xff, 0x28, 0xec, 0xf8, 0xff, 0x28, 0xec, 0xf8, 0xff,
    0x28, 0xe8, 0xf8, 0xff, 0x28, 0xec, 0xf8, 0xbe, 0x00, 0x00, 0x00, 0x00,
    0x00, 0x00, 0x00, 0x00, 0x00, 0x00, 0x00, 0x00, 0x00, 0x00, 0x00, 0x00,
    0x00, 0x00, 0x00, 0x00, 0x00, 0x00, 0x00, 0x00, 0x00, 0x00, 0x00, 0x00,
    0x00, 0x00, 0x00, 0x00, 0x00, 0x00, 0x00, 0x00, 0x00, 0x00, 0x00, 0x00,
    0x00, 0x00, 0x00, 0x00, 0x00, 0x00, 0x00, 0x00, 0x00, 0x00, 0x00, 0x00,
    0x00, 0x00, 0x00, 0x00, 0x00, 0x00, 0x00, 0x00, 0x00, 0x00, 0x00, 0x00,
    0x00, 0x00, 0x00, 0x00, 0x00, 0x00, 0x00, 0x00, 0x00, 0x00, 0x00, 0x00,
    0x00, 0x00, 0x00, 0x00, 0x00, 0x00, 0x00, 0x00, 0x28, 0xe8, 0xf0, 0xbe,
    0x28, 0xec, 0xf8, 0xff, 0x30, 0xec, 0xf8, 0xff, 0x30, 0xe8, 0xf0, 0xff,
    0x28, 0xec, 0xf8, 0xff, 0x30, 0xec, 0xf0, 0xff, 0x30, 0xe8, 0xf0, 0xff,
    0x28, 0xec, 0xf0, 0xff, 0x30, 0xe8, 0xf8, 0xff, 0x30, 0xec, 0xf0, 0xff,
    0x28, 0xe8, 0xf0, 0xff, 0x28, 0xe8, 0xf8, 0xff, 0x30, 0xec, 0xf0, 0xff,
    0x28, 0xe8, 0xf0, 0xff, 0x28, 0xec, 0xf8, 0xff, 0x28, 0xec, 0xf0, 0xff,
    0x30, 0xe8, 0xf8, 0xff, 0x28, 0xe8, 0xf8, 0xff, 0x28, 0xec, 0xf0, 0xff,
    0x30, 0xec, 0xf8, 0xff, 0x28, 0xe8, 0xf0, 0xff, 0x28, 0xec, 0xf8, 0xff,
    0x30, 0xe8, 0xf0, 0xcf, 0x28, 0xec, 0xf0, 0xef, 0x28, 0xec, 0xf8, 0xff,
    0x28, 0xe8, 0xf0, 0xff, 0x28, 0xe8, 0xf0, 0xff, 0x30, 0xec, 0xf8, 0xff,
    0x28, 0xe8, 0xf0, 0xff, 0x28, 0xe8, 0xf0, 0xff, 0x28, 0xec, 0xf8, 0xff,
    0x30, 0xe8, 0xf8, 0xff, 0x28, 0xec, 0xf0, 0xff, 0x28, 0xe8, 0xf0, 0xff,
    0x30, 0xec, 0xf8, 0xff, 0x28, 0xe8, 0xf0, 0xff, 0x30, 0xec, 0xf0, 0xff,
    0x30, 0xe8, 0xf8, 0xff, 0x28, 0xec, 0xf0, 0xff, 0x30, 0xe8, 0xf0, 0xff,
    0x30, 0xec, 0xf8, 0xff, 0x28, 0xe8, 0xf0, 0xff, 0x28, 0xe8, 0xf0, 0xbe,
    0x00, 0x00, 0x00, 0x00, 0x00, 0x00, 0x00, 0x00, 0x00, 0x00, 0x00, 0x00,
    0x00, 0x00, 0x00, 0x00, 0x00, 0x00, 0x00, 0x00, 0x00, 0x00, 0x00, 0x00,
    0x00, 0x00, 0x00, 0x00, 0x00, 0x00, 0x00, 0x00, 0x00, 0x00, 0x00, 0x00,
    0x00, 0x00, 0x00, 0x00, 0x00, 0x00, 0x00, 0x00, 0x00, 0x00, 0x00, 0x00,
    0x00, 0x00, 0x00, 0x00, 0x00, 0x00, 0x00, 0x00, 0x00, 0x00, 0x00, 0x00,
    0x00, 0x00, 0x00, 0x00, 0x00, 0x00, 0x00, 0x00, 0x00, 0x00, 0x00, 0x00,
    0x00, 0x00, 0x00, 0x00, 0x00, 0x00, 0x00, 0x00, 0x00, 0x00, 0x00, 0x00,
    0x28, 0xec, 0xf8, 0xbe, 0x28, 0xe8, 0xf0, 0xff, 0x28, 0xec, 0xf0, 0xff,
    0x28, 0xec, 0xf8, 0xff, 0x28, 0xe8, 0xf8, 0xff, 0x28, 0xec, 0xf8, 0xff,
    0x28, 0xec, 0xf0, 0xff, 0x28, 0xe8, 0xf8, 0xff, 0x28, 0xec, 0xf0, 0xff,
    0x28, 0xe8, 0xf0, 0xff, 0x28, 0xec, 0xf8, 0xff, 0x28, 0xec, 0xf0, 0xff,
    0x28, 0xe8, 0xf0, 0xff, 0x28, 0xe8, 0xf8, 0xff, 0x28, 0xec, 0xf0, 0xff,
    0x28, 0xec, 0xf0, 0xff, 0x28, 0xe8, 0xf8, 0xff, 0x30, 0xec, 0xf0, 0xff,
    0x28, 0xe8, 0xf8, 0xff, 0x28, 0xe8, 0xf0, 0xff, 0x28, 0xec, 0xf8, 0xff,
    0x28, 0xe8, 0xf8, 0xff, 0x28, 0xe8, 0xf0, 0x41, 0x00, 0x00, 0x00, 0x00,
    0x00, 0x00, 0x00, 0x00, 0x30, 0xec, 0xf8, 0x24, 0x28, 0xe8, 0xf0, 0x51,
    0x28, 0xe8, 0xf0, 0x96, 0x28, 0xec, 0xf0, 0xd7, 0x28, 0xe8, 0xf8, 0xff,
    0x28, 0xe8, 0xf0, 0xff, 0x28, 0xec, 0xf0, 0xff, 0x28, 0xe8, 0xf8, 0xff,
    0x28, 0xec, 0xf0, 0xff, 0x28, 0xe8, 0xf0, 0xff, 0x28, 0xec, 0xf8, 0xff,
    0x28, 0xe8, 0xf0, 0xff, 0x28, 0xe8, 0xf0, 0xff, 0x28, 0xec, 0xf8, 0xff,
    0x28, 0xe8, 0xf0, 0xff, 0x28, 0xec, 0xf0, 0xff, 0x28, 0xec, 0xf8, 0xff,
    0x28, 0xe8, 0xf0, 0xbe, 0x00, 0x00, 0x00, 0x00, 0x00, 0x00, 0x00, 0x00,
    0x00, 0x00, 0x00, 0x00, 0x00, 0x00, 0x00, 0x00, 0x00, 0x00, 0x00, 0x00,
    0x00, 0x00, 0x00, 0x00, 0x00, 0x00, 0x00, 0x00, 0x00, 0x00, 0x00, 0x00,
    0x00, 0x00, 0x00, 0x00, 0x00, 0x00, 0x00, 0x00, 0x00, 0x00, 0x00, 0x00,
    0x00, 0x00, 0x00, 0x00, 0x00, 0x00, 0x00, 0x00, 0x00, 0x00, 0x00, 0x00,
    0x00, 0x00, 0x00, 0x00, 0x00, 0x00, 0x00, 0x00, 0x00, 0x00, 0x00, 0x00,
    0x00, 0x00, 0x00, 0x00, 0x00, 0x00, 0x00, 0x00, 0x00, 0x00, 0x00, 0x00,
    0x00, 0x00, 0x00, 0x00, 0x28, 0xe8, 0xf8, 0xbe, 0x28, 0xe8, 0xf0, 0xff,
    0x30, 0xec, 0xf0, 0xff, 0x28, 0xe8, 0xf8, 0xff, 0x28, 0xe8, 0xf0, 0xff,
    0x28, 0xec, 0xf0, 0xff, 0x30, 0xe8, 0xf8, 0xff, 0x28, 0xe8, 0xf8, 0xff,
    0x28, 0xec, 0xf0, 0xff, 0x30, 0xe8, 0xf8, 0xff, 0x28, 0xec, 0xf8, 0xff,
    0x30, 0xec, 0xf0, 0xff, 0x28, 0xe8, 0xf8, 0xff, 0x30, 0xec, 0xf8, 0xff,
    0x30, 0xe8, 0xf0, 0xff, 0x28, 0xe8, 0xf8, 0xff, 0x28, 0xec, 0xf0, 0xff,
    0x28, 0xec, 0xf8, 0xff, 0x30, 0xe8, 0xf0, 0xff, 0x28, 0xec, 0xf0, 0xff,
    0x28, 0xe8, 0xf8, 0xff, 0x30, 0xec, 0xf0, 0xff, 0x28, 0xe8, 0xf0, 0x41,
    0x00, 0x00, 0x00, 0x00, 0x00, 0x00, 0x00, 0x00, 0x00, 0x00, 0x00, 0x00,
    0x00, 0x00, 0x00, 0x00, 0x00, 0x00, 0x00, 0x00, 0x00, 0x00, 0x00, 0x00,
    0x30, 0xec, 0xf8, 0x38, 0x30, 0xec, 0xf8, 0x9e, 0x28, 0xe8, 0xf0, 0xff,
    0x30, 0xec, 0xf8, 0xff, 0x28, 0xe8, 0xf8, 0xff, 0x28, 0xec, 0xf8, 0xff,
    0x30, 0xe8, 0xf8, 0xff, 0x28, 0xec, 0xf0, 0xff, 0x28, 0xec, 0xf8, 0xff,
    0x30, 0xe8, 0xf8, 0xff, 0x28, 0xe8, 0xf8, 0xff, 0x28, 0xec, 0xf0, 0xff,
    0x30, 0xec, 0xf8, 0xff, 0x28, 0xe8, 0xf8, 0xbe, 0x00, 0x00, 0x00, 0x00,
    0x00, 0x00, 0x00, 0x00, 0x00, 0x00, 0x00, 0x00, 0x00, 0x00, 0x00, 0x00,
    0x00, 0x00, 0x00, 0x00, 0x00, 0x00, 0x00, 0x00, 0x00, 0x00, 0x00, 0x00,
    0x00, 0x00, 0x00, 0x00, 0x00, 0x00, 0x00, 0x00, 0x00, 0x00, 0x00, 0x00,
    0x00, 0x00, 0x00, 0x00, 0x00, 0x00, 0x00, 0x00, 0x00, 0x00, 0x00, 0x00,
    0x00, 0x00, 0x00, 0x00, 0x00, 0x00, 0x00, 0x00, 0x00, 0x00, 0x00, 0x00,
    0x00, 0x00, 0x00, 0x00, 0x00, 0x00, 0x00, 0x00, 0x00, 0x00, 0x00, 0x00,
    0x00, 0x00, 0x00, 0x00, 0x00, 0x00, 0x00, 0x00, 0x28, 0xec, 0xf0, 0xbe,
    0x28, 0xe8, 0xf8, 0xff, 0x30, 0xec, 0xf8, 0xff, 0x28, 0xe8, 0xf0, 0xff,
    0x28, 0xec, 0xf8, 0xff, 0x30, 0xec, 0xf0, 0xff, 0x28, 0xe8, 0xf8, 0xff,
    0x28, 0xec, 0xf0, 0xff, 0x30, 0xe8, 0xf8, 0xff, 0x28, 0xe8, 0xf0, 0xff,
    0x28, 0xe8, 0xf8, 0xff, 0x28, 0xec, 0xf0, 0xff, 0x28, 0xe8, 0xf8, 0xff,
    0x28, 0xec, 0xf0, 0xff, 0x28, 0xe8, 0xf8, 0xff, 0x30, 0xe8, 0xf8, 0xff,
    0x28, 0xec, 0xf0, 0xff, 0x28, 0xe8, 0xf8, 0xff, 0x28, 0xec, 0xf8, 0xff,
    0x30, 0xe8, 0xf0, 0xff, 0x28, 0xec, 0xf8, 0xff, 0x28, 0xe8, 0xf8, 0xff,
    0x28, 0xe8, 0xf0, 0x41, 0x00, 0x00, 0x00, 0x00, 0x00, 0x00, 0x00, 0x00,
    0x00, 0x00, 0x00, 0x00, 0x00, 0x00, 0x00, 0x00, 0x00, 0x00, 0x00, 0x00,
    0x00, 0x00, 0x00, 0x00, 0x00, 0x00, 0x00, 0x00, 0x00, 0x00, 0x00, 0x00,
    0x28, 0xe8, 0xf0, 0x41, 0x30, 0xe8, 0xf0, 0xae, 0x28, 0xec, 0xf8, 0xff,
    0x28, 0xe8, 0xf0, 0xff, 0x30, 0xe8, 0xf0, 0xff, 0x28, 0xec, 0xf8, 0xff,
    0x28, 0xec, 0xf0, 0xff, 0x30, 0xe8, 0xf0, 0xff, 0x28, 0xec, 0xf8, 0xff,
    0x28, 0xe8, 0xf0, 0xff, 0x30, 0xe8, 0xf0, 0xff, 0x28, 0xec, 0xf8, 0xbe,
    0x00, 0x00, 0x00, 0x00, 0x00, 0x00, 0x00, 0x00, 0x00, 0x00, 0x00, 0x00,
    0x00, 0x00, 0x00, 0x00, 0x00, 0x00, 0x00, 0x00, 0x00, 0x00, 0x00, 0x00,
    0x00, 0x00, 0x00, 0x00, 0x00, 0x00, 0x00, 0x00, 0x00, 0x00, 0x00, 0x00,
    0x00, 0x00, 0x00, 0x00, 0x00, 0x00, 0x00, 0x00, 0x00, 0x00, 0x00, 0x00,
    0x00, 0x00, 0x00, 0x00, 0x00, 0x00, 0x00, 0x00, 0x00, 0x00, 0x00, 0x00,
    0x00, 0x00, 0x00, 0x00, 0x00, 0x00, 0x00, 0x00, 0x00, 0x00, 0x00, 0x00,
    0x00, 0x00, 0x00, 0x00, 0x00, 0x00, 0x00, 0x00, 0x00, 0x00, 0x00, 0x00,
    0x28, 0xe8, 0xf0, 0xbe, 0x28, 0xec, 0xf8, 0xff, 0x28, 0xe8, 0xf0, 0xff,
    0x28, 0xec, 0xf8, 0xff, 0x30, 0xe8, 0xf0, 0xff, 0x28, 0xe8, 0xf8, 0xff,
    0x28, 0xec, 0xf0, 0xff, 0x28, 0xec, 0xf8, 0xff, 0x28, 0xec, 0xf0, 0xff,
    0x28, 0xe8, 0xf8, 0xff, 0x30, 0xec, 0xf0, 0xff, 0x28, 0xe8, 0xf8, 0xff,
    0x28, 0xec, 0xf0, 0xff, 0x28, 0xec, 0xf0, 0xff, 0x28, 0xe8, 0xf8, 0xff,
    0x28, 0xec, 0xf0, 0xff, 0x30, 0xe8, 0xf0, 0xff, 0x28, 0xe8, 0xf8, 0xff,
    0x28, 0xec, 0xf0, 0xff, 0x28, 0xe8, 0xf0, 0xff, 0x28, 0xe8, 0xf8, 0xff,
    0x28, 0xec, 0xf8, 0xff, 0x28, 0xe8, 0xf0, 0x3c, 0x00, 0x00, 0x00, 0x00,
    0x00, 0x00, 0x00, 0x00, 0x00, 0x00, 0x00, 0x00, 0x00, 0x00, 0x00, 0x00,
    0x00, 0x00, 0x00, 0x00, 0x00, 0x00, 0x00, 0x00, 0x00, 0x00, 0x00, 0x00,
    0x00, 0x00, 0x00, 0x00, 0x00, 0x00, 0x00, 0x00, 0x00, 0x00, 0x00, 0x00,
    0x28, 0xec, 0xf0, 0x79, 0x28, 0xec, 0xf0, 0xff, 0x28, 0xe8, 0xf8, 0xff,
    0x28, 0xe8, 0xf8, 0xff, 0x28, 0xec, 0xf0, 0xff, 0x28, 0xe8, 0xf8, 0xff,
    0x28, 0xec, 0xf0, 0xff, 0x28, 0xec, 0xf8, 0xff, 0x28, 0xe8, 0xf0, 0xff,
    0x28, 0xec, 0xf0, 0xbe, 0x00, 0x00, 0x00, 0x00, 0x00, 0x00, 0x00, 0x00,
    0x00, 0x00, 0x00, 0x00, 0x00, 0x00, 0x00, 0x00, 0x00, 0x00, 0x00, 0x00,
    0x00, 0x00, 0x00, 0x00, 0x00, 0x00, 0x00, 0x00, 0x00, 0x00, 0x00, 0x00,
    0x00, 0x00, 0x00, 0x00, 0x00, 0x00, 0x00, 0x00, 0x00, 0x00, 0x00, 0x00,
    0x00, 0x00, 0x00, 0x00, 0x00, 0x00, 0x00, 0x00, 0x00, 0x00, 0x00, 0x00,
    0x00, 0x00, 0x00, 0x00, 0x00, 0x00, 0x00, 0x00, 0x00, 0x00, 0x00, 0x00,
    0x00, 0x00, 0x00, 0x00, 0x00, 0x00, 0x00, 0x00, 0x00, 0x00, 0x00, 0x00,
    0x00, 0x00, 0x00, 0x00, 0x28, 0xec, 0xf8, 0xbe, 0x30, 0xe8, 0xf0, 0xff,
    0x28, 0xec, 0xf8, 0xff, 0x28, 0xec, 0xf0, 0xff, 0x28, 0xe8, 0xf8, 0xff,
    0x28, 0xe8, 0xf0, 0xff, 0x30, 0xec, 0xf8, 0xff, 0x28, 0xe8, 0xf0, 0xff,
    0x28, 0xe8, 0xf8, 0xff, 0x30, 0xec, 0xf0, 0xff, 0x28, 0xec, 0xf8, 0xff,
    0x28, 0xe8, 0xf0, 0xff, 0x30, 0xe8, 0xf8, 0xff, 0x30, 0xec, 0xf8, 0xff,
    0x28, 0xec, 0xf0, 0xff, 0x28, 0xe8, 0xf8, 0xff, 0x28, 0xec, 0xf0, 0xff,
    0x30, 0xec, 0xf8, 0xff, 0x28, 0xe8, 0xf8, 0xff, 0x28, 0xec, 0xf0, 0xff,
    0x30, 0xec, 0xf0, 0xff, 0x30, 0xe8, 0xf8, 0xff, 0x28, 0xe8, 0xf0, 0x41,
    0x00, 0x00, 0x00, 0x00, 0x00, 0x00, 0x00, 0x00, 0x00, 0x00, 0x00, 0x00,
    0x00, 0x00, 0x00, 0x00, 0x00, 0x00, 0x00, 0x00, 0x00, 0x00, 0x00, 0x00,
    0x00, 0x00, 0x00, 0x00, 0x00, 0x00, 0x00, 0x00, 0x00, 0x00, 0x00, 0x00,
    0x00, 0x00, 0x00, 0x00, 0x00, 0x00, 0x00, 0x00, 0x28, 0xe8, 0xf0, 0x51,
    0x30, 0xec, 0xf8, 0xff, 0x28, 0xec, 0xf0, 0xff, 0x30, 0xe8, 0xf8, 0xff,
    0x28, 0xe8, 0xf0, 0xff, 0x30, 0xec, 0xf8, 0xff, 0x28, 0xe8, 0xf8, 0xff,
    0x28, 0xe8, 0xf8, 0xff, 0x28, 0xec, 0xf0, 0xbe, 0x00, 0x00, 0x00, 0x00,
    0x00, 0x00, 0x00, 0x00, 0x00, 0x00, 0x00, 0x00, 0x00, 0x00, 0x00, 0x00,
    0x00, 0x00, 0x00, 0x00, 0x00, 0x00, 0x00, 0x00, 0x00, 0x00, 0x00, 0x00,
    0x00, 0x00, 0x00, 0x00, 0x00, 0x00, 0x00, 0x00, 0x00, 0x00, 0x00, 0x00,
    0x00, 0x00, 0x00, 0x00, 0x00, 0x00, 0x00, 0x00, 0x00, 0x00, 0x00, 0x00,
    0x00, 0x00, 0x00, 0x00, 0x00, 0x00, 0x00, 0x00, 0x00, 0x00, 0x00, 0x00,
    0x00, 0x00, 0x00, 0x00, 0x00, 0x00, 0x00, 0x00, 0x00, 0x00, 0x00, 0x00,
    0x00, 0x00, 0x00, 0x00, 0x00, 0x00, 0x00, 0x00, 0x28, 0xe8, 0xf0, 0xbe,
    0x28, 0xec, 0xf8, 0xff, 0x30, 0xe8, 0xf0, 0xff, 0x28, 0xe8, 0xf8, 0xff,
    0x28, 0xec, 0xf0, 0xff, 0x30, 0xec, 0xf8, 0xff, 0x28, 0xe8, 0xf0, 0xff,
    0x28, 0xec, 0xf8, 0xff, 0x30, 0xe8, 0xf0, 0xff, 0x28, 0xec, 0xf8, 0xff,
    0x28, 0xe8, 0xf0, 0xff, 0x28, 0xec, 0xf0, 0xff, 0x28, 0xe8, 0xf8, 0xff,
    0x28, 0xe8, 0xf0, 0xff, 0x30, 0xec, 0xf8, 0xff, 0x28, 0xe8, 0xf0, 0xff,
    0x28, 0xec, 0xf8, 0xff, 0x28, 0xe8, 0xf0, 0xff, 0x30, 0xe8, 0xf8, 0xff,
    0x28, 0xec, 0xf8, 0xff, 0x28, 0xe8, 0xf0, 0xff, 0x28, 0xe8, 0xf8, 0xff,
    0x28, 0xe8, 0xf0, 0x41, 0x00, 0x00, 0x00, 0x00, 0x00, 0x00, 0x00, 0x00,
    0x00, 0x00, 0x00, 0x00, 0x00, 0x00, 0x00, 0x00, 0x00, 0x00, 0x00, 0x00,
    0x00, 0x00, 0x00, 0x00, 0x00, 0x00, 0x00, 0x00, 0x00, 0x00, 0x00, 0x00,
    0x00, 0x00, 0x00, 0x00, 0x00, 0x00, 0x00, 0x00, 0x00, 0x00, 0x00, 0x00,
    0x00, 0x00, 0x00, 0x00, 0x00, 0x00, 0x00, 0x00, 0x28, 0xe8, 0xf0, 0xff,
    0x28, 0xec, 0xf8, 0xff, 0x30, 0xec, 0xf0, 0xff, 0x28, 0xe8, 0xf0, 0xff,
    0x28, 0xec, 0xf8, 0xff, 0x30, 0xe8, 0xf0, 0xff, 0x28, 0xe8, 0xf8, 0xbe,
    0x00, 0x00, 0x00, 0x00, 0x00, 0x00, 0x00, 0x00, 0x00, 0x00, 0x00, 0x00,
    0x00, 0x00, 0x00, 0x00, 0x00, 0x00, 0x00, 0x00, 0x00, 0x00, 0x00, 0x00,
    0x00, 0x00, 0x00, 0x00, 0x00, 0x00, 0x00, 0x00, 0x00, 0x00, 0x00, 0x00,
    0x00, 0x00, 0x00, 0x00, 0x00, 0x00, 0x00, 0x00, 0x00, 0x00, 0x00, 0x00,
    0x00, 0x00, 0x00, 0x00, 0x00, 0x00, 0x00, 0x00, 0x00, 0x00, 0x00, 0x00,
    0x00, 0x00, 0x00, 0x00, 0x00, 0x00, 0x00, 0x00, 0x00, 0x00, 0x00, 0x00,
    0x00, 0x00, 0x00, 0x00, 0x00, 0x00, 0x00, 0x00, 0x00, 0x00, 0x00, 0x00,
    0x28, 0xe8, 0xf8, 0xbe, 0x28, 0xec, 0xf0, 0xff, 0x28, 0xec, 0xf8, 0xff,
    0x30, 0xe8, 0xf0, 0xff, 0x28, 0xec, 0xf8, 0xff, 0x28, 0xe8, 0xf0, 0xff,
    0x28, 0xec, 0xf8, 0xff, 0x28, 0xe8, 0xf0, 0xff, 0x28, 0xec, 0xf8, 0xff,
    0x28, 0xe8, 0xf8, 0xff, 0x30, 0xec, 0xf0, 0xff, 0x28, 0xec, 0xf8, 0xff,
    0x28, 0xe8, 0xf0, 0xff, 0x28, 0xec, 0xf8, 0xff, 0x28, 0xe8, 0xf0, 0xff,
    0x30, 0xec, 0xf8, 0xff, 0x28, 0xe8, 0xf0, 0xff, 0x28, 0xec, 0xf0, 0xff,
    0x28, 0xec, 0xf0, 0xff, 0x28, 0xe8, 0xf8, 0xff, 0x28, 0xec, 0xf0, 0xff,
    0x28, 0xe8, 0xf8, 0xff, 0x28, 0xe8, 0xf0, 0x41, 0x00, 0x00, 0x00, 0x00,
    0x00, 0x00, 0x00, 0x00, 0x00, 0x00, 0x00, 0x00, 0x00, 0x00, 0x00, 0x00,
    0x00, 0x00, 0x00, 0x00, 0x00, 0x00, 0x00, 0x00, 0x00, 0x00, 0x00, 0x00,
    0x00, 0x00, 0x00, 0x00, 0x00, 0x00, 0x00, 0x00, 0x00, 0x00, 0x00, 0x00,
    0x00, 0x00, 0x00, 0x00, 0x00, 0x00, 0x00, 0x00, 0x00, 0x00, 0x00, 0x00,
    0x28, 0xe8, 0xf0, 0x41, 0x28, 0xe8, 0xf8, 0xff, 0x28, 0xe8, 0xf8, 0xff,
    0x28, 0xec, 0xf0, 0xff, 0x28, 0xec, 0xf0, 0xff, 0x30, 0xec, 0xf8, 0xff,
    0x28, 0xe8, 0xf0, 0xbe, 0x00, 0x00, 0x00, 0x00, 0x00, 0x00, 0x00, 0x00,
    0x00, 0x00, 0x00, 0x00, 0x00, 0x00, 0x00, 0x00, 0x00, 0x00, 0x00, 0x00,
    0x00, 0x00, 0x00, 0x00, 0x00, 0x00, 0x00, 0x00, 0x00, 0x00, 0x00, 0x00,
    0x00, 0x00, 0x00, 0x00, 0x00, 0x00, 0x00, 0x00, 0x00, 0x00, 0x00, 0x00,
    0x00, 0x00, 0x00, 0x00, 0x00, 0x00, 0x00, 0x00, 0x00, 0x00, 0x00, 0x00,
    0x00, 0x00, 0x00, 0x00, 0x00, 0x00, 0x00, 0x00, 0x00, 0x00, 0x00, 0x00,
    0x00, 0x00, 0x00, 0x00, 0x00, 0x00, 0x00, 0x00, 0x00, 0x00, 0x00, 0x00,
    0x00, 0x00, 0x00, 0x00, 0x28, 0xe8, 0xf0, 0xbe, 0x28, 0xec, 0xf8, 0xff,
    0x28, 0xe8, 0xf0, 0xff, 0x28, 0xec, 0xf8, 0xff, 0x30, 0xe8, 0xf0, 0xff,
    0x28, 0xe8, 0xf8, 0xff, 0x30, 0xec, 0xf0, 0xff, 0x28, 0xec, 0xf0, 0xff,
    0x28, 0xe8, 0xf8, 0xff, 0x30, 0xe8, 0xf0, 0xff, 0x28, 0xec, 0xf8, 0xff,
    0x28, 0xe8, 0xf0, 0xff, 0x30, 0xec, 0xf8, 0xff, 0x28, 0xe8, 0xf0, 0xff,
    0x28, 0xec, 0xf8, 0xff, 0x28, 0xe8, 0xf8, 0xff, 0x30, 0xec, 0xf0, 0xff,
    0x28, 0xe8, 0xf8, 0xff, 0x30, 0xec, 0xf8, 0xff, 0x28, 0xe8, 0xf0, 0xff,
    0x30, 0xec, 0xf8, 0xff, 0x28, 0xec, 0xf0, 0xff, 0x28, 0xe8, 0xf0, 0x41,
    0x00, 0x00, 0x00, 0x00, 0x00, 0x00, 0x00, 0x00, 0x00, 0x00, 0x00, 0x00,
    0x00, 0x00, 0x00, 0x00, 0x00, 0x00, 0x00, 0x00, 0x00, 0x00, 0x00, 0x00,
    0x00, 0x00, 0x00, 0x00, 0x00, 0x00, 0x00, 0x00, 0x00, 0x00, 0x00, 0x00,
    0x00, 0x00, 0x00, 0x00, 0x00, 0x00, 0x00, 0x00, 0x00, 0x00, 0x00, 0x00,
    0x00, 0x00, 0x00, 0x00, 0x00, 0x00, 0x00, 0x00, 0x30, 0xe8, 0xf0, 0x7d,
    0x28, 0xec, 0xf8, 0xff, 0x28, 0xe8, 0xf8, 0xff, 0x30, 0xe8, 0xf0, 0xff,
    0x28, 0xec, 0xf8, 0xff, 0x28, 0xec, 0xf8, 0xbe, 0x00, 0x00, 0x00, 0x00,
    0x00, 0x00, 0x00, 0x00, 0x00, 0x00, 0x00, 0x00, 0x00, 0x00, 0x00, 0x00,
    0x00, 0x00, 0x00, 0x00, 0x00, 0x00, 0x00, 0x00, 0x00, 0x00, 0x00, 0x00,
    0x00, 0x00, 0x00, 0x00, 0x00, 0x00, 0x00, 0x00, 0x00, 0x00, 0x00, 0x00,
    0x00, 0x00, 0x00, 0x00, 0x00, 0x00, 0x00, 0x00, 0x00, 0x00, 0x00, 0x00,
    0x00, 0x00, 0x00, 0x00, 0x00, 0x00, 0x00, 0x00, 0x00, 0x00, 0x00, 0x00,
    0x00, 0x00, 0x00, 0x00, 0x00, 0x00, 0x00, 0x00, 0x00, 0x00, 0x00, 0x00,
    0x00, 0x00, 0x00, 0x00, 0x00, 0x00, 0x00, 0x00, 0x28, 0xec, 0xf0, 0xbe,
    0x30, 0xe8, 0xf8, 0xff, 0x28, 0xe8, 0xf8, 0xff, 0x28, 0xec, 0xf0, 0xff,
    0x28, 0xec, 0xf8, 0xff, 0x28, 0xe8, 0xf0, 0xff, 0x28, 0xe8, 0xf8, 0xff,
    0x30, 0xec, 0xf8, 0xff, 0x28, 0xe8, 0xf0, 0xff, 0x28, 0xec, 0xf0, 0xff,
    0x28, 0xe8, 0xf8, 0xff, 0x28, 0xe8, 0xf8, 0xff, 0x30, 0xec, 0xf0, 0xff,
    0x28, 0xec, 0xf0, 0xff, 0x28, 0xe8, 0xf8, 0xff, 0x30, 0xec, 0xf0, 0xff,
    0x28, 0xe8, 0xf0, 0xff, 0x28, 0xe8, 0xf8, 0xff, 0x28, 0xec, 0xf8, 0xff,
    0x30, 0xe8, 0xf0, 0xff, 0x28, 0xe8, 0xf8, 0xff, 0x28, 0xe8, 0xf8, 0xff,
    0x28, 0xe8, 0xf0, 0x41, 0x00, 0x00, 0x00, 0x00, 0x00, 0x00, 0x00, 0x00,
    0x00, 0x00, 0x00, 0x00, 0x00, 0x00, 0x00, 0x00, 0x00, 0x00, 0x00, 0x00,
    0x00, 0x00, 0x00, 0x00, 0x00, 0x00, 0x00, 0x00, 0x00, 0x00, 0x00, 0x00,
    0x00, 0x00, 0x00, 0x00, 0x00, 0x00, 0x00, 0x00, 0x00, 0x00, 0x00, 0x00,
    0x00, 0x00, 0x00, 0x00, 0x00, 0x00, 0x00, 0x00, 0x00, 0x00, 0x00, 0x00,
    0x00, 0x00, 0x00, 0x00, 0x30, 0xec, 0xf8, 0xc3, 0x28, 0xe8, 0xf0, 0xff,
    0x28, 0xe8, 0xf0, 0xff, 0x28, 0xec, 0xf8, 0xff, 0x28, 0xe8, 0xf0, 0xbe,
    0x00, 0x00, 0x00, 0x00, 0x00, 0x00, 0x00, 0x00, 0x00, 0x00, 0x00, 0x00,
    0x00, 0x00, 0x00, 0x00, 0x00, 0x00, 0x00, 0x00, 0x00, 0x00, 0x00, 0x00,
    0x00, 0x00, 0x00, 0x00, 0x00, 0x00, 0x00, 0x00, 0x00, 0x00, 0x00, 0x00,
    0x00, 0x00, 0x00, 0x00, 0x00, 0x00, 0x00, 0x00, 0x00, 0x00, 0x00, 0x00,
    0x00, 0x00, 0x00, 0x00, 0x00, 0x00, 0x00, 0x00, 0x00, 0x00, 0x00, 0x00,
    0x00, 0x00, 0x00, 0x00, 0x00, 0x00, 0x00, 0x00, 0x00, 0x00, 0x00, 0x00,
    0x00, 0x00, 0x00, 0x00, 0x00, 0x00, 0x00, 0x00, 0x00, 0x00, 0x00, 0x00,
    0x28, 0xec, 0xf8, 0xbe, 0x28, 0xe8, 0xf0, 0xff, 0x30, 0xec, 0xf0, 0xff,
    0x28, 0xe8, 0xf8, 0xff, 0x28, 0xec, 0xf0, 0xff, 0x30, 0xec, 0xf0, 0xff,
    0x28, 0xe8, 0xf8, 0xff, 0x28, 0xec, 0xf8, 0xff, 0x30, 0xec, 0xf0, 0xff,
    0x28, 0xe8, 0xf8, 0xff, 0x28, 0xec, 0xf0, 0xff, 0x30, 0xec, 0xf8, 0xff,
    0x28, 0xe8, 0xf0, 0xff, 0x28, 0xe8, 0xf8, 0xff, 0x28, 0xec, 0xf8, 0xff,
    0x28, 0xec, 0xf0, 0xff, 0x28, 0xe8, 0xf8, 0xff, 0x28, 0xec, 0xf0, 0xff,
    0x28, 0xec, 0xf0, 0xff, 0x28, 0xec, 0xf0, 0xff, 0x28, 0xe8, 0xf8, 0xff,
    0x30, 0xec, 0xf8, 0xff, 0x28, 0xe8, 0xf0, 0x3c, 0x00, 0x00, 0x00, 0x00,
    0x00, 0x00, 0x00, 0x00, 0x00, 0x00, 0x00, 0x00, 0x00, 0x00, 0x00, 0x00,
    0x00, 0x00, 0x00, 0x00, 0x00, 0x00, 0x00, 0x00, 0x00, 0x00, 0x00, 0x00,
    0x00, 0x00, 0x00, 0x00, 0x00, 0x00, 0x00, 0x00, 0x00, 0x00, 0x00, 0x00,
    0x00, 0x00, 0x00, 0x00, 0x00, 0x00, 0x00, 0x00, 0x00, 0x00, 0x00, 0x00,
    0x00, 0x00, 0x00, 0x00, 0x00, 0x00, 0x00, 0x00, 0x30, 0xe8, 0xf8, 0x51,
    0x28, 0xec, 0xf0, 0xff, 0x28, 0xec, 0xf8, 0xff, 0x30, 0xe8, 0xf0, 0xff,
    0x28, 0xe8, 0xf8, 0xbe, 0x00, 0x00, 0x00, 0x00, 0x00, 0x00, 0x00, 0x00,
    0x00, 0x00, 0x00, 0x00, 0x00, 0x00, 0x00, 0x00, 0x00, 0x00, 0x00, 0x00,
    0x00, 0x00, 0x00, 0x00, 0x00, 0x00, 0x00, 0x00, 0x00, 0x00, 0x00, 0x00,
    0x00, 0x00, 0x00, 0x00, 0x00, 0x00, 0x00, 0x00, 0x00, 0x00, 0x00, 0x00,
    0x00, 0x00, 0x00, 0x00, 0x00, 0x00, 0x00, 0x00, 0x00, 0x00, 0x00, 0x00,
    0x00, 0x00, 0x00, 0x00, 0x00, 0x00, 0x00, 0x00, 0x00, 0x00, 0x00, 0x00,
    0x00, 0x00, 0x00, 0x00, 0x00, 0x00, 0x00, 0x00, 0x00, 0x00, 0x00, 0x00,
    0x00, 0x00, 0x00, 0x00, 0x28, 0xe8, 0xf8, 0xbe, 0x28, 0xec, 0xf0, 0xff,
    0x28, 0xe8, 0xf8, 0xff, 0x30, 0xe8, 0xf8, 0xff, 0x28, 0xec, 0xf0, 0xff,
    0x28, 0xe8, 0xf8, 0xff, 0x28, 0xe8, 0xf0, 0xff, 0x28, 0xec, 0xf0, 0xff,
    0x28, 0xe8, 0xf8, 0xff, 0x30, 0xe8, 0xf0, 0xff, 0x28, 0xec, 0xf8, 0xff,
    0x28, 0xec, 0xf0, 0xff, 0x28, 0xe8, 0xf0, 0xff, 0x30, 0xe8, 0xf8, 0xff,
    0x28, 0xec, 0xf0, 0xff, 0x30, 0xe8, 0xf8, 0xff, 0x28, 0xe8, 0xf8, 0xff,
    0x30, 0xec, 0xf0, 0xff, 0x30, 0xe8, 0xf8, 0xff, 0x28, 0xe8, 0xf8, 0xff,
    0x28, 0xec, 0xf0, 0xff, 0x28, 0xe8, 0xf0, 0xff, 0x28, 0xe8, 0xf8, 0x41,
    0x00, 0x00, 0x00, 0x00, 0x00, 0x00, 0x00, 0x00, 0x00, 0x00, 0x00, 0x00,
    0x00, 0x00, 0x00, 0x00, 0x00, 0x00, 0x00, 0x00, 0x00, 0x00, 0x00, 0x00,
    0x00, 0x00, 0x00, 0x00, 0x00, 0x00, 0x00, 0x00, 0x00, 0x00, 0x00, 0x00,
    0x00, 0x00, 0x00, 0x00, 0x00, 0x00, 0x00, 0x00, 0x00, 0x00, 0x00, 0x00,
    0x00, 0x00, 0x00, 0x00, 0x00, 0x00, 0x00, 0x00, 0x00, 0x00, 0x00, 0x00,
    0x00, 0x00, 0x00, 0x00, 0x28, 0xe8, 0xf0, 0xa6, 0x28, 0xec, 0xf8, 0xff,
    0x28, 0xec, 0xf8, 0xff, 0x28, 0xec, 0xf0, 0xff, 0x30, 0xe8, 0xf0, 0x82,
    0x00, 0x00, 0x00, 0x00, 0x00, 0x00, 0x00, 0x00, 0x00, 0x00, 0x00, 0x00,
    0x00, 0x00, 0x00, 0x00, 0x00, 0x00, 0x00, 0x00, 0x00, 0x00, 0x00, 0x00,
    0x00, 0x00, 0x00, 0x00, 0x00, 0x00, 0x00, 0x00, 0x00, 0x00, 0x00, 0x00,
    0x00, 0x00, 0x00, 0x00, 0x00, 0x00, 0x00, 0x00, 0x00, 0x00, 0x00, 0x00,
    0x00, 0x00, 0x00, 0x00, 0x00, 0x00, 0x00, 0x00, 0x00, 0x00, 0x00, 0x00,
    0x00, 0x00, 0x00, 0x00, 0x00, 0x00, 0x00, 0x00, 0x00, 0x00, 0x00, 0x00,
    0x00, 0x00, 0x00, 0x00, 0x28, 0xe8, 0xf0, 0x82, 0x28, 0xec, 0xf0, 0xff,
    0x30, 0xec, 0xf8, 0xff, 0x28, 0xe8, 0xf0, 0xff, 0x28, 0xec, 0xf0, 0xff,
    0x28, 0xec, 0xf8, 0xff, 0x30, 0xe8, 0xf8, 0xff, 0x28, 0xec, 0xf0, 0xff,
    0x28, 0xec, 0xf8, 0xff, 0x28, 0xe8, 0xf0, 0xff, 0x28, 0xe8, 0xf8, 0xff,
    0x30, 0xec, 0xf8, 0xff, 0x28, 0xe8, 0xf0, 0xff, 0x28, 0xec, 0xf8, 0xff,
    0x28, 0xec, 0xf0, 0xff, 0x30, 0xe8, 0xf0, 0xff, 0x28, 0xec, 0xf8, 0xff,
    0x28, 0xec, 0xf0, 0xff, 0x28, 0xe8, 0xf0, 0xff, 0x28, 0xe8, 0xf8, 0xff,
    0x28, 0xec, 0xf8, 0xff, 0x30, 0xe8, 0xf0, 0xff, 0x28, 0xe8, 0xf0, 0xff,
    0x28, 0xe8, 0xf8, 0x41, 0x00, 0x00, 0x00, 0x00, 0x00, 0x00, 0x00, 0x00,
    0x00, 0x00, 0x00, 0x00, 0x00, 0x00, 0x00, 0x00, 0x00, 0x00, 0x00, 0x00,
    0x00, 0x00, 0x00, 0x00, 0x00, 0x00, 0x00, 0x00, 0x00, 0x00, 0x00, 0x00,
    0x00, 0x00, 0x00, 0x00, 0x00, 0x00, 0x00, 0x00, 0x00, 0x00, 0x00, 0x00,
    0x00, 0x00, 0x00, 0x00, 0x00, 0x00, 0x00, 0x00, 0x00, 0x00, 0x00, 0x00,
    0x00, 0x00, 0x00, 0x00, 0x00, 0x00, 0x00, 0x00, 0x28, 0xec, 0xf8, 0x38,
    0x30, 0xe8, 0xf0, 0xff, 0x28, 0xe8, 0xf8, 0xff, 0x28, 0xec, 0xf0, 0xff,
    0x28, 0xec, 0xf8, 0xff, 0x28, 0xe8, 0xf8, 0x8a, 0x00, 0x00, 0x00, 0x00,
    0x00, 0x00, 0x00, 0x00, 0x00, 0x00, 0x00, 0x00, 0x00, 0x00, 0x00, 0x00,
    0x00, 0x00, 0x00, 0x00, 0x00, 0x00, 0x00, 0x00, 0x00, 0x00, 0x00, 0x00,
    0x00, 0x00, 0x00, 0x00, 0x00, 0x00, 0x00, 0x00, 0x00, 0x00, 0x00, 0x00,
    0x00, 0x00, 0x00, 0x00, 0x00, 0x00, 0x00, 0x00, 0x00, 0x00, 0x00, 0x00,
    0x00, 0x00, 0x00, 0x00, 0x00, 0x00, 0x00, 0x00, 0x00, 0x00, 0x00, 0x00,
    0x00, 0x00, 0x00, 0x00, 0x28, 0xe8, 0xf0, 0x82, 0x28, 0xe8, 0xf8, 0xff,
    0x28, 0xec, 0xf8, 0xff, 0x28, 0xe8, 0xf0, 0xff, 0x30, 0xe8, 0xf8, 0xff,
    0x28, 0xec, 0xf0, 0xff, 0x28, 0xe8, 0xf8, 0xff, 0x30, 0xe8, 0xf0, 0xff,
    0x28, 0xec, 0xf8, 0xff, 0x30, 0xec, 0xf0, 0xff, 0x28, 0xe8, 0xf0, 0xff,
    0x28, 0xec, 0xf8, 0xff, 0x28, 0xe8, 0xf0, 0xff, 0x30, 0xe8, 0xf8, 0xff,
    0x28, 0xec, 0xf8, 0xff, 0x28, 0xe8, 0xf0, 0xff, 0x28, 0xe8, 0xf8, 0xff,
    0x28, 0xec, 0xf8, 0xff, 0x28, 0xec, 0xf0, 0xff, 0x30, 0xe8, 0xf0, 0xff,
    0x28, 0xec, 0xf8, 0xff, 0x28, 0xec, 0xf0, 0xff, 0x28, 0xec, 0xf8, 0xff,
    0x30, 0xe8, 0xf8, 0xff, 0x28, 0xe8, 0xf0, 0x41, 0x00, 0x00, 0x00, 0x00,
    0x00, 0x00, 0x00, 0x00, 0x00, 0x00, 0x00, 0x00, 0x00, 0x00, 0x00, 0x00,
    0x00, 0x00, 0x00, 0x00, 0x00, 0x00, 0x00, 0x00, 0x00, 0x00, 0x00, 0x00,
    0x00, 0x00, 0x00, 0x00, 0x00, 0x00, 0x00, 0x00, 0x00, 0x00, 0x00, 0x00,
    0x00, 0x00, 0x00, 0x00, 0x00, 0x00, 0x00, 0x00, 0x00, 0x00, 0x00, 0x00,
    0x00, 0x00, 0x00, 0x00, 0x00, 0x00, 0x00, 0x00, 0x00, 0x00, 0x00, 0x00,
    0x00, 0x00, 0x00, 0x00, 0x28, 0xe8, 0xf0, 0xcf, 0x30, 0xec, 0xf8, 0xff,
    0x28, 0xe8, 0xf0, 0xff, 0x28, 0xe8, 0xf0, 0xff, 0x30, 0xec, 0xf8, 0xff,
    0x28, 0xec, 0xf0, 0x8e, 0x00, 0x00, 0x00, 0x00, 0x00, 0x00, 0x00, 0x00,
    0x00, 0x00, 0x00, 0x00, 0x00, 0x00, 0x00, 0x00, 0x00, 0x00, 0x00, 0x00,
    0x00, 0x00, 0x00, 0x00, 0x00, 0x00, 0x00, 0x00, 0x00, 0x00, 0x00, 0x00,
    0x00, 0x00, 0x00, 0x00, 0x00, 0x00, 0x00, 0x00, 0x00, 0x00, 0x00, 0x00,
    0x00, 0x00, 0x00, 0x00, 0x00, 0x00, 0x00, 0x00, 0x00, 0x00, 0x00, 0x00,
    0x00, 0x00, 0x00, 0x00, 0x28, 0xe8, 0xf0, 0x82, 0x28, 0xec, 0xf8, 0xff,
    0x30, 0xe8, 0xf0, 0xff, 0x28, 0xec, 0xf0, 0xff, 0x28, 0xe8, 0xf8, 0xff,
    0x28, 0xec, 0xf8, 0xff, 0x28, 0xec, 0xf0, 0xff, 0x28, 0xe8, 0xf0, 0xff,
    0x28, 0xe8, 0xf8, 0xff, 0x28, 0xec, 0xf0, 0xff, 0x28, 0xe8, 0xf8, 0xff,
    0x30, 0xec, 0xf8, 0xff, 0x28, 0xec, 0xf0, 0xff, 0x28, 0xe8, 0xf0, 0xff,
    0x28, 0xec, 0xf8, 0xff, 0x30, 0xec, 0xf0, 0xff, 0x28, 0xe8, 0xf0, 0xff,
    0x28, 0xe8, 0xf8, 0xff, 0x30, 0xec, 0xf0, 0xff, 0x28, 0xe8, 0xf8, 0xff,
    0x28, 0xe8, 0xf8, 0xff, 0x30, 0xec, 0xf0, 0xff, 0x28, 0xe8, 0xf0, 0xff,
    0x28, 0xe8, 0xf8, 0xff, 0x28, 0xec, 0xf0, 0xff, 0x28, 0xe8, 0xf0, 0x41,
    0x00, 0x00, 0x00, 0x00, 0x00, 0x00, 0x00, 0x00, 0x00, 0x00, 0x00, 0x00,
    0x00, 0x00, 0x00, 0x00, 0x00, 0x00, 0x00, 0x00, 0x00, 0x00, 0x00, 0x00,
    0x00, 0x00, 0x00, 0x00, 0x00, 0x00, 0x00, 0x00, 0x00, 0x00, 0x00, 0x00,
    0x00, 0x00, 0x00, 0x00, 0x00, 0x00, 0x00, 0x00, 0x00, 0x00, 0x00, 0x00,
    0x00, 0x00, 0x00, 0x00, 0x00, 0x00, 0x00, 0x00, 0x00, 0x00, 0x00, 0x00,
    0x00, 0x00, 0x00, 0x00, 0x00, 0x00, 0x00, 0x00, 0x28, 0xe8, 0xf8, 0x8a,
    0x28, 0xec, 0xf0, 0xff, 0x28, 0xec, 0xf8, 0xff, 0x30, 0xe8, 0xf8, 0xff,
    0x28, 0xec, 0xf0, 0xff, 0x28, 0xe8, 0xf0, 0xff, 0x28, 0xec, 0xf8, 0x92,
    0x00, 0x00, 0x00, 0x00, 0x00, 0x00, 0x00, 0x00, 0x00, 0x00, 0x00, 0x00,
    0x00, 0x00, 0x00, 0x00, 0x00, 0x00, 0x00, 0x00, 0x00, 0x00, 0x00, 0x00,
    0x00, 0x00, 0x00, 0x00, 0x00, 0x00, 0x00, 0x00, 0x00, 0x00, 0x00, 0x00,
    0x00, 0x00, 0x00, 0x00, 0x00, 0x00, 0x00, 0x00, 0x00, 0x00, 0x00, 0x00,
    0x00, 0x00, 0x00, 0x00, 0x28, 0xe8, 0xf0, 0x82, 0x28, 0xec, 0xf8, 0xff,
    0x28, 0xe8, 0xf8, 0xff, 0x30, 0xec, 0xf0, 0xff, 0x28, 0xe8, 0xf0, 0xff,
    0x28, 0xec, 0xf8, 0xff, 0x30, 0xe8, 0xf0, 0xff, 0x28, 0xec, 0xf8, 0xff,
    0x30, 0xec, 0xf8, 0xff, 0x28, 0xe8, 0xf0, 0xff, 0x28, 0xec, 0xf8, 0xff,
    0x30, 0xe8, 0xf0, 0xff, 0x28, 0xe8, 0xf8, 0xff, 0x28, 0xec, 0xf0, 0xff,
    0x30, 0xe8, 0xf8, 0xff, 0x28, 0xec, 0xf8, 0xff, 0x28, 0xe8, 0xf0, 0xff,
    0x30, 0xec, 0xf8, 0xff, 0x28, 0xec, 0xf0, 0xff, 0x28, 0xe8, 0xf0, 0xff,
    0x28, 0xec, 0xf8, 0xff, 0x28, 0xec, 0xf8, 0xff, 0x28, 0xe8, 0xf0, 0xff,
    0x30, 0xe8, 0xf8, 0xff, 0x28, 0xec, 0xf0, 0xff, 0x28, 0xe8, 0xf8, 0xff,
    0x28, 0xe8, 0xf0, 0x41, 0x00, 0x00, 0x00, 0x00, 0x00, 0x00, 0x00, 0x00,
    0x00, 0x00, 0x00, 0x00, 0x00, 0x00, 0x00, 0x00, 0x00, 0x00, 0x00, 0x00,
    0x00, 0x00, 0x00, 0x00, 0x00, 0x00, 0x00, 0x00, 0x00, 0x00, 0x00, 0x00,
    0x00, 0x00, 0x00, 0x00, 0x00, 0x00, 0x00, 0x00, 0x00, 0x00, 0x00, 0x00,
    0x00, 0x00, 0x00, 0x00, 0x00, 0x00, 0x00, 0x00, 0x00, 0x00, 0x00, 0x00,
    0x00, 0x00, 0x00, 0x00, 0x00, 0x00, 0x00, 0x00, 0x00, 0x00, 0x00, 0x00,
    0x28, 0xe8, 0xf8, 0x2c, 0x28, 0xec, 0xf0, 0xff, 0x28, 0xe8, 0xf0, 0xff,
    0x28, 0xec, 0xf8, 0xff, 0x28, 0xe8, 0xf8, 0xff, 0x30, 0xe8, 0xf0, 0xff,
    0x28, 0xec, 0xf8, 0xff, 0x30, 0xe8, 0xf0, 0x96, 0x00, 0x00, 0x00, 0x00,
    0x00, 0x00, 0x00, 0x00, 0x00, 0x00, 0x00, 0x00, 0x00, 0x00, 0x00, 0x00,
    0x00, 0x00, 0x00, 0x00, 0x00, 0x00, 0x00, 0x00, 0x00, 0x00, 0x00, 0x00,
    0x00, 0x00, 0x00, 0x00, 0x00, 0x00, 0x00, 0x00, 0x00, 0x00, 0x00, 0x00,
    0x00, 0x00, 0x00, 0x00, 0x28, 0xe8, 0xf0, 0x82, 0x28, 0xe8, 0xf8, 0xff,
    0x28, 0xec, 0xf0, 0xff, 0x30, 0xe8, 0xf8, 0xff, 0x28, 0xe8, 0xf8, 0xff,
    0x28, 0xec, 0xf0, 0xff, 0x30, 0xe8, 0xf8, 0xff, 0x28, 0xe8, 0xf0, 0xff,
    0x28, 0xec, 0xf0, 0xff, 0x30, 0xe8, 0xf8, 0xff, 0x28, 0xec, 0xf0, 0xff,
    0x28, 0xec, 0xf0, 0xff, 0x28, 0xe8, 0xf8, 0xff, 0x28, 0xec, 0xf0, 0xff,
    0x28, 0xe8, 0xf8, 0xff, 0x30, 0xec, 0xf0, 0xff, 0x28, 0xe8, 0xf0, 0xff,
    0x28, 0xe8, 0xf8, 0xff, 0x28, 0xec, 0xf8, 0xff, 0x30, 0xe8, 0xf0, 0xff,
    0x28, 0xe8, 0xf8, 0xff, 0x30, 0xec, 0xf0, 0xff, 0x28, 0xec, 0xf0, 0xff,
    0x28, 0xe8, 0xf8, 0xff, 0x28, 0xec, 0xf0, 0xff, 0x30, 0xec, 0xf8, 0xff,
    0x28, 0xe8, 0xf8, 0xff, 0x28, 0xe8, 0xf0, 0x41, 0x00, 0x00, 0x00, 0x00,
    0x00, 0x00, 0x00, 0x00, 0x00, 0x00, 0x00, 0x00, 0x00, 0x00, 0x00, 0x00,
    0x00, 0x00, 0x00, 0x00, 0x00, 0x00, 0x00, 0x00, 0x00, 0x00, 0x00, 0x00,
    0x00, 0x00, 0x00, 0x00, 0x00, 0x00, 0x00, 0x00, 0x00, 0x00, 0x00, 0x00,
    0x00, 0x00, 0x00, 0x00, 0x00, 0x00, 0x00, 0x00, 0x00, 0x00, 0x00, 0x00,
    0x00, 0x00, 0x00, 0x00, 0x00, 0x00, 0x00, 0x00, 0x00, 0x00, 0x00, 0x00,
    0x00, 0x00, 0x00, 0x00, 0x00, 0x00, 0x00, 0x00, 0x30, 0xe8, 0xf8, 0xf7,
    0x28, 0xec, 0xf0, 0xff, 0x28, 0xe8, 0xf8, 0xff, 0x30, 0xec, 0xf0, 0xff,
    0x28, 0xec, 0xf8, 0xff, 0x28, 0xe8, 0xf0, 0xff, 0x28, 0xe8, 0xf8, 0xff,
    0x28, 0xec, 0xf8, 0x9a, 0x00, 0x00, 0x00, 0x00, 0x00, 0x00, 0x00, 0x00,
    0x00, 0x00, 0x00, 0x00, 0x00, 0x00, 0x00, 0x00, 0x00, 0x00, 0x00, 0x00,
    0x00, 0x00, 0x00, 0x00, 0x00, 0x00, 0x00, 0x00, 0x00, 0x00, 0x00, 0x00,
    0x00, 0x00, 0x00, 0x00, 0x28, 0xe8, 0xf0, 0x82, 0x28, 0xec, 0xf8, 0xff,
    0x30, 0xec, 0xf0, 0xff, 0x28, 0xe8, 0xf0, 0xff, 0x28, 0xec, 0xf8, 0xff,
    0x28, 0xec, 0xf0, 0xff, 0x28, 0xec, 0xf8, 0xff, 0x28, 0xe8, 0xf8, 0xff,
    0x28, 0xec, 0xf0, 0xff, 0x28, 0xe8, 0xf8, 0xff, 0x28, 0xe8, 0xf8, 0xff,
    0x30, 0xec, 0xf0, 0xff, 0x28, 0xe8, 0xf8, 0xff, 0x28, 0xec, 0xf8, 0xff,
    0x30, 0xe8, 0xf0, 0xff, 0x28, 0xec, 0xf8, 0xff, 0x28, 0xec, 0xf0, 0xff,
    0x28, 0xe8, 0xf0, 0xff, 0x28, 0xec, 0xf8, 0xff, 0x28, 0xec, 0xf0, 0xff,
    0x28, 0xe8, 0xf8, 0xff, 0x28, 0xe8, 0xf8, 0xff, 0x28, 0xec, 0xf0, 0xff,
    0x30, 0xe8, 0xf8, 0xff, 0x28, 0xe8, 0xf8, 0xff, 0x28, 0xec, 0xf0, 0xff,
    0x28, 0xe8, 0xf0, 0xff, 0x30, 0xe8, 0xf8, 0xff, 0x28, 0xe8, 0xf0, 0x3c,
    0x00, 0x00, 0x00, 0x00, 0x00, 0x00, 0x00, 0x00, 0x00, 0x00, 0x00, 0x00,
    0x00, 0x00, 0x00, 0x00, 0x00, 0x00, 0x00, 0x00, 0x00, 0x00, 0x00, 0x00,
    0x00, 0x00, 0x00, 0x00, 0x00, 0x00, 0x00, 0x00, 0x00, 0x00, 0x00, 0x00,
    0x00, 0x00, 0x00, 0x00, 0x00, 0x00, 0x00, 0x00, 0x00, 0x00, 0x00, 0x00,
    0x00, 0x00, 0x00, 0x00, 0x00, 0x00, 0x00, 0x00, 0x00, 0x00, 0x00, 0x00,
    0x00, 0x00, 0x00, 0x00, 0x00, 0x00, 0x00, 0x00, 0x00, 0x00, 0x00, 0x00,
    0x28, 0xec, 0xf8, 0xe3, 0x28, 0xe8, 0xf0, 0xff, 0x30, 0xec, 0xf0, 0xff,
    0x28, 0xe8, 0xf8, 0xff, 0x28, 0xec, 0xf0, 0xff, 0x28, 0xe8, 0xf0, 0xff,
    0x28, 0xec, 0xf8, 0xff, 0x28, 0xec, 0xf0, 0xff, 0x28, 0xe8, 0xf0, 0x9e,
    0x00, 0x00, 0x00, 0x00, 0x00, 0x00, 0x00, 0x00, 0x00, 0x00, 0x00, 0x00,
    0x00, 0x00, 0x00, 0x00, 0x00, 0x00, 0x00, 0x00, 0x00, 0x00, 0x00, 0x00,
    0x00, 0x00, 0x00, 0x00, 0x28, 0xe8, 0xf0, 0x82, 0x28, 0xe8, 0xf8, 0xff,
    0x28, 0xec, 0xf8, 0xff, 0x28, 0xe8, 0xf0, 0xff, 0x30, 0xe8, 0xf8, 0xff,
    0x28, 0xec, 0xf0, 0xff, 0x28, 0xe8, 0xf0, 0xff, 0x30, 0xe8, 0xf8, 0xff,
    0x28, 0xec, 0xf0, 0xff, 0x30, 0xec, 0xf0, 0xff, 0x28, 0xe8, 0xf8, 0xff,
    0x28, 0xec, 0xf0, 0xff, 0x28, 0xe8, 0xf0, 0xff, 0x30, 0xe8, 0xf8, 0xff,
    0x28, 0xec, 0xf0, 0xff, 0x28, 0xe8, 0xf8, 0xff, 0x30, 0xe8, 0xf8, 0xff,
    0x28, 0xec, 0xf0, 0xff, 0x30, 0xe8, 0xf8, 0xff, 0x28, 0xe8, 0xf8, 0xff,
    0x30, 0xec, 0xf0, 0xff, 0x28, 0xec, 0xf0, 0xff, 0x28, 0xe8, 0xf8, 0xff,
    0x28, 0xec, 0xf0, 0xff, 0x30, 0xe8, 0xf0, 0xff, 0x28, 0xec, 0xf8, 0xff,
    0x28, 0xec, 0xf0, 0xff, 0x28, 0xe8, 0xf8, 0xff, 0x28, 0xec, 0xf8, 0xff,
    0x28, 0xe8, 0xf0, 0x41, 0x00, 0x00, 0x00, 0x00, 0x00, 0x00, 0x00, 0x00,
    0x00, 0x00, 0x00, 0x00, 0x00, 0x00, 0x00, 0x00, 0x00, 0x00, 0x00, 0x00,
    0x00, 0x00, 0x00, 0x00, 0x00, 0x00, 0x00, 0x00, 0x00, 0x00, 0x00, 0x00,
    0x00, 0x00, 0x00, 0x00, 0x00, 0x00, 0x00, 0x00, 0x00, 0x00, 0x00, 0x00,
    0x00, 0x00, 0x00, 0x00, 0x00, 0x00, 0x00, 0x00, 0x00, 0x00, 0x00, 0x00,
    0x00, 0x00, 0x00, 0x00, 0x00, 0x00, 0x00, 0x00, 0x00, 0x00, 0x00, 0x00,
    0x00, 0x00, 0x00, 0x00, 0x28, 0xec, 0xf8, 0xd3, 0x28, 0xec, 0xf0, 0xff,
    0x28, 0xe8, 0xf8, 0xff, 0x28, 0xe8, 0xf8, 0xff, 0x30, 0xec, 0xf0, 0xff,
    0x30, 0xe8, 0xf8, 0xff, 0x28, 0xec, 0xf8, 0xff, 0x30, 0xe8, 0xf0, 0xff,
    0x28, 0xe8, 0xf8, 0xff, 0x28, 0xec, 0xf8, 0xa2, 0x00, 0x00, 0x00, 0x00,
    0x00, 0x00, 0x00, 0x00, 0x00, 0x00, 0x00, 0x00, 0x00, 0x00, 0x00, 0x00,
    0x00, 0x00, 0x00, 0x00, 0x28, 0xe8, 0xf0, 0x82, 0x28, 0xec, 0xf8, 0xff,
    0x30, 0xe8, 0xf0, 0xff, 0x28, 0xec, 0xf0, 0xff, 0x28, 0xe8, 0xf8, 0xff,
    0x28, 0xec, 0xf8, 0xff, 0x30, 0xec, 0xf0, 0xff, 0x28, 0xe8, 0xf8, 0xff,
    0x28, 0xe8, 0xf8, 0xff, 0x30, 0xec, 0xf0, 0xff, 0x28, 0xe8, 0xf8, 0xff,
    0x28, 0xec, 0xf8, 0xff, 0x30, 0xec, 0xf0, 0xff, 0x28, 0xe8, 0xf8, 0xff,
    0x28, 0xec, 0xf0, 0xff, 0x28, 0xec, 0xf0, 0xff, 0x28, 0xe8, 0xf8, 0xff,
    0x28, 0xec, 0xf0, 0xff, 0x28, 0xec, 0xf0, 0xff, 0x28, 0xe8, 0xf8, 0xff,
    0x30, 0xe8, 0xf0, 0xff, 0x28, 0xec, 0xf8, 0xff, 0x30, 0xe8, 0xf0, 0xff,
    0x28, 0xec, 0xf8, 0xff, 0x28, 0xe8, 0xf8, 0xff, 0x28, 0xec, 0xf0, 0xff,
    0x30, 0xe8, 0xf8, 0xff, 0x28, 0xe8, 0xf0, 0xff, 0x30, 0xec, 0xf0, 0xff,
    0x28, 0xe8, 0xf8, 0xff, 0x28, 0xe8, 0xf0, 0x41, 0x00, 0x00, 0x00, 0x00,
    0x00, 0x00, 0x00, 0x00, 0x00, 0x00, 0x00, 0x00, 0x00, 0x00, 0x00, 0x00,
    0x00, 0x00, 0x00, 0x00, 0x00, 0x00, 0x00, 0x00, 0x00, 0x00, 0x00, 0x00,
    0x00, 0x00, 0x00, 0x00, 0x00, 0x00, 0x00, 0x00, 0x00, 0x00, 0x00, 0x00,
    0x00, 0x00, 0x00, 0x00, 0x00, 0x00, 0x00, 0x00, 0x00, 0x00, 0x00, 0x00,
    0x00, 0x00, 0x00, 0x00, 0x00, 0x00, 0x00, 0x00, 0x00, 0x00, 0x00, 0x00,
    0x00, 0x00, 0x00, 0x00, 0x00, 0x00, 0x00, 0x00, 0x30, 0xe8, 0xf8, 0xc3,
    0x28, 0xec, 0xf0, 0xff, 0x28, 0xe8, 0xf8, 0xff, 0x28, 0xec, 0xf0, 0xff,
    0x28, 0xec, 0xf0, 0xff, 0x28, 0xe8, 0xf8, 0xff, 0x28, 0xe8, 0xf0, 0xff,
    0x28, 0xec, 0xf0, 0xff, 0x30, 0xec, 0xf8, 0xff, 0x28, 0xe8, 0xf0, 0xff,
    0x30, 0xec, 0xf0, 0xa6, 0x00, 0x00, 0x00, 0x00, 0x00, 0x00, 0x00, 0x00,
    0x00, 0x00, 0x00, 0x00, 0x28, 0xe8, 0xf0, 0x82, 0x28, 0xec, 0xf8, 0xff,
    0x28, 0xe8, 0xf8, 0xff, 0x28, 0xec, 0xf0, 0xff, 0x30, 0xe8, 0xf0, 0xff,
    0x28, 0xec, 0xf8, 0xff, 0x28, 0xe8, 0xf0, 0xff, 0x28, 0xec, 0xf0, 0xff,
    0x28, 0xec, 0xf8, 0xff, 0x28, 0xe8, 0xf0, 0xff, 0x28, 0xec, 0xf0, 0xff,
    0x28, 0xe8, 0xf8, 0xff, 0x28, 0xe8, 0xf0, 0xff, 0x28, 0xec, 0xf8, 0xff,
    0x30, 0xe8, 0xf8, 0xff, 0x28, 0xec, 0xf0, 0xff, 0x28, 0xe8, 0xf8, 0xff,
    0x30, 0xe8, 0xf8, 0xff, 0x28, 0xec, 0xf0, 0xff, 0x28, 0xe8, 0xf8, 0xff,
    0x28, 0xec, 0xf0, 0xff, 0x28, 0xec, 0xf8, 0xff, 0x28, 0xe8, 0xf0, 0xff,
    0x28, 0xec, 0xf8, 0xff, 0x30, 0xe8, 0xf0, 0xff, 0x28, 0xec, 0xf0, 0xff,
    0x28, 0xec, 0xf8, 0xff, 0x28, 0xe8, 0xf8, 0xff, 0x28, 0xec, 0xf0, 0xff,
    0x28, 0xe8, 0xf8, 0xff, 0x30, 0xe8, 0xf8, 0xff, 0x28, 0xe8, 0xf0, 0x41,
    0x00, 0x00, 0x00, 0x00, 0x00, 0x00, 0x00, 0x00, 0x00, 0x00, 0x00, 0x00,
    0x00, 0x00, 0x00, 0x00, 0x00, 0x00, 0x00, 0x00, 0x00, 0x00, 0x00, 0x00,
    0x00, 0x00, 0x00, 0x00, 0x00, 0x00, 0x00, 0x00, 0x00, 0x00, 0x00, 0x00,
    0x00, 0x00, 0x00, 0x00, 0x00, 0x00, 0x00, 0x00, 0x00, 0x00, 0x00, 0x00,
    0x00, 0x00, 0x00, 0x00, 0x00, 0x00, 0x00, 0x00, 0x00, 0x00, 0x00, 0x00,
    0x00, 0x00, 0x00, 0x00, 0x00, 0x00, 0x00, 0x00, 0x00, 0x00, 0x00, 0x00,
    0x28, 0xec, 0xf0, 0xcb, 0x30, 0xe8, 0xf8, 0xff, 0x28, 0xec, 0xf0, 0xff,
    0x30, 0xe8, 0xf8, 0xff, 0x28, 0xec, 0xf8, 0xff, 0x28, 0xec, 0xf0, 0xff,
    0x28, 0xe8, 0xf8, 0xff, 0x28, 0xec, 0xf8, 0xff, 0x28, 0xe8, 0xf0, 0xff,
    0x28, 0xe8, 0xf8, 0xff, 0x28, 0xec, 0xf0, 0xaa, 0x00, 0x00, 0x00, 0x00,
    0x00, 0x00, 0x00, 0x00, 0x00, 0x00, 0x00, 0x00, 0x28, 0xe8, 0xf0, 0x7d,
    0x28, 0xe8, 0xf8, 0xff, 0x30, 0xec, 0xf0, 0xff, 0x28, 0xe8, 0xf8, 0xff,
    0x28, 0xec, 0xf8, 0xff, 0x30, 0xe8, 0xf0, 0xff, 0x28, 0xe8, 0xf8, 0xff,
    0x28, 0xe8, 0xf8, 0xff, 0x30, 0xec, 0xf0, 0xff, 0x28, 0xe8, 0xf8, 0xff,
    0x30, 0xec, 0xf8, 0xff, 0x28, 0xec, 0xf0, 0xff, 0x28, 0xe8, 0xf0, 0xff,
    0x30, 0xe8, 0xf8, 0xff, 0x28, 0xec, 0xf0, 0xff, 0x28, 0xe8, 0xf0, 0xff,
    0x30, 0xec, 0xf8, 0xff, 0x28, 0xec, 0xf0, 0xff, 0x30, 0xe8, 0xf8, 0xff,
    0x28, 0xe8, 0xf8, 0xff, 0x30, 0xec, 0xf0, 0xff, 0x28, 0xe8, 0xf8, 0xff,
    0x28, 0xec, 0xf0, 0xff, 0x28, 0xe8, 0xf8, 0xff, 0x28, 0xe8, 0xf8, 0xff,
    0x30, 0xec, 0xf0, 0xff, 0x28, 0xe8, 0xf0, 0xff, 0x28, 0xec, 0xf8, 0xff,
    0x30, 0xec, 0xf0, 0xff, 0x28, 0xe8, 0xf0, 0xff, 0x28, 0xec, 0xf8, 0xff,
    0x28, 0xe8, 0xf0, 0x41, 0x00, 0x00, 0x00, 0x00, 0x00, 0x00, 0x00, 0x00,
    0x00, 0x00, 0x00, 0x00, 0x00, 0x00, 0x00, 0x00, 0x00, 0x00, 0x00, 0x00,
    0x00, 0x00, 0x00, 0x00, 0x00, 0x00, 0x00, 0x00, 0x00, 0x00, 0x00, 0x00,
    0x00, 0x00, 0x00, 0x00, 0x00, 0x00, 0x00, 0x00, 0x00, 0x00, 0x00, 0x00,
    0x00, 0x00, 0x00, 0x00, 0x00, 0x00, 0x00, 0x00, 0x00, 0x00, 0x00, 0x00,
    0x00, 0x00, 0x00, 0x00, 0x00, 0x00, 0x00, 0x00, 0x00, 0x00, 0x00, 0x00,
    0x00, 0x00, 0x00, 0x00, 0x28, 0xe8, 0xf0, 0xdf, 0x28, 0xec, 0xf8, 0xff,
    0x28, 0xe8, 0xf0, 0xff, 0x30, 0xe8, 0xf8, 0xff, 0x28, 0xec, 0xf0, 0xff,
    0x30, 0xe8, 0xf0, 0xff, 0x30, 0xec, 0xf8, 0xff, 0x28, 0xe8, 0xf0, 0xff,
    0x28, 0xec, 0xf8, 0xff, 0x30, 0xe8, 0xf8, 0xa2, 0x00, 0x00, 0x00, 0x00,
    0x00, 0x00, 0x00, 0x00, 0x00, 0x00, 0x00, 0x00, 0x00, 0x00, 0x00, 0x00,
    0x00, 0x00, 0x00, 0x00, 0x28, 0xe8, 0xf0, 0x7d, 0x28, 0xec, 0xf0, 0xff,
    0x28, 0xe8, 0xf8, 0xff, 0x28, 0xec, 0xf0, 0xff, 0x28, 0xec, 0xf0, 0xff,
    0x30, 0xe8, 0xf8, 0xff, 0x28, 0xec, 0xf0, 0xff, 0x28, 0xe8, 0xf0, 0xff,
    0x30, 0xec, 0xf8, 0xff, 0x28, 0xe8, 0xf8, 0xff, 0x28, 0xec, 0xf0, 0xff,
    0x30, 0xec, 0xf8, 0xff, 0x28, 0xe8, 0xf0, 0xff, 0x28, 0xec, 0xf8, 0xff,
    0x28, 0xe8, 0xf8, 0xff, 0x28, 0xec, 0xf0, 0xff, 0x28, 0xec, 0xf0, 0xff,
    0x28, 0xe8, 0xf8, 0xff, 0x28, 0xec, 0xf0, 0xff, 0x28, 0xe8, 0xf0, 0xff,
    0x30, 0xec, 0xf8, 0xff, 0x28, 0xe8, 0xf0, 0xff, 0x28, 0xec, 0xf0, 0xff,
    0x30, 0xec, 0xf8, 0xff, 0x28, 0xe8, 0xf8, 0xff, 0x28, 0xe8, 0xf0, 0xff,
    0x30, 0xec, 0xf8, 0xff, 0x28, 0xe8, 0xf8, 0xff, 0x28, 0xec, 0xf0, 0xff,
    0x28, 0xe8, 0xf8, 0xff, 0x28, 0xe8, 0xf0, 0x41, 0x00, 0x00, 0x00, 0x00,
    0x00, 0x00, 0x00, 0x00, 0x00, 0x00, 0x00, 0x00, 0x00, 0x00, 0x00, 0x00,
    0x00, 0x00, 0x00, 0x00, 0x00, 0x00, 0x00, 0x00, 0x00, 0x00, 0x00, 0x00,
    0x00, 0x00, 0x00, 0x00, 0x00, 0x00, 0x00, 0x00, 0x00, 0x00, 0x00, 0x00,
    0x00, 0x00, 0x00, 0x00, 0x00, 0x00, 0x00, 0x00, 0x00, 0x00, 0x00, 0x00,
    0x00, 0x00, 0x00, 0x00, 0x00, 0x00, 0x00, 0x00, 0x00, 0x00, 0x00, 0x00,
    0x00, 0x00, 0x00, 0x00, 0x00, 0x00, 0x00, 0x00, 0x28, 0xec, 0xf8, 0xef,
    0x28, 0xe8, 0xf0, 0xff, 0x28, 0xec, 0xf8, 0xff, 0x28, 0xec, 0xf0, 0xff,
    0x28, 0xe8, 0xf8, 0xff, 0x28, 0xe8, 0xf8, 0xff, 0x28, 0xec, 0xf0, 0xff,
    0x28, 0xec, 0xf0, 0xff, 0x30, 0xe8, 0xf0, 0x9e, 0x00, 0x00, 0x00, 0x00,
    0x00, 0x00, 0x00, 0x00, 0x00, 0x00, 0x00, 0x00, 0x00, 0x00, 0x00, 0x00,
    0x00, 0x00, 0x00, 0x00, 0x00, 0x00, 0x00, 0x00, 0x00, 0x00, 0x00, 0x00,
    0x30, 0xe8, 0xf0, 0x82, 0x28, 0xec, 0xf8, 0xff, 0x28, 0xe8, 0xf8, 0xff,
    0x30, 0xec, 0xf0, 0xff, 0x28, 0xec, 0xf8, 0xff, 0x28, 0xe8, 0xf8, 0xff,
    0x28, 0xec, 0xf0, 0xff, 0x28, 0xe8, 0xf0, 0xff, 0x28, 0xe8, 0xf0, 0xff,
    0x28, 0xec, 0xf8, 0xff, 0x28, 0xe8, 0xf0, 0xff, 0x28, 0xec, 0xf8, 0xff,
    0x30, 0xe8, 0xf0, 0xff, 0x28, 0xe8, 0xf8, 0xff, 0x28, 0xe8, 0xf0, 0xff,
    0x30, 0xec, 0xf8, 0xff, 0x28, 0xe8, 0xf8, 0xff, 0x28, 0xec, 0xf0, 0xff,
    0x28, 0xec, 0xf8, 0xff, 0x30, 0xe8, 0xf8, 0xff, 0x28, 0xe8, 0xf0, 0xff,
    0x28, 0xec, 0xf0, 0xff, 0x28, 0xec, 0xf8, 0xff, 0x28, 0xe8, 0xf0, 0xff,
    0x28, 0xec, 0xf0, 0xff, 0x28, 0xe8, 0xf8, 0xff, 0x28, 0xe8, 0xf0, 0xff,
    0x30, 0xec, 0xf8, 0xff, 0x28, 0xe8, 0xf0, 0xff, 0x28, 0xe8, 0xf0, 0x41,
    0x00, 0x00, 0x00, 0x00, 0x00, 0x00, 0x00, 0x00, 0x00, 0x00, 0x00, 0x00,
    0x00, 0x00, 0x00, 0x00, 0x00, 0x00, 0x00, 0x00, 0x00, 0x00, 0x00, 0x00,
    0x00, 0x00, 0x00, 0x00, 0x00, 0x00, 0x00, 0x00, 0x00, 0x00, 0x00, 0x00,
    0x00, 0x00, 0x00, 0x00, 0x00, 0x00, 0x00, 0x00, 0x00, 0x00, 0x00, 0x00,
    0x00, 0x00, 0x00, 0x00, 0x00, 0x00, 0x00, 0x00, 0x00, 0x00, 0x00, 0x00,
    0x00, 0x00, 0x00, 0x00, 0x00, 0x00, 0x00, 0x00, 0x00, 0x00, 0x00, 0x00,
    0x30, 0xe8, 0xf8, 0xff, 0x28, 0xec, 0xf0, 0xff, 0x30, 0xe8, 0xf0, 0xff,
    0x28, 0xec, 0xf8, 0xff, 0x28, 0xe8, 0xf0, 0xff, 0x30, 0xec, 0xf8, 0xff,
    0x28, 0xe8, 0xf8, 0xff, 0x28, 0xec, 0xf8, 0x9a, 0x00, 0x00, 0x00, 0x00,
    0x00, 0x00, 0x00, 0x00, 0x00, 0x00, 0x00, 0x00, 0x00, 0x00, 0x00, 0x00,
    0x00, 0x00, 0x00, 0x00, 0x00, 0x00, 0x00, 0x00, 0x00, 0x00, 0x00, 0x00,
    0x00, 0x00, 0x00, 0x00, 0x00, 0x00, 0x00, 0x00, 0x28, 0xe8, 0xf0, 0x7d,
    0x30, 0xe8, 0xf8, 0xff, 0x28, 0xe8, 0xf0, 0xff, 0x28, 0xec, 0xf0, 0xff,
    0x30, 0xe8, 0xf8, 0xff, 0x28, 0xec, 0xf8, 0xff, 0x28, 0xec, 0xf0, 0xff,
    0x30, 0xe8, 0xf8, 0xff, 0x28, 0xe8, 0xf8, 0xff, 0x28, 0xec, 0xf0, 0xff,
    0x30, 0xec, 0xf0, 0xff, 0x28, 0xec, 0xf8, 0xff, 0x28, 0xe8, 0xf0, 0xff,
    0x30, 0xec, 0xf8, 0xff, 0x28, 0xe8, 0xf0, 0xff, 0x28, 0xe8, 0xf0, 0xff,
    0x30, 0xec, 0xf8, 0xff, 0x28, 0xe8, 0xf0, 0xff, 0x28, 0xec, 0xf8, 0xff,
    0x30, 0xe8, 0xf8, 0xff, 0x28, 0xe8, 0xf0, 0xff, 0x30, 0xec, 0xf8, 0xff,
    0x28, 0xe8, 0xf8, 0xff, 0x30, 0xec, 0xf0, 0xff, 0x28, 0xec, 0xf0, 0xff,
    0x28, 0xe8, 0xf8, 0xff, 0x30, 0xec, 0xf8, 0xff, 0x28, 0xe8, 0xf8, 0xff,
    0x28, 0xe8, 0xf0, 0x41, 0x00, 0x00, 0x00, 0x00, 0x00, 0x00, 0x00, 0x00,
    0x00, 0x00, 0x00, 0x00, 0x00, 0x00, 0x00, 0x00, 0x00, 0x00, 0x00, 0x00,
    0x00, 0x00, 0x00, 0x00, 0x00, 0x00, 0x00, 0x00, 0x00, 0x00, 0x00, 0x00,
    0x00, 0x00, 0x00, 0x00, 0x00, 0x00, 0x00, 0x00, 0x00, 0x00, 0x00, 0x00,
    0x00, 0x00, 0x00, 0x00, 0x00, 0x00, 0x00, 0x00, 0x00, 0x00, 0x00, 0x00,
    0x00, 0x00, 0x00, 0x00, 0x00, 0x00, 0x00, 0x00, 0x00, 0x00, 0x00, 0x00,
    0x28, 0xe8, 0xf0, 0x55, 0x28, 0xec, 0xf8, 0xff, 0x28, 0xe8, 0xf8, 0xff,
    0x30, 0xec, 0xf0, 0xff, 0x28, 0xe8, 0xf8, 0xff, 0x28, 0xec, 0xf0, 0xff,
    0x30, 0xe8, 0xf0, 0xff, 0x28, 0xe8, 0xf0, 0x96, 0x00, 0x00, 0x00, 0x00,
    0x00, 0x00, 0x00, 0x00, 0x00, 0x00, 0x00, 0x00, 0x00, 0x00, 0x00, 0x00,
    0x00, 0x00, 0x00, 0x00, 0x00, 0x00, 0x00, 0x00, 0x00, 0x00, 0x00, 0x00,
    0x00, 0x00, 0x00, 0x00, 0x00, 0x00, 0x00, 0x00, 0x00, 0x00, 0x00, 0x00,
    0x00, 0x00, 0x00, 0x00, 0x28, 0xe8, 0xf0, 0x82, 0x28, 0xec, 0xf8, 0xff,
    0x28, 0xe8, 0xf0, 0xff, 0x30, 0xe8, 0xf8, 0xff, 0x28, 0xec, 0xf0, 0xff,
    0x28, 0xec, 0xf8, 0xff, 0x30, 0xe8, 0xf0, 0xff, 0x28, 0xec, 0xf8, 0xff,
    0x28, 0xe8, 0xf8, 0xff, 0x30, 0xe8, 0xf0, 0xff, 0x28, 0xec, 0xf8, 0xff,
    0x28, 0xec, 0xf8, 0xff, 0x28, 0xe8, 0xf0, 0xff, 0x28, 0xec, 0xf8, 0xff,
    0x28, 0xec, 0xf0, 0xff, 0x30, 0xe8, 0xf8, 0xff, 0x28, 0xe8, 0xf0, 0xff,
    0x28, 0xec, 0xf0, 0xff, 0x28, 0xec, 0xf8, 0xff, 0x28, 0xe8, 0xf0, 0xff,
    0x28, 0xec, 0xf0, 0xff, 0x30, 0xe8, 0xf8, 0xff, 0x28, 0xe8, 0xf8, 0xff,
    0x28, 0xec, 0xf0, 0xff, 0x28, 0xec, 0xf0, 0xff, 0x28, 0xe8, 0xf8, 0xff,
    0x28, 0xec, 0xf0, 0xff, 0x28, 0xe8, 0xf0, 0x3c, 0x00, 0x00, 0x00, 0x00,
    0x00, 0x00, 0x00, 0x00, 0x00, 0x00, 0x00, 0x00, 0x00, 0x00, 0x00, 0x00,
    0x00, 0x00, 0x00, 0x00, 0x00, 0x00, 0x00, 0x00, 0x00, 0x00, 0x00, 0x00,
    0x00, 0x00, 0x00, 0x00, 0x00, 0x00, 0x00, 0x00, 0x00, 0x00, 0x00, 0x00,
    0x00, 0x00, 0x00, 0x00, 0x00, 0x00, 0x00, 0x00, 0x00, 0x00, 0x00, 0x00,
    0x00, 0x00, 0x00, 0x00, 0x00, 0x00, 0x00, 0x00, 0x00, 0x00, 0x00, 0x00,
    0x00, 0x00, 0x00, 0x00, 0x28, 0xec, 0xf8, 0xaa, 0x28, 0xe8, 0xf0, 0xff,
    0x28, 0xec, 0xf0, 0xff, 0x28, 0xe8, 0xf8, 0xff, 0x28, 0xec, 0xf8, 0xff,
    0x28, 0xec, 0xf0, 0xff, 0x30, 0xe8, 0xf8, 0x8e, 0x00, 0x00, 0x00, 0x00,
    0x00, 0x00, 0x00, 0x00, 0x00, 0x00, 0x00, 0x00, 0x00, 0x00, 0x00, 0x00,
    0x00, 0x00, 0x00, 0x00, 0x00, 0x00, 0x00, 0x00, 0x00, 0x00, 0x00, 0x00,
    0x00, 0x00, 0x00, 0x00, 0x00, 0x00, 0x00, 0x00, 0x00, 0x00, 0x00, 0x00,
    0x00, 0x00, 0x00, 0x00, 0x00, 0x00, 0x00, 0x00, 0x00, 0x00, 0x00, 0x00,
    0x28, 0xe8, 0xf0, 0x7d, 0x28, 0xec, 0xf8, 0xff, 0x28, 0xec, 0xf0, 0xff,
    0x28, 0xe8, 0xf8, 0xff, 0x28, 0xe8, 0xf0, 0xff, 0x28, 0xec, 0xf0, 0xff,
    0x28, 0xec, 0xf8, 0xff, 0x28, 0xe8, 0xf0, 0xff, 0x28, 0xe8, 0xf0, 0xff,
    0x28, 0xec, 0xf8, 0xff, 0x30, 0xe8, 0xf0, 0xff, 0x28, 0xe8, 0xf0, 0xff,
    0x28, 0xec, 0xf8, 0xff, 0x30, 0xec, 0xf8, 0xff, 0x28, 0xe8, 0xf0, 0xff,
    0x28, 0xec, 0xf8, 0xff, 0x30, 0xe8, 0xf0, 0xff, 0x28, 0xec, 0xf8, 0xff,
    0x28, 0xec, 0xf8, 0xff, 0x28, 0xe8, 0xf0, 0xff, 0x28, 0xec, 0xf0, 0xff,
    0x28, 0xe8, 0xf8, 0xff, 0x30, 0xe8, 0xf8, 0xff, 0x28, 0xec, 0xf0, 0xff,
    0x28, 0xe8, 0xf8, 0xff, 0x30, 0xe8, 0xf8, 0xff, 0x28, 0xe8, 0xf0, 0x41,
    0x00, 0x00, 0x00, 0x00, 0x00, 0x00, 0x00, 0x00, 0x00, 0x00, 0x00, 0x00,
    0x00, 0x00, 0x00, 0x00, 0x00, 0x00, 0x00, 0x00, 0x00, 0x00, 0x00, 0x00,
    0x00, 0x00, 0x00, 0x00, 0x00, 0x00, 0x00, 0x00, 0x00, 0x00, 0x00, 0x00,
    0x00, 0x00, 0x00, 0x00, 0x00, 0x00, 0x00, 0x00, 0x00, 0x00, 0x00, 0x00,
    0x00, 0x00, 0x00, 0x00, 0x00, 0x00, 0x00, 0x00, 0x00, 0x00, 0x00, 0x00,
    0x00, 0x00, 0x00, 0x00, 0x28, 0xe8, 0xf0, 0x20, 0x30, 0xe8, 0xf8, 0xff,
    0x28, 0xec, 0xf0, 0xff, 0x30, 0xe8, 0xf0, 0xff, 0x28, 0xe8, 0xf8, 0xff,
    0x28, 0xec, 0xf0, 0xff, 0x30, 0xe8, 0xf8, 0x8a, 0x00, 0x00, 0x00, 0x00,
    0x00, 0x00, 0x00, 0x00, 0x00, 0x00, 0x00, 0x00, 0x00, 0x00, 0x00, 0x00,
    0x00, 0x00, 0x00, 0x00, 0x00, 0x00, 0x00, 0x00, 0x00, 0x00, 0x00, 0x00,
    0x00, 0x00, 0x00, 0x00, 0x00, 0x00, 0x00, 0x00, 0x00, 0x00, 0x00, 0x00,
    0x00, 0x00, 0x00, 0x00, 0x00, 0x00, 0x00, 0x00, 0x00, 0x00, 0x00, 0x00,
    0x00, 0x00, 0x00, 0x00, 0x00, 0x00, 0x00, 0x00, 0x30, 0xe8, 0xf0, 0x82,
    0x28, 0xec, 0xf8, 0xff, 0x30, 0xe8, 0xf8, 0xff, 0x30, 0xe8, 0xf0, 0xff,
    0x28, 0xec, 0xf8, 0xff, 0x30, 0xe8, 0xf8, 0xff, 0x28, 0xec, 0xf0, 0xff,
    0x28, 0xec, 0xf8, 0xff, 0x30, 0xe8, 0xf8, 0xff, 0x28, 0xec, 0xf0, 0xff,
    0x28, 0xe8, 0xf8, 0xff, 0x30, 0xe8, 0xf0, 0xff, 0x28, 0xec, 0xf0, 0xff,
    0x28, 0xe8, 0xf8, 0xff, 0x28, 0xec, 0xf8, 0xff, 0x28, 0xe8, 0xf0, 0xff,
    0x30, 0xe8, 0xf0, 0xff, 0x28, 0xec, 0xf8, 0xff, 0x30, 0xe8, 0xf8, 0xff,
    0x28, 0xec, 0xf0, 0xff, 0x28, 0xec, 0xf0, 0xff, 0x30, 0xe8, 0xf8, 0xff,
    0x28, 0xec, 0xf0, 0xff, 0x28, 0xec, 0xf0, 0xff, 0x30, 0xe8, 0xf8, 0xff,
    0x28, 0xe8, 0xf0, 0x41, 0x00, 0x00, 0x00, 0x00, 0x00, 0x00, 0x00, 0x00,
    0x00, 0x00, 0x00, 0x00, 0x00, 0x00, 0x00, 0x00, 0x00, 0x00, 0x00, 0x00,
    0x00, 0x00, 0x00, 0x00, 0x00, 0x00, 0x00, 0x00, 0x00, 0x00, 0x00, 0x00,
    0x00, 0x00, 0x00, 0x00, 0x00, 0x00, 0x00, 0x00, 0x00, 0x00, 0x00, 0x00,
    0x00, 0x00, 0x00, 0x00, 0x00, 0x00, 0x00, 0x00, 0x00, 0x00, 0x00, 0x00,
    0x00, 0x00, 0x00, 0x00, 0x00, 0x00, 0x00, 0x00, 0x30, 0xec, 0xf8, 0x82,
    0x28, 0xec, 0xf0, 0xff, 0x28, 0xec, 0xf8, 0xff, 0x28, 0xe8, 0xf8, 0xff,
    0x30, 0xec, 0xf0, 0xff, 0x28, 0xe8, 0xf0, 0x86, 0x00, 0x00, 0x00, 0x00,
    0x00, 0x00, 0x00, 0x00, 0x00, 0x00, 0x00, 0x00, 0x00, 0x00, 0x00, 0x00,
    0x00, 0x00, 0x00, 0x00, 0x00, 0x00, 0x00, 0x00, 0x00, 0x00, 0x00, 0x00,
    0x00, 0x00, 0x00, 0x00, 0x00, 0x00, 0x00, 0x00, 0x00, 0x00, 0x00, 0x00,
    0x00, 0x00, 0x00, 0x00, 0x00, 0x00, 0x00, 0x00, 0x00, 0x00, 0x00, 0x00,
    0x00, 0x00, 0x00, 0x00, 0x00, 0x00, 0x00, 0x00, 0x00, 0x00, 0x00, 0x00,
    0x00, 0x00, 0x00, 0x00, 0x28, 0xe8, 0xf0, 0x7d, 0x28, 0xec, 0xf8, 0xff,
    0x28, 0xec, 0xf0, 0xff, 0x28, 0xe8, 0xf0, 0xff, 0x30, 0xe8, 0xf8, 0xff,
    0x28, 0xec, 0xf0, 0xff, 0x28, 0xe8, 0xf0, 0xff, 0x30, 0xec, 0xf8, 0xff,
    0x28, 0xec, 0xf0, 0xff, 0x28, 0xe8, 0xf8, 0xff, 0x28, 0xec, 0xf8, 0xff,
    0x28, 0xe8, 0xf0, 0xff, 0x30, 0xec, 0xf0, 0xff, 0x28, 0xe8, 0xf8, 0xff,
    0x28, 0xec, 0xf0, 0xff, 0x28, 0xe8, 0xf8, 0xff, 0x28, 0xe8, 0xf0, 0xff,
    0x30, 0xec, 0xf8, 0xff, 0x28, 0xe8, 0xf8, 0xff, 0x28, 0xec, 0xf0, 0xff,
    0x28, 0xe8, 0xf8, 0xff, 0x28, 0xe8, 0xf8, 0xff, 0x28, 0xec, 0xf0, 0xff,
    0x28, 0xe8, 0xf8, 0xff, 0x28, 0xe8, 0xf0, 0x41, 0x00, 0x00, 0x00, 0x00,
    0x00, 0x00, 0x00, 0x00, 0x00, 0x00, 0x00, 0x00, 0x00, 0x00, 0x00, 0x00,
    0x00, 0x00, 0x00, 0x00, 0x00, 0x00, 0x00, 0x00, 0x00, 0x00, 0x00, 0x00,
    0x00, 0x00, 0x00, 0x00, 0x00, 0x00, 0x00, 0x00, 0x00, 0x00, 0x00, 0x00,
    0x00, 0x00, 0x00, 0x00, 0x00, 0x00, 0x00, 0x00, 0x00, 0x00, 0x00, 0x00,
    0x00, 0x00, 0x00, 0x00, 0x00, 0x00, 0x00, 0x00, 0x28, 0xe4, 0xf0, 0x28,
    0x28, 0xe8, 0xf0, 0xef, 0x28, 0xec, 0xf8, 0xff, 0x28, 0xe8, 0xf0, 0xff,
    0x28, 0xec, 0xf8, 0xff, 0x30, 0xec, 0xf0, 0x82, 0x00, 0x00, 0x00, 0x00,
    0x00, 0x00, 0x00, 0x00, 0x00, 0x00, 0x00, 0x00, 0x00, 0x00, 0x00, 0x00,
    0x00, 0x00, 0x00, 0x00, 0x00, 0x00, 0x00, 0x00, 0x00, 0x00, 0x00, 0x00,
    0x00, 0x00, 0x00, 0x00, 0x00, 0x00, 0x00, 0x00, 0x00, 0x00, 0x00, 0x00,
    0x00, 0x00, 0x00, 0x00, 0x00, 0x00, 0x00, 0x00, 0x00, 0x00, 0x00, 0x00,
    0x00, 0x00, 0x00, 0x00, 0x00, 0x00, 0x00, 0x00, 0x00, 0x00, 0x00, 0x00,
    0x00, 0x00, 0x00, 0x00, 0x00, 0x00, 0x00, 0x00, 0x00, 0x00, 0x00, 0x00,
    0x28, 0xe8, 0xf0, 0x82, 0x28, 0xec, 0xf8, 0xff, 0x28, 0xe8, 0xf0, 0xff,
    0x28, 0xec, 0xf8, 0xff, 0x28, 0xe8, 0xf8, 0xff, 0x28, 0xe8, 0xf0, 0xff,
    0x28, 0xec, 0xf0, 0xff, 0x28, 0xe8, 0xf8, 0xff, 0x30, 0xec, 0xf0, 0xff,
    0x28, 0xec, 0xf8, 0xff, 0x28, 0xe8, 0xf8, 0xff, 0x30, 0xe8, 0xf0, 0xff,
    0x28, 0xec, 0xf8, 0xff, 0x28, 0xec, 0xf8, 0xff, 0x30, 0xec, 0xf0, 0xff,
    0x28, 0xe8, 0xf0, 0xff, 0x28, 0xec, 0xf8, 0xff, 0x28, 0xe8, 0xf0, 0xff,
    0x30, 0xe8, 0xf0, 0xff, 0x28, 0xec, 0xf8, 0xff, 0x30, 0xec, 0xf0, 0xff,
    0x28, 0xe8, 0xf8, 0xff, 0x28, 0xe8, 0xf8, 0xff, 0x28, 0xe8, 0xf0, 0x41,
    0x00, 0x00, 0x00, 0x00, 0x00, 0x00, 0x00, 0x00, 0x00, 0x00, 0x00, 0x00,
    0x00, 0x00, 0x00, 0x00, 0x00, 0x00, 0x00, 0x00, 0x00, 0x00, 0x00, 0x00,
    0x00, 0x00, 0x00, 0x00, 0x00, 0x00, 0x00, 0x00, 0x00, 0x00, 0x00, 0x00,
    0x00, 0x00, 0x00, 0x00, 0x00, 0x00, 0x00, 0x00, 0x00, 0x00, 0x00, 0x00,
    0x00, 0x00, 0x00, 0x00, 0x00, 0x00, 0x00, 0x00, 0x00, 0x00, 0x00, 0x00,
    0x28, 0xec, 0xf0, 0x92, 0x28, 0xe8, 0xf8, 0xff, 0x28, 0xe8, 0xf8, 0xff,
    0x30, 0xec, 0xf0, 0xff, 0x28, 0xe8, 0xf0, 0xbe, 0x00, 0x00, 0x00, 0x00,
    0x00, 0x00, 0x00, 0x00, 0x00, 0x00, 0x00, 0x00, 0x00, 0x00, 0x00, 0x00,
    0x00, 0x00, 0x00, 0x00, 0x00, 0x00, 0x00, 0x00, 0x00, 0x00, 0x00, 0x00,
    0x00, 0x00, 0x00, 0x00, 0x00, 0x00, 0x00, 0x00, 0x00, 0x00, 0x00, 0x00,
    0x00, 0x00, 0x00, 0x00, 0x00, 0x00, 0x00, 0x00, 0x00, 0x00, 0x00, 0x00,
    0x00, 0x00, 0x00, 0x00, 0x00, 0x00, 0x00, 0x00, 0x00, 0x00, 0x00, 0x00,
    0x00, 0x00, 0x00, 0x00, 0x00, 0x00, 0x00, 0x00, 0x00, 0x00, 0x00, 0x00,
    0x00, 0x00, 0x00, 0x00, 0x00, 0x00, 0x00, 0x00, 0x28, 0xe8, 0xf8, 0xbe,
    0x30, 0xec, 0xf0, 0xff, 0x28, 0xec, 0xf0, 0xff, 0x30, 0xe8, 0xf8, 0xff,
    0x28, 0xec, 0xf8, 0xff, 0x28, 0xe8, 0xf0, 0xff, 0x30, 0xe8, 0xf8, 0xff,
    0x28, 0xec, 0xf0, 0xff, 0x28, 0xe8, 0xf0, 0xff, 0x28, 0xec, 0xf8, 0xff,
    0x28, 0xec, 0xf0, 0xff, 0x28, 0xe8, 0xf0, 0xff, 0x30, 0xe8, 0xf8, 0xff,
    0x28, 0xec, 0xf0, 0xff, 0x28, 0xec, 0xf8, 0xff, 0x28, 0xe8, 0xf8, 0xff,
    0x30, 0xec, 0xf0, 0xff, 0x28, 0xec, 0xf8, 0xff, 0x28, 0xe8, 0xf0, 0xff,
    0x28, 0xec, 0xf0, 0xff, 0x30, 0xec, 0xf8, 0xff, 0x28, 0xe8, 0xf0, 0xff,
    0x28, 0xe8, 0xf0, 0x41, 0x00, 0x00, 0x00, 0x00, 0x00, 0x00, 0x00, 0x00,
    0x00, 0x00, 0x00, 0x00, 0x00, 0x00, 0x00, 0x00, 0x00, 0x00, 0x00, 0x00,
    0x00, 0x00, 0x00, 0x00, 0x00, 0x00, 0x00, 0x00, 0x00, 0x00, 0x00, 0x00,
    0x00, 0x00, 0x00, 0x00, 0x00, 0x00, 0x00, 0x00, 0x00, 0x00, 0x00, 0x00,
    0x00, 0x00, 0x00, 0x00, 0x00, 0x00, 0x00, 0x00, 0x00, 0x00, 0x00, 0x00,
    0x28, 0xe8, 0xf0, 0x51, 0x28, 0xec, 0xf8, 0xff, 0x30, 0xec, 0xf8, 0xff,
    0x28, 0xe8, 0xf0, 0xff, 0x28, 0xec, 0xf8, 0xff, 0x28, 0xe8, 0xf8, 0xbe,
    0x00, 0x00, 0x00, 0x00, 0x00, 0x00, 0x00, 0x00, 0x00, 0x00, 0x00, 0x00,
    0x00, 0x00, 0x00, 0x00, 0x00, 0x00, 0x00, 0x00, 0x00, 0x00, 0x00, 0x00,
    0x00, 0x00, 0x00, 0x00, 0x00, 0x00, 0x00, 0x00, 0x00, 0x00, 0x00, 0x00,
    0x00, 0x00, 0x00, 0x00, 0x00, 0x00, 0x00, 0x00, 0x00, 0x00, 0x00, 0x00,
    0x00, 0x00, 0x00, 0x00, 0x00, 0x00, 0x00, 0x00, 0x00, 0x00, 0x00, 0x00,
    0x00, 0x00, 0x00, 0x00, 0x00, 0x00, 0x00, 0x00, 0x00, 0x00, 0x00, 0x00,
    0x00, 0x00, 0x00, 0x00, 0x00, 0x00, 0x00, 0x00, 0x00, 0x00, 0x00, 0x00,
    0x28, 0xec, 0xf8, 0xbe, 0x28, 0xe8, 0xf0, 0xff, 0x30, 0xe8, 0xf8, 0xff,
    0x28, 0xec, 0xf0, 0xff, 0x28, 0xec, 0xf0, 0xff, 0x30, 0xe8, 0xf8, 0xff,
    0x28, 0xec, 0xf8, 0xff, 0x28, 0xe8, 0xf0, 0xff, 0x30, 0xe8, 0xf8, 0xff,
    0x28, 0xec, 0xf0, 0xff, 0x28, 0xe8, 0xf8, 0xff, 0x30, 0xe8, 0xf0, 0xff,
    0x28, 0xec, 0xf8, 0xff, 0x28, 0xe8, 0xf0, 0xff, 0x28, 0xe8, 0xf0, 0xff,
    0x30, 0xec, 0xf8, 0xff, 0x28, 0xe8, 0xf0, 0xff, 0x28, 0xe8, 0xf8, 0xff,
    0x28, 0xec, 0xf8, 0xff, 0x28, 0xe8, 0xf0, 0xff, 0x30, 0xe8, 0xf8, 0xff,
    0x28, 0xec, 0xf8, 0xff, 0x28, 0xe8, 0xf0, 0x41, 0x00, 0x00, 0x00, 0x00,
    0x00, 0x00, 0x00, 0x00, 0x00, 0x00, 0x00, 0x00, 0x00, 0x00, 0x00, 0x00,
    0x00, 0x00, 0x00, 0x00, 0x00, 0x00, 0x00, 0x00, 0x00, 0x00, 0x00, 0x00,
    0x00, 0x00, 0x00, 0x00, 0x00, 0x00, 0x00, 0x00, 0x00, 0x00, 0x00, 0x00,
    0x00, 0x00, 0x00, 0x00, 0x00, 0x00, 0x00, 0x00, 0x00, 0x00, 0x00, 0x00,
    0x28, 0xec, 0xf8, 0x18, 0x28, 0xe8, 0xf8, 0xef, 0x28, 0xe8, 0xf0, 0xff,
    0x28, 0xec, 0xf0, 0xff, 0x30, 0xe8, 0xf0, 0xff, 0x28, 0xec, 0xf8, 0xff,
    0x28, 0xec, 0xf8, 0xbe, 0x00, 0x00, 0x00, 0x00, 0x00, 0x00, 0x00, 0x00,
    0x00, 0x00, 0x00, 0x00, 0x00, 0x00, 0x00, 0x00, 0x00, 0x00, 0x00, 0x00,
    0x00, 0x00, 0x00, 0x00, 0x00, 0x00, 0x00, 0x00, 0x00, 0x00, 0x00, 0x00,
    0x00, 0x00, 0x00, 0x00, 0x00, 0x00, 0x00, 0x00, 0x00, 0x00, 0x00, 0x00,
    0x00, 0x00, 0x00, 0x00, 0x00, 0x00, 0x00, 0x00, 0x00, 0x00, 0x00, 0x00,
    0x00, 0x00, 0x00, 0x00, 0x00, 0x00, 0x00, 0x00, 0x00, 0x00, 0x00, 0x00,
    0x00, 0x00, 0x00, 0x00, 0x00, 0x00, 0x00, 0x00, 0x00, 0x00, 0x00, 0x00,
    0x00, 0x00, 0x00, 0x00, 0x28, 0xec, 0xf0, 0xbe, 0x28, 0xe8, 0xf8, 0xff,
    0x28, 0xec, 0xf8, 0xff, 0x28, 0xe8, 0xf0, 0xff, 0x28, 0xe8, 0xf8, 0xff,
    0x28, 0xec, 0xf0, 0xff, 0x28, 0xec, 0xf0, 0xff, 0x28, 0xe8, 0xf8, 0xff,
    0x30, 0xec, 0xf8, 0xff, 0x28, 0xec, 0xf0, 0xff, 0x28, 0xe8, 0xf8, 0xff,
    0x28, 0xec, 0xf8, 0xff, 0x28, 0xec, 0xf0, 0xff, 0x30, 0xe8, 0xf8, 0xff,
    0x28, 0xec, 0xf8, 0xff, 0x28, 0xec, 0xf0, 0xff, 0x28, 0xe8, 0xf0, 0xff,
    0x30, 0xec, 0xf8, 0xff, 0x28, 0xec, 0xf0, 0xff, 0x28, 0xe8, 0xf0, 0xff,
    0x28, 0xe8, 0xf8, 0xff, 0x28, 0xec, 0xf8, 0xff, 0x28, 0xe8, 0xf0, 0x41,
    0x00, 0x00, 0x00, 0x00, 0x00, 0x00, 0x00, 0x00, 0x00, 0x00, 0x00, 0x00,
    0x00, 0x00, 0x00, 0x00, 0x00, 0x00, 0x00, 0x00, 0x00, 0x00, 0x00, 0x00,
    0x00, 0x00, 0x00, 0x00, 0x00, 0x00, 0x00, 0x00, 0x00, 0x00, 0x00, 0x00,
    0x00, 0x00, 0x00, 0x00, 0x00, 0x00, 0x00, 0x00, 0x00, 0x00, 0x00, 0x00,
    0x00, 0x00, 0x00, 0x00, 0x28, 0xec, 0xf8, 0xdf, 0x30, 0xe8, 0xf0, 0xff,
    0x28, 0xec, 0xf8, 0xff, 0x28, 0xe8, 0xf8, 0xff, 0x28, 0xe8, 0xf0, 0xff,
    0x30, 0xec, 0xf0, 0xff, 0x28, 0xe8, 0xf0, 0xbe, 0x00, 0x00, 0x00, 0x00,
    0x00, 0x00, 0x00, 0x00, 0x00, 0x00, 0x00, 0x00, 0x00, 0x00, 0x00, 0x00,
    0x00, 0x00, 0x00, 0x00, 0x00, 0x00, 0x00, 0x00, 0x00, 0x00, 0x00, 0x00,
    0x00, 0x00, 0x00, 0x00, 0x00, 0x00, 0x00, 0x00, 0x00, 0x00, 0x00, 0x00,
    0x00, 0x00, 0x00, 0x00, 0x00, 0x00, 0x00, 0x00, 0x00, 0x00, 0x00, 0x00,
    0x00, 0x00, 0x00, 0x00, 0x00, 0x00, 0x00, 0x00, 0x00, 0x00, 0x00, 0x00,
    0x00, 0x00, 0x00, 0x00, 0x00, 0x00, 0x00, 0x00, 0x00, 0x00, 0x00, 0x00,
    0x00, 0x00, 0x00, 0x00, 0x00, 0x00, 0x00, 0x00, 0x28, 0xe8, 0xf8, 0xbe,
    0x30, 0xec, 0xf0, 0xff, 0x28, 0xec, 0xf0, 0xff, 0x30, 0xe8, 0xf8, 0xff,
    0x28, 0xec, 0xf8, 0xff, 0x30, 0xec, 0xf0, 0xff, 0x28, 0xe8, 0xf0, 0xff,
    0x28, 0xe8, 0xf8, 0xff, 0x28, 0xec, 0xf0, 0xff, 0x30, 0xe8, 0xf0, 0xff,
    0x28, 0xec, 0xf8, 0xff, 0x28, 0xe8, 0xf0, 0xff, 0x30, 0xe8, 0xf0, 0xff,
    0x28, 0xec, 0xf8, 0xff, 0x28, 0xe8, 0xf8, 0xff, 0x28, 0xe8, 0xf0, 0xff,
    0x30, 0xec, 0xf8, 0xff, 0x28, 0xe8, 0xf8, 0xff, 0x28, 0xec, 0xf0, 0xff,
    0x30, 0xec, 0xf8, 0xff, 0x28, 0xe8, 0xf0, 0xff, 0x28, 0xe8, 0xf0, 0xff,
    0x28, 0xe8, 0xf8, 0x41, 0x00, 0x00, 0x00, 0x00, 0x00, 0x00, 0x00, 0x00,
    0x00, 0x00, 0x00, 0x00, 0x00, 0x00, 0x00, 0x00, 0x00, 0x00, 0x00, 0x00,
    0x00, 0x00, 0x00, 0x00, 0x00, 0x00, 0x00, 0x00, 0x00, 0x00, 0x00, 0x00,
    0x00, 0x00, 0x00, 0x00, 0x00, 0x00, 0x00, 0x00, 0x00, 0x00, 0x00, 0x00,
    0x00, 0x00, 0x00, 0x00, 0x28, 0xe8, 0xf8, 0xbe, 0x28, 0xec, 0xf0, 0xff,
    0x28, 0xec, 0xf0, 0xff, 0x30, 0xe8, 0xf8, 0xff, 0x28, 0xec, 0xf8, 0xff,
    0x28, 0xec, 0xf8, 0xff, 0x28, 0xe8, 0xf0, 0xff, 0x28, 0xe8, 0xf8, 0xbe,
    0x00, 0x00, 0x00, 0x00, 0x00, 0x00, 0x00, 0x00, 0x00, 0x00, 0x00, 0x00,
    0x00, 0x00, 0x00, 0x00, 0x00, 0x00, 0x00, 0x00, 0x00, 0x00, 0x00, 0x00,
    0x00, 0x00, 0x00, 0x00, 0x00, 0x00, 0x00, 0x00, 0x00, 0x00, 0x00, 0x00,
    0x00, 0x00, 0x00, 0x00, 0x00, 0x00, 0x00, 0x00, 0x00, 0x00, 0x00, 0x00,
    0x00, 0x00, 0x00, 0x00, 0x00, 0x00, 0x00, 0x00, 0x00, 0x00, 0x00, 0x00,
    0x00, 0x00, 0x00, 0x00, 0x00, 0x00, 0x00, 0x00, 0x00, 0x00, 0x00, 0x00,
    0x00, 0x00, 0x00, 0x00, 0x00, 0x00, 0x00, 0x00, 0x00, 0x00, 0x00, 0x00,
    0x28, 0xe8, 0xf8, 0xbe, 0x28, 0xec, 0xf0, 0xff, 0x30, 0xe8, 0xf0, 0xff,
    0x28, 0xe8, 0xf8, 0xff, 0x28, 0xec, 0xf8, 0xff, 0x28, 0xe8, 0xf0, 0xff,
    0x30, 0xe8, 0xf8, 0xff, 0x28, 0xec, 0xf8, 0xff, 0x28, 0xe8, 0xf0, 0xff,
    0x28, 0xec, 0xf8, 0xff, 0x30, 0xe8, 0xf8, 0xff, 0x28, 0xec, 0xf0, 0xff,
    0x28, 0xec, 0xf0, 0xff, 0x28, 0xe8, 0xf8, 0xff, 0x30, 0xec, 0xf0, 0xff,
    0x28, 0xe8, 0xf0, 0xff, 0x28, 0xec, 0xf8, 0xff, 0x28, 0xe8, 0xf0, 0xff,
    0x28, 0xe8, 0xf8, 0xff, 0x30, 0xec, 0xf8, 0xff, 0x28, 0xec, 0xf0, 0xff,
    0x30, 0xe8, 0xf8, 0xff, 0x28, 0xe8, 0xf0, 0x41, 0x00, 0x00, 0x00, 0x00,
    0x00, 0x00, 0x00, 0x00, 0x00, 0x00, 0x00, 0x00, 0x00, 0x00, 0x00, 0x00,
    0x00, 0x00, 0x00, 0x00, 0x00, 0x00, 0x00, 0x00, 0x00, 0x00, 0x00, 0x00,
    0x00, 0x00, 0x00, 0x00, 0x00, 0x00, 0x00, 0x00, 0x00, 0x00, 0x00, 0x00,
    0x28, 0xe8, 0xf0, 0x14, 0x28, 0xe8, 0xf8, 0xbe, 0x28, 0xe8, 0xf8, 0xff,
    0x28, 0xec, 0xf0, 0xff, 0x28, 0xe8, 0xf8, 0xff, 0x28, 0xe8, 0xf0, 0xff,
    0x30, 0xec, 0xf0, 0xff, 0x28, 0xec, 0xf8, 0xff, 0x28, 0xe8, 0xf8, 0xff,
    0x28, 0xec, 0xf0, 0xbe, 0x00, 0x00, 0x00, 0x00, 0x00, 0x00, 0x00, 0x00,
    0x00, 0x00, 0x00, 0x00, 0x00, 0x00, 0x00, 0x00, 0x00, 0x00, 0x00, 0x00,
    0x00, 0x00, 0x00, 0x00, 0x00, 0x00, 0x00, 0x00, 0x00, 0x00, 0x00, 0x00,
    0x00, 0x00, 0x00, 0x00, 0x00, 0x00, 0x00, 0x00, 0x00, 0x00, 0x00, 0x00,
    0x00, 0x00, 0x00, 0x00, 0x00, 0x00, 0x00, 0x00, 0x00, 0x00, 0x00, 0x00,
    0x00, 0x00, 0x00, 0x00, 0x00, 0x00, 0x00, 0x00, 0x00, 0x00, 0x00, 0x00,
    0x00, 0x00, 0x00, 0x00, 0x00, 0x00, 0x00, 0x00, 0x00, 0x00, 0x00, 0x00,
    0x00, 0x00, 0x00, 0x00, 0x28, 0xec, 0xf8, 0xbe, 0x28, 0xe8, 0xf8, 0xff,
    0x28, 0xec, 0xf0, 0xff, 0x28, 0xec, 0xf0, 0xff, 0x28, 0xe8, 0xf8, 0xff,
    0x28, 0xec, 0xf0, 0xff, 0x28, 0xec, 0xf8, 0xff, 0x30, 0xe8, 0xf0, 0xff,
    0x28, 0xec, 0xf0, 0xff, 0x28, 0xe8, 0xf8, 0xff, 0x28, 0xec, 0xf0, 0xff,
    0x30, 0xe8, 0xf8, 0xff, 0x28, 0xe8, 0xf8, 0xff, 0x28, 0xec, 0xf0, 0xff,
    0x28, 0xec, 0xf8, 0xff, 0x30, 0xe8, 0xf8, 0xff, 0x28, 0xec, 0xf0, 0xff,
    0x28, 0xec, 0xf0, 0xff, 0x30, 0xe8, 0xf8, 0xff, 0x28, 0xe8, 0xf0, 0xff,
    0x28, 0xec, 0xf8, 0xff, 0x28, 0xe8, 0xf0, 0xff, 0x28, 0xe8, 0xf0, 0x41,
    0x00, 0x00, 0x00, 0x00, 0x00, 0x00, 0x00, 0x00, 0x00, 0x00, 0x00, 0x00,
    0x00, 0x00, 0x00, 0x00, 0x00, 0x00, 0x00, 0x00, 0x00, 0x00, 0x00, 0x00,
    0x00, 0x00, 0x00, 0x00, 0x00, 0x00, 0x00, 0x00, 0x00, 0x00, 0x00, 0x00,
    0x28, 0xe8, 0xf8, 0x49, 0x28, 0xec, 0xf8, 0xc7, 0x28, 0xe8, 0xf0, 0xff,
    0x30, 0xec, 0xf0, 0xff, 0x30, 0xec, 0xf8, 0xff, 0x28, 0xe8, 0xf8, 0xff,
    0x28, 0xe8, 0xf0, 0xff, 0x28, 0xec, 0xf0, 0xff, 0x30, 0xe8, 0xf8, 0xff,
    0x28, 0xe8, 0xf0, 0xff, 0x28, 0xec, 0xf0, 0xbe, 0x00, 0x00, 0x00, 0x00,
    0x00, 0x00, 0x00, 0x00, 0x00, 0x00, 0x00, 0x00, 0x00, 0x00, 0x00, 0x00,
    0x00, 0x00, 0x00, 0x00, 0x00, 0x00, 0x00, 0x00, 0x00, 0x00, 0x00, 0x00,
    0x00, 0x00, 0x00, 0x00, 0x00, 0x00, 0x00, 0x00, 0x00, 0x00, 0x00, 0x00,
    0x00, 0x00, 0x00, 0x00, 0x00, 0x00, 0x00, 0x00, 0x00, 0x00, 0x00, 0x00,
    0x00, 0x00, 0x00, 0x00, 0x00, 0x00, 0x00, 0x00, 0x00, 0x00, 0x00, 0x00,
    0x00, 0x00, 0x00, 0x00, 0x00, 0x00, 0x00, 0x00, 0x00, 0x00, 0x00, 0x00,
    0x00, 0x00, 0x00, 0x00, 0x00, 0x00, 0x00, 0x00, 0x28, 0xec, 0xf0, 0xbe,
    0x30, 0xe8, 0xf8, 0xff, 0x28, 0xe8, 0xf8, 0xff, 0x30, 0xec, 0xf0, 0xff,
    0x30, 0xe8, 0xf0, 0xff, 0x28, 0xec, 0xf8, 0xff, 0x28, 0xe8, 0xf0, 0xff,
    0x28, 0xec, 0xf8, 0xff, 0x30, 0xe8, 0xf8, 0xff, 0x28, 0xec, 0xf0, 0xff,
    0x28, 0xec, 0xf0, 0xff, 0x28, 0xe8, 0xf8, 0xff, 0x30, 0xe8, 0xf0, 0xff,
    0x28, 0xec, 0xf0, 0xff, 0x28, 0xe8, 0xf8, 0xff, 0x28, 0xe8, 0xf8, 0xff,
    0x30, 0xec, 0xf0, 0xff, 0x28, 0xe8, 0xf8, 0xff, 0x28, 0xec, 0xf0, 0xff,
    0x28, 0xec, 0xf0, 0xff, 0x28, 0xe8, 0xf8, 0xff, 0x30, 0xe8, 0xf8, 0xff,
    0x28, 0xe8, 0xf0, 0x41, 0x00, 0x00, 0x00, 0x00, 0x00, 0x00, 0x00, 0x00,
    0x00, 0x00, 0x00, 0x00, 0x00, 0x00, 0x00, 0x00, 0x00, 0x00, 0x00, 0x00,
    0x00, 0x00, 0x00, 0x00, 0x00, 0x00, 0x00, 0x00, 0x30, 0xe8, 0xf0, 0x38,
    0x28, 0xe8, 0xf8, 0xa6, 0x28, 0xec, 0xf8, 0xff, 0x28, 0xe8, 0xf0, 0xff,
    0x28, 0xec, 0xf8, 0xff, 0x28, 0xe8, 0xf0, 0xff, 0x28, 0xec, 0xf0, 0xff,
    0x30, 0xec, 0xf8, 0xff, 0x28, 0xe8, 0xf8, 0xff, 0x28, 0xec, 0xf0, 0xff,
    0x28, 0xec, 0xf8, 0xff, 0x30, 0xe8, 0xf8, 0xff, 0x28, 0xec, 0xf0, 0xbe,
    0x00, 0x00, 0x00, 0x00, 0x00, 0x00, 0x00, 0x00, 0x00, 0x00, 0x00, 0x00,
    0x00, 0x00, 0x00, 0x00, 0x00, 0x00, 0x00, 0x00, 0x00, 0x00, 0x00, 0x00,
    0x00, 0x00, 0x00, 0x00, 0x00, 0x00, 0x00, 0x00, 0x00, 0x00, 0x00, 0x00,
    0x00, 0x00, 0x00, 0x00, 0x00, 0x00, 0x00, 0x00, 0x00, 0x00, 0x00, 0x00,
    0x00, 0x00, 0x00, 0x00, 0x00, 0x00, 0x00, 0x00, 0x00, 0x00, 0x00, 0x00,
    0x00, 0x00, 0x00, 0x00, 0x00, 0x00, 0x00, 0x00, 0x00, 0x00, 0x00, 0x00,
    0x00, 0x00, 0x00, 0x00, 0x00, 0x00, 0x00, 0x00, 0x00, 0x00, 0x00, 0x00,
    0x28, 0xe8, 0xf0, 0xbe, 0x28, 0xec, 0xf0, 0xff, 0x28, 0xec, 0xf8, 0xff,
    0x28, 0xe8, 0xf8, 0xff, 0x28, 0xec, 0xf0, 0xff, 0x30, 0xe8, 0xf8, 0xff,
    0x28, 0xe8, 0xf0, 0xff, 0x28, 0xec, 0xf8, 0xff, 0x28, 0xe8, 0xf8, 0xff,
    0x30, 0xe8, 0xf0, 0xff, 0x28, 0xec, 0xf8, 0xff, 0x28, 0xec, 0xf8, 0xff,
    0x28, 0xe8, 0xf0, 0xff, 0x30, 0xec, 0xf0, 0xff, 0x28, 0xec, 0xf8, 0xff,
    0x28, 0xe8, 0xf0, 0xff, 0x28, 0xe8, 0xf0, 0xff, 0x28, 0xec, 0xf8, 0xff,
    0x30, 0xe8, 0xf8, 0xff, 0x28, 0xec, 0xf0, 0xff, 0x28, 0xec, 0xf8, 0xff,
    0x28, 0xe8, 0xf8, 0xff, 0x28, 0xe8, 0xf0, 0x41, 0x00, 0x00, 0x00, 0x00,
    0x00, 0x00, 0x00, 0x00, 0x00, 0x00, 0x00, 0x00, 0x00, 0x00, 0x00, 0x00,
    0x30, 0xe8, 0xf8, 0x20, 0x28, 0xe8, 0xf8, 0x6d, 0x28, 0xec, 0xf0, 0xa6,
    0x28, 0xe8, 0xf8, 0xff, 0x28, 0xec, 0xf0, 0xff, 0x30, 0xe8, 0xf0, 0xff,
    0x30, 0xec, 0xf8, 0xff, 0x28, 0xe8, 0xf8, 0xff, 0x28, 0xe8, 0xf0, 0xff,
    0x28, 0xe8, 0xf8, 0xff, 0x28, 0xec, 0xf0, 0xff, 0x30, 0xe8, 0xf0, 0xff,
    0x28, 0xe8, 0xf8, 0xff, 0x28, 0xec, 0xf0, 0xff, 0x28, 0xe8, 0xf8, 0xff,
    0x28, 0xe8, 0xf8, 0xbe, 0x00, 0x00, 0x00, 0x00, 0x00, 0x00, 0x00, 0x00,
    0x00, 0x00, 0x00, 0x00, 0x00, 0x00, 0x00, 0x00, 0x00, 0x00, 0x00, 0x00,
    0x00, 0x00, 0x00, 0x00, 0x00, 0x00, 0x00, 0x00, 0x00, 0x00, 0x00, 0x00,
    0x00, 0x00, 0x00, 0x00, 0x00, 0x00, 0x00, 0x00, 0x00, 0x00, 0x00, 0x00,
    0x00, 0x00, 0x00, 0x00, 0x00, 0x00, 0x00, 0x00, 0x00, 0x00, 0x00, 0x00,
    0x00, 0x00, 0x00, 0x00, 0x00, 0x00, 0x00, 0x00, 0x00, 0x00, 0x00, 0x00,
    0x00, 0x00, 0x00, 0x00, 0x00, 0x00, 0x00, 0x00, 0x00, 0x00, 0x00, 0x00,
    0x00, 0x00, 0x00, 0x00, 0x28, 0xe8, 0xf8, 0xbe, 0x30, 0xec, 0xf0, 0xff,
    0x28, 0xe8, 0xf0, 0xff, 0x28, 0xe8, 0xf8, 0xff, 0x28, 0xec, 0xf8, 0xff,
    0x28, 0xec, 0xf0, 0xff, 0x30, 0xe8, 0xf0, 0xff, 0x28, 0xec, 0xf0, 0xff,
    0x28, 0xec, 0xf8, 0xff, 0x28, 0xe8, 0xf0, 0xff, 0x30, 0xe8, 0xf0, 0xff,
    0x28, 0xec, 0xf8, 0xff, 0x28, 0xe8, 0xf8, 0xff, 0x28, 0xe8, 0xf0, 0xff,
    0x30, 0xec, 0xf8, 0xff, 0x28, 0xec, 0xf8, 0xff, 0x28, 0xe8, 0xf0, 0xff,
    0x30, 0xec, 0xf8, 0xff, 0x28, 0xe8, 0xf0, 0xff, 0x28, 0xe8, 0xf0, 0xff,
    0x30, 0xec, 0xf8, 0xff, 0x28, 0xe8, 0xf0, 0xff, 0x28, 0xe8, 0xf0, 0x41,
    0x28, 0xe8, 0xf8, 0x69, 0x28, 0xe8, 0xf8, 0x8a, 0x28, 0xe8, 0xf8, 0xaa,
    0x28, 0xe8, 0xf8, 0xd3, 0x28, 0xec, 0xf8, 0xff, 0x30, 0xe8, 0xf0, 0xff,
    0x28, 0xe8, 0xf8, 0xff, 0x28, 0xec, 0xf8, 0xff, 0x28, 0xe8, 0xf0, 0xff,
    0x28, 0xec, 0xf0, 0xff, 0x28, 0xe8, 0xf8, 0xff, 0x30, 0xec, 0xf0, 0xff,
    0x28, 0xec, 0xf8, 0xff, 0x28, 0xe8, 0xf8, 0xff, 0x30, 0xec, 0xf0, 0xff,
    0x28, 0xec, 0xf8, 0xff, 0x28, 0xe8, 0xf0, 0xff, 0x30, 0xec, 0xf0, 0xff,
    0x28, 0xec, 0xf0, 0xff, 0x28, 0xe8, 0xf8, 0xbe, 0x00, 0x00, 0x00, 0x00,
    0x00, 0x00, 0x00, 0x00, 0x00, 0x00, 0x00, 0x00, 0x00, 0x00, 0x00, 0x00,
    0x00, 0x00, 0x00, 0x00, 0x00, 0x00, 0x00, 0x00, 0x00, 0x00, 0x00, 0x00,
    0x00, 0x00, 0x00, 0x00, 0x00, 0x00, 0x00, 0x00, 0x00, 0x00, 0x00, 0x00,
    0x00, 0x00, 0x00, 0x00, 0x00, 0x00, 0x00, 0x00, 0x00, 0x00, 0x00, 0x00,
    0x00, 0x00, 0x00, 0x00, 0x00, 0x00, 0x00, 0x00, 0x00, 0x00, 0x00, 0x00,
    0x00, 0x00, 0x00, 0x00, 0x00, 0x00, 0x00, 0x00, 0x00, 0x00, 0x00, 0x00,
    0x00, 0x00, 0x00, 0x00, 0x00, 0x00, 0x00, 0x00, 0x28, 0xec, 0xf8, 0xbe,
    0x28, 0xe8, 0xf8, 0xff, 0x30, 0xec, 0xf0, 0xff, 0x28, 0xe8, 0xf0, 0xff,
    0x28, 0xec, 0xf8, 0xff, 0x28, 0xe8, 0xf8, 0xff, 0x28, 0xe8, 0xf0, 0xff,
    0x30, 0xec, 0xf8, 0xff, 0x28, 0xec, 0xf8, 0xff, 0x28, 0xe8, 0xf0, 0xff,
    0x28, 0xec, 0xf0, 0xff, 0x30, 0xec, 0xf8, 0xff, 0x28, 0xe8, 0xf0, 0xff,
    0x28, 0xec, 0xf8, 0xff, 0x28, 0xe8, 0xf0, 0xff, 0x30, 0xe8, 0xf0, 0xff,
    0x28, 0xec, 0xf8, 0xff, 0x28, 0xec, 0xf0, 0xff, 0x28, 0xe8, 0xf8, 0xff,
    0x28, 0xec, 0xf8, 0xff, 0x30, 0xe8, 0xf0, 0xff, 0x28, 0xec, 0xf8, 0xff,
    0x28, 0xe8, 0xf8, 0xff, 0x30, 0xec, 0xf0, 0xff, 0x28, 0xec, 0xf0, 0xff,
    0x30, 0xe8, 0xf8, 0xff, 0x28, 0xec, 0xf0, 0xff, 0x28, 0xec, 0xf0, 0xff,
    0x28, 0xe8, 0xf8, 0xff, 0x30, 0xec, 0xf0, 0xff, 0x28, 0xec, 0xf8, 0xff,
    0x30, 0xe8, 0xf8, 0xff, 0x28, 0xe8, 0xf0, 0xff, 0x28, 0xec, 0xf8, 0xff,
    0x28, 0xec, 0xf0, 0xff, 0x30, 0xe8, 0xf0, 0xff, 0x28, 0xec, 0xf8, 0xff,
    0x28, 0xe8, 0xf0, 0xff, 0x28, 0xe8, 0xf8, 0xff, 0x28, 0xec, 0xf8, 0xff,
    0x30, 0xe8, 0xf8, 0xff, 0x28, 0xec, 0xf0, 0xff, 0x28, 0xec, 0xf0, 0xbe,
    0x00, 0x00, 0x00, 0x00, 0x00, 0x00, 0x00, 0x00, 0x00, 0x00, 0x00, 0x00,
    0x00, 0x00, 0x00, 0x00, 0x00, 0x00, 0x00, 0x00, 0x00, 0x00, 0x00, 0x00,
    0x00, 0x00, 0x00, 0x00, 0x00, 0x00, 0x00, 0x00, 0x00, 0x00, 0x00, 0x00,
    0x00, 0x00, 0x00, 0x00, 0x00, 0x00, 0x00, 0x00, 0x00, 0x00, 0x00, 0x00,
    0x00, 0x00, 0x00, 0x00, 0x00, 0x00, 0x00, 0x00, 0x00, 0x00, 0x00, 0x00,
    0x00, 0x00, 0x00, 0x00, 0x00, 0x00, 0x00, 0x00, 0x00, 0x00, 0x00, 0x00,
    0x00, 0x00, 0x00, 0x00, 0x00, 0x00, 0x00, 0x00, 0x00, 0x00, 0x00, 0x00,
    0x28, 0xec, 0xf0, 0xbe, 0x28, 0xe8, 0xf8, 0xff, 0x28, 0xec, 0xf8, 0xff,
    0x30, 0xec, 0xf0, 0xff, 0x30, 0xe8, 0xf0, 0xff, 0x28, 0xec, 0xf8, 0xff,
    0x28, 0xe8, 0xf8, 0xff, 0x28, 0xe8, 0xf0, 0xff, 0x30, 0xec, 0xf8, 0xff,
    0x28, 0xe8, 0xf8, 0xff, 0x28, 0xe8, 0xf0, 0xff, 0x28, 0xec, 0xf8, 0xff,
    0x30, 0xec, 0xf0, 0xff, 0x28, 0xe8, 0xf8, 0xff, 0x28, 0xec, 0xf8, 0xff,
    0x28, 0xe8, 0xf0, 0xff, 0x30, 0xec, 0xf8, 0xff, 0x28, 0xe8, 0xf0, 0xff,
    0x28, 0xec, 0xf0, 0xff, 0x30, 0xe8, 0xf8, 0xff, 0x28, 0xec, 0xf0, 0xff,
    0x28, 0xe8, 0xf0, 0xff, 0x28, 0xec, 0xf8, 0xff, 0x28, 0xe8, 0xf0, 0xff,
    0x28, 0xec, 0xf8, 0xff, 0x30, 0xe8, 0xf0, 0xff, 0x28, 0xec, 0xf0, 0xff,
    0x28, 0xe8, 0xf8, 0xff, 0x30, 0xe8, 0xf0, 0xff, 0x28, 0xec, 0xf0, 0xff,
    0x28, 0xec, 0xf8, 0xff, 0x28, 0xe8, 0xf0, 0xff, 0x30, 0xec, 0xf8, 0xff,
    0x28, 0xe8, 0xf8, 0xff, 0x28, 0xe8, 0xf0, 0xff, 0x28, 0xec, 0xf8, 0xff,
    0x30, 0xe8, 0xf0, 0xff, 0x28, 0xec, 0xf0, 0xff, 0x28, 0xec, 0xf8, 0xff,
    0x30, 0xe8, 0xf0, 0xff, 0x28, 0xe8, 0xf8, 0xff, 0x28, 0xe8, 0xf8, 0xff,
    0x28, 0xec, 0xf0, 0xbe, 0x00, 0x00, 0x00, 0x00, 0x00, 0x00, 0x00, 0x00,
    0x00, 0x00, 0x00, 0x00, 0x00, 0x00, 0x00, 0x00, 0x00, 0x00, 0x00, 0x00,
    0x00, 0x00, 0x00, 0x00, 0x00, 0x00, 0x00, 0x00, 0x00, 0x00, 0x00, 0x00,
    0x00, 0x00, 0x00, 0x00, 0x00, 0x00, 0x00, 0x00, 0x00, 0x00, 0x00, 0x00,
    0x00, 0x00, 0x00, 0x00, 0x00, 0x00, 0x00, 0x00, 0x00, 0x00, 0x00, 0x00,
    0x00, 0x00, 0x00, 0x00, 0x00, 0x00, 0x00, 0x00, 0x00, 0x00, 0x00, 0x00,
    0x00, 0x00, 0x00, 0x00, 0x00, 0x00, 0x00, 0x00, 0x00, 0x00, 0x00, 0x00,
    0x00, 0x00, 0x00, 0x00, 0x28, 0xe8, 0xf0, 0xbe, 0x30, 0xec, 0xf0, 0xff,
    0x28, 0xe8, 0xf8, 0xff, 0x28, 0xe8, 0xf8, 0xff, 0x28, 0xec, 0xf0, 0xff,
    0x30, 0xec, 0xf0, 0xff, 0x28, 0xec, 0xf8, 0xff, 0x28, 0xe8, 0xf0, 0xff,
    0x28, 0xec, 0xf0, 0xff, 0x30, 0xec, 0xf8, 0xff, 0x28, 0xe8, 0xf0, 0xff,
    0x28, 0xe8, 0xf8, 0xff, 0x28, 0xec, 0xf0, 0xff, 0x30, 0xe8, 0xf0, 0xff,
    0x28, 0xec, 0xf8, 0xff, 0x28, 0xec, 0xf0, 0xff, 0x28, 0xe8, 0xf8, 0xff,
    0x28, 0xe8, 0xf8, 0xff, 0x30, 0xec, 0xf0, 0xff, 0x28, 0xec, 0xf8, 0xff,
    0x28, 0xe8, 0xf8, 0xff, 0x30, 0xec, 0xf0, 0xff, 0x28, 0xe8, 0xf8, 0xff,
    0x28, 0xec, 0xf8, 0xff, 0x28, 0xe8, 0xf0, 0xff, 0x28, 0xec, 0xf8, 0xff,
    0x28, 0xe8, 0xf8, 0xff, 0x28, 0xec, 0xf8, 0xff, 0x30, 0xe8, 0xf0, 0xff,
    0x28, 0xe8, 0xf8, 0xff, 0x28, 0xec, 0xf0, 0xff, 0x28, 0xe8, 0xf0, 0xff,
    0x28, 0xec, 0xf8, 0xff, 0x30, 0xec, 0xf0, 0xff, 0x28, 0xe8, 0xf8, 0xff,
    0x28, 0xec, 0xf8, 0xff, 0x28, 0xe8, 0xf0, 0xff, 0x30, 0xe8, 0xf8, 0xff,
    0x28, 0xec, 0xf0, 0xff, 0x28, 0xec, 0xf0, 0xff, 0x28, 0xe8, 0xf8, 0xff,
    0x30, 0xec, 0xf0, 0xff, 0x28, 0xe8, 0xf8, 0xbe, 0x00, 0x00, 0x00, 0x00,
    0x00, 0x00, 0x00, 0x00, 0x00, 0x00, 0x00, 0x00, 0x00, 0x00, 0x00, 0x00,
    0x00, 0x00, 0x00, 0x00, 0x00, 0x00, 0x00, 0x00, 0x00, 0x00, 0x00, 0x00,
    0x00, 0x00, 0x00, 0x00, 0x00, 0x00, 0x00, 0x00, 0x00, 0x00, 0x00, 0x00,
    0x00, 0x00, 0x00, 0x00, 0x00, 0x00, 0x00, 0x00, 0x00, 0x00, 0x00, 0x00,
    0x00, 0x00, 0x00, 0x00, 0x00, 0x00, 0x00, 0x00, 0x00, 0x00, 0x00, 0x00,
    0x00, 0x00, 0x00, 0x00, 0x00, 0x00, 0x00, 0x00, 0x00, 0x00, 0x00, 0x00,
    0x00, 0x00, 0x00, 0x00, 0x00, 0x00, 0x00, 0x00, 0x28, 0xe8, 0xf0, 0x82,
    0x28, 0xe8, 0xf0, 0x82, 0x28, 0xe8, 0xf0, 0x82, 0x28, 0xe8, 0xf0, 0x82,
    0x28, 0xe8, 0xf8, 0x82, 0x28, 0xe8, 0xf0, 0x82, 0x30, 0xe8, 0xf0, 0x82,
    0x28, 0xe8, 0xf0, 0x82, 0x28, 0xe8, 0xf0, 0x82, 0x28, 0xe8, 0xf0, 0x82,
    0x30, 0xe8, 0xf8, 0x82, 0x28, 0xe8, 0xf0, 0x82, 0x28, 0xe8, 0xf0, 0x82,
    0x28, 0xec, 0xf8, 0xff, 0x30, 0xe8, 0xf0, 0xff, 0x28, 0xec, 0xf0, 0xff,
    0x28, 0xe8, 0xf8, 0xff, 0x30, 0xec, 0xf0, 0xff, 0x28, 0xe8, 0xf0, 0xff,
    0x28, 0xe8, 0xf8, 0xff, 0x28, 0xec, 0xf0, 0xff, 0x28, 0xe8, 0xf0, 0xff,
    0x30, 0xec, 0xf8, 0xff, 0x30, 0xe8, 0xf0, 0xff, 0x28, 0xec, 0xf0, 0xff,
    0x30, 0xe8, 0xf8, 0xff, 0x28, 0xec, 0xf0, 0xff, 0x28, 0xec, 0xf0, 0xff,
    0x28, 0xe8, 0xf8, 0xff, 0x28, 0xec, 0xf8, 0xaa, 0x30, 0xe8, 0xf0, 0x82,
    0x28, 0xe8, 0xf0, 0x7d, 0x28, 0xe8, 0xf0, 0x82, 0x28, 0xe8, 0xf0, 0x82,
    0x30, 0xe8, 0xf0, 0x82, 0x28, 0xe8, 0xf0, 0x82, 0x28, 0xe8, 0xf0, 0x82,
    0x28, 0xe8, 0xf8, 0x82, 0x28, 0xe8, 0xf0, 0x82, 0x28, 0xe8, 0xf0, 0x82,
    0x30, 0xe8, 0xf0, 0x82, 0x28, 0xe8, 0xf0, 0x82, 0x28, 0xe8, 0xf0, 0x82,
    0x00, 0x00, 0x00, 0x00, 0x00, 0x00, 0x00, 0x00, 0x00, 0x00, 0x00, 0x00,
    0x00, 0x00, 0x00, 0x00, 0x00, 0x00, 0x00, 0x00, 0x00, 0x00, 0x00, 0x00,
    0x00, 0x00, 0x00, 0x00, 0x00, 0x00, 0x00, 0x00, 0x00, 0x00, 0x00, 0x00,
    0x00, 0x00, 0x00, 0x00, 0x00, 0x00, 0x00, 0x00, 0x00, 0x00, 0x00, 0x00,
    0x00, 0x00, 0x00, 0x00, 0x00, 0x00, 0x00, 0x00, 0x00, 0x00, 0x00, 0x00,
    0x00, 0x00, 0x00, 0x00, 0x00, 0x00, 0x00, 0x00, 0x00, 0x00, 0x00, 0x00,
    0x00, 0x00, 0x00, 0x00, 0x00, 0x00, 0x00, 0x00, 0x00, 0x00, 0x00, 0x00,
    0x00, 0x00, 0x00, 0x00, 0x00, 0x00, 0x00, 0x00, 0x00, 0x00, 0x00, 0x00,
    0x00, 0x00, 0x00, 0x00, 0x00, 0x00, 0x00, 0x00, 0x00, 0x00, 0x00, 0x00,
    0x00, 0x00, 0x00, 0x00, 0x00, 0x00, 0x00, 0x00, 0x00, 0x00, 0x00, 0x00,
    0x00, 0x00, 0x00, 0x00, 0x00, 0x00, 0x00, 0x00, 0x00, 0x00, 0x00, 0x00,
    0x00, 0x00, 0x00, 0x00, 0x28, 0xe8, 0xf8, 0x7d, 0x28, 0xec, 0xf8, 0xff,
    0x30, 0xe8, 0xf0, 0xff, 0x28, 0xec, 0xf8, 0xff, 0x28, 0xec, 0xf8, 0xff,
    0x28, 0xe8, 0xf0, 0xff, 0x30, 0xec, 0xf8, 0xff, 0x28, 0xe8, 0xf8, 0xff,
    0x28, 0xec, 0xf0, 0xff, 0x28, 0xe8, 0xf8, 0xff, 0x28, 0xec, 0xf0, 0xff,
    0x28, 0xe8, 0xf8, 0xff, 0x28, 0xe8, 0xf8, 0xff, 0x30, 0xec, 0xf0, 0xff,
    0x28, 0xe8, 0xf0, 0xff, 0x28, 0xec, 0xf8, 0xa2, 0x00, 0x00, 0x00, 0x00,
    0x00, 0x00, 0x00, 0x00, 0x00, 0x00, 0x00, 0x00, 0x00, 0x00, 0x00, 0x00,
    0x00, 0x00, 0x00, 0x00, 0x00, 0x00, 0x00, 0x00, 0x00, 0x00, 0x00, 0x00,
    0x00, 0x00, 0x00, 0x00, 0x00, 0x00, 0x00, 0x00, 0x00, 0x00, 0x00, 0x00,
    0x00, 0x00, 0x00, 0x00, 0x00, 0x00, 0x00, 0x00, 0x00, 0x00, 0x00, 0x00,
    0x00, 0x00, 0x00, 0x00, 0x00, 0x00, 0x00, 0x00, 0x00, 0x00, 0x00, 0x00,
    0x00, 0x00, 0x00, 0x00, 0x00, 0x00, 0x00, 0x00, 0x00, 0x00, 0x00, 0x00,
    0x00, 0x00, 0x00, 0x00, 0x00, 0x00, 0x00, 0x00, 0x00, 0x00, 0x00, 0x00,
    0x00, 0x00, 0x00, 0x00, 0x00, 0x00, 0x00, 0x00, 0x00, 0x00, 0x00, 0x00,
    0x00, 0x00, 0x00, 0x00, 0x00, 0x00, 0x00, 0x00, 0x00, 0x00, 0x00, 0x00,
    0x00, 0x00, 0x00, 0x00, 0x00, 0x00, 0x00, 0x00, 0x00, 0x00, 0x00, 0x00,
    0x00, 0x00, 0x00, 0x00, 0x00, 0x00, 0x00, 0x00, 0x00, 0x00, 0x00, 0x00,
    0x00, 0x00, 0x00, 0x00, 0x00, 0x00, 0x00, 0x00, 0x00, 0x00, 0x00, 0x00,
    0x00, 0x00, 0x00, 0x00, 0x00, 0x00, 0x00, 0x00, 0x00, 0x00, 0x00, 0x00,
    0x00, 0x00, 0x00, 0x00, 0x00, 0x00, 0x00, 0x00, 0x00, 0x00, 0x00, 0x00,
    0x00, 0x00, 0x00, 0x00, 0x00, 0x00, 0x00, 0x00, 0x00, 0x00, 0x00, 0x00,
    0x00, 0x00, 0x00, 0x00, 0x00, 0x00, 0x00, 0x00, 0x00, 0x00, 0x00, 0x00,
    0x28, 0xe8, 0xf0, 0x82, 0x28, 0xe8, 0xf8, 0xff, 0x28, 0xec, 0xf0, 0xff,
    0x28, 0xe8, 0xf0, 0xff, 0x30, 0xec, 0xf8, 0xff, 0x28, 0xe8, 0xf0, 0xff,
    0x28, 0xec, 0xf0, 0xff, 0x30, 0xe8, 0xf8, 0xff, 0x28, 0xec, 0xf8, 0xff,
    0x28, 0xec, 0xf0, 0xff, 0x28, 0xe8, 0xf0, 0xff, 0x28, 0xec, 0xf8, 0xff,
    0x30, 0xe8, 0xf8, 0xff, 0x28, 0xec, 0xf0, 0x9e, 0x00, 0x00, 0x00, 0x00,
    0x00, 0x00, 0x00, 0x00, 0x00, 0x00, 0x00, 0x00, 0x00, 0x00, 0x00, 0x00,
    0x00, 0x00, 0x00, 0x00, 0x00, 0x00, 0x00, 0x00, 0x00, 0x00, 0x00, 0x00,
    0x00, 0x00, 0x00, 0x00, 0x00, 0x00, 0x00, 0x00, 0x00, 0x00, 0x00, 0x00,
    0x00, 0x00, 0x00, 0x00, 0x00, 0x00, 0x00, 0x00, 0x00, 0x00, 0x00, 0x00,
    0x00, 0x00, 0x00, 0x00, 0x00, 0x00, 0x00, 0x00, 0x00, 0x00, 0x00, 0x00,
    0x00, 0x00, 0x00, 0x00, 0x00, 0x00, 0x00, 0x00, 0x00, 0x00, 0x00, 0x00,
    0x00, 0x00, 0x00, 0x00, 0x00, 0x00, 0x00, 0x00, 0x00, 0x00, 0x00, 0x00,
    0x00, 0x00, 0x00, 0x00, 0x00, 0x00, 0x00, 0x00, 0x00, 0x00, 0x00, 0x00,
    0x00, 0x00, 0x00, 0x00, 0x00, 0x00, 0x00, 0x00, 0x00, 0x00, 0x00, 0x00,
    0x00, 0x00, 0x00, 0x00, 0x00, 0x00, 0x00, 0x00, 0x00, 0x00, 0x00, 0x00,
    0x00, 0x00, 0x00, 0x00, 0x00, 0x00, 0x00, 0x00, 0x00, 0x00, 0x00, 0x00,
    0x00, 0x00, 0x00, 0x00, 0x00, 0x00, 0x00, 0x00, 0x00, 0x00, 0x00, 0x00,
    0x00, 0x00, 0x00, 0x00, 0x00, 0x00, 0x00, 0x00, 0x00, 0x00, 0x00, 0x00,
    0x00, 0x00, 0x00, 0x00, 0x00, 0x00, 0x00, 0x00, 0x00, 0x00, 0x00, 0x00,
    0x00, 0x00, 0x00, 0x00, 0x00, 0x00, 0x00, 0x00, 0x00, 0x00, 0x00, 0x00,
    0x00, 0x00, 0x00, 0x00, 0x00, 0x00, 0x00, 0x00, 0x00, 0x00, 0x00, 0x00,
    0x00, 0x00, 0x00, 0x00, 0x00, 0x00, 0x00, 0x00, 0x30, 0xe8, 0xf0, 0x82,
    0x28, 0xec, 0xf8, 0xff, 0x28, 0xe8, 0xf8, 0xff, 0x28, 0xe8, 0xf0, 0xff,
    0x28, 0xec, 0xf8, 0xff, 0x28, 0xe8, 0xf0, 0xff, 0x30, 0xe8, 0xf8, 0xff,
    0x28, 0xec, 0xf0, 0xff, 0x30, 0xe8, 0xf8, 0xff, 0x28, 0xec, 0xf0, 0xff,
    0x28, 0xe8, 0xf0, 0xff, 0x28, 0xe8, 0xf0, 0x9a, 0x00, 0x00, 0x00, 0x00,
    0x00, 0x00, 0x00, 0x00, 0x00, 0x00, 0x00, 0x00, 0x00, 0x00, 0x00, 0x00,
    0x00, 0x00, 0x00, 0x00, 0x00, 0x00, 0x00, 0x00, 0x00, 0x00, 0x00, 0x00,
    0x00, 0x00, 0x00, 0x00, 0x00, 0x00, 0x00, 0x00, 0x00, 0x00, 0x00, 0x00,
    0x00, 0x00, 0x00, 0x00, 0x00, 0x00, 0x00, 0x00, 0x00, 0x00, 0x00, 0x00,
    0x00, 0x00, 0x00, 0x00, 0x00, 0x00, 0x00, 0x00, 0x00, 0x00, 0x00, 0x00,
    0x00, 0x00, 0x00, 0x00, 0x00, 0x00, 0x00, 0x00, 0x00, 0x00, 0x00, 0x00,
    0x00, 0x00, 0x00, 0x00, 0x00, 0x00, 0x00, 0x00, 0x00, 0x00, 0x00, 0x00,
    0x00, 0x00, 0x00, 0x00, 0x00, 0x00, 0x00, 0x00, 0x00, 0x00, 0x00, 0x00,
    0x00, 0x00, 0x00, 0x00, 0x00, 0x00, 0x00, 0x00, 0x00, 0x00, 0x00, 0x00,
    0x00, 0x00, 0x00, 0x00, 0x00, 0x00, 0x00, 0x00, 0x00, 0x00, 0x00, 0x00,
    0x00, 0x00, 0x00, 0x00, 0x00, 0x00, 0x00, 0x00, 0x00, 0x00, 0x00, 0x00,
    0x00, 0x00, 0x00, 0x00, 0x00, 0x00, 0x00, 0x00, 0x00, 0x00, 0x00, 0x00,
    0x00, 0x00, 0x00, 0x00, 0x00, 0x00, 0x00, 0x00, 0x00, 0x00, 0x00, 0x00,
    0x00, 0x00, 0x00, 0x00, 0x00, 0x00, 0x00, 0x00, 0x00, 0x00, 0x00, 0x00,
    0x00, 0x00, 0x00, 0x00, 0x00, 0x00, 0x00, 0x00, 0x00, 0x00, 0x00, 0x00,
    0x00, 0x00, 0x00, 0x00, 0x00, 0x00, 0x00, 0x00, 0x00, 0x00, 0x00, 0x00,
    0x00, 0x00, 0x00, 0x00, 0x00, 0x00, 0x00, 0x00, 0x00, 0x00, 0x00, 0x00,
    0x00, 0x00, 0x00, 0x00, 0x30, 0xe8, 0xf0, 0x7d, 0x28, 0xec, 0xf8, 0xff,
    0x30, 0xec, 0xf0, 0xff, 0x28, 0xe8, 0xf8, 0xff, 0x28, 0xec, 0xf8, 0xff,
    0x28, 0xec, 0xf0, 0xff, 0x28, 0xe8, 0xf0, 0xff, 0x28, 0xe8, 0xf8, 0xff,
    0x30, 0xec, 0xf8, 0xff, 0x30, 0xec, 0xf8, 0x92, 0x00, 0x00, 0x00, 0x00,
    0x00, 0x00, 0x00, 0x00, 0x00, 0x00, 0x00, 0x00, 0x00, 0x00, 0x00, 0x00,
    0x00, 0x00, 0x00, 0x00, 0x00, 0x00, 0x00, 0x00, 0x00, 0x00, 0x00, 0x00,
    0x00, 0x00, 0x00, 0x00, 0x00, 0x00, 0x00, 0x00, 0x00, 0x00, 0x00, 0x00,
    0x00, 0x00, 0x00, 0x00, 0x00, 0x00, 0x00, 0x00, 0x00, 0x00, 0x00, 0x00,
    0x00, 0x00, 0x00, 0x00, 0x00, 0x00, 0x00, 0x00, 0x00, 0x00, 0x00, 0x00,
    0x00, 0x00, 0x00, 0x00, 0x00, 0x00, 0x00, 0x00, 0x00, 0x00, 0x00, 0x00,
    0x00, 0x00, 0x00, 0x00, 0x00, 0x00, 0x00, 0x00, 0x00, 0x00, 0x00, 0x00,
    0x00, 0x00, 0x00, 0x00, 0x00, 0x00, 0x00, 0x00, 0x00, 0x00, 0x00, 0x00,
    0x00, 0x00, 0x00, 0x00, 0x00, 0x00, 0x00, 0x00, 0x00, 0x00, 0x00, 0x00,
    0x00, 0x00, 0x00, 0x00, 0x00, 0x00, 0x00, 0x00, 0x00, 0x00, 0x00, 0x00,
    0x00, 0x00, 0x00, 0x00, 0x00, 0x00, 0x00, 0x00, 0x00, 0x00, 0x00, 0x00,
    0x00, 0x00, 0x00, 0x00, 0x00, 0x00, 0x00, 0x00, 0x00, 0x00, 0x00, 0x00,
    0x00, 0x00, 0x00, 0x00, 0x00, 0x00, 0x00, 0x00, 0x00, 0x00, 0x00, 0x00,
    0x00, 0x00, 0x00, 0x00, 0x00, 0x00, 0x00, 0x00, 0x00, 0x00, 0x00, 0x00,
    0x00, 0x00, 0x00, 0x00, 0x00, 0x00, 0x00, 0x00, 0x00, 0x00, 0x00, 0x00,
    0x00, 0x00, 0x00, 0x00, 0x00, 0x00, 0x00, 0x00, 0x00, 0x00, 0x00, 0x00,
    0x00, 0x00, 0x00, 0x00, 0x00, 0x00, 0x00, 0x00, 0x00, 0x00, 0x00, 0x00,
    0x00, 0x00, 0x00, 0x00, 0x00, 0x00, 0x00, 0x00, 0x00, 0x00, 0x00, 0x00,
    0x28, 0xe8, 0xf0, 0x82, 0x28, 0xec, 0xf8, 0xff, 0x30, 0xe8, 0xf0, 0xff,
    0x28, 0xec, 0xf0, 0xff, 0x28, 0xec, 0xf8, 0xff, 0x30, 0xe8, 0xf8, 0xff,
    0x28, 0xec, 0xf0, 0xff, 0x28, 0xe8, 0xf0, 0x8e, 0x00, 0x00, 0x00, 0x00,
    0x00, 0x00, 0x00, 0x00, 0x00, 0x00, 0x00, 0x00, 0x00, 0x00, 0x00, 0x00,
    0x00, 0x00, 0x00, 0x00, 0x00, 0x00, 0x00, 0x00, 0x00, 0x00, 0x00, 0x00,
    0x00, 0x00, 0x00, 0x00, 0x00, 0x00, 0x00, 0x00, 0x00, 0x00, 0x00, 0x00,
    0x00, 0x00, 0x00, 0x00, 0x00, 0x00, 0x00, 0x00, 0x00, 0x00, 0x00, 0x00,
    0x00, 0x00, 0x00, 0x00, 0x00, 0x00, 0x00, 0x00, 0x00, 0x00, 0x00, 0x00,
    0x00, 0x00, 0x00, 0x00, 0x00, 0x00, 0x00, 0x00, 0x00, 0x00, 0x00, 0x00,
    0x00, 0x00, 0x00, 0x00, 0x00, 0x00, 0x00, 0x00, 0x00, 0x00, 0x00, 0x00,
    0x00, 0x00, 0x00, 0x00, 0x00, 0x00, 0x00, 0x00, 0x00, 0x00, 0x00, 0x00,
    0x00, 0x00, 0x00, 0x00, 0x00, 0x00, 0x00, 0x00, 0x00, 0x00, 0x00, 0x00,
    0x00, 0x00, 0x00, 0x00, 0x00, 0x00, 0x00, 0x00, 0x00, 0x00, 0x00, 0x00,
    0x00, 0x00, 0x00, 0x00, 0x00, 0x00, 0x00, 0x00, 0x00, 0x00, 0x00, 0x00,
    0x00, 0x00, 0x00, 0x00, 0x00, 0x00, 0x00, 0x00, 0x00, 0x00, 0x00, 0x00,
    0x00, 0x00, 0x00, 0x00, 0x00, 0x00, 0x00, 0x00, 0x00, 0x00, 0x00, 0x00,
    0x00, 0x00, 0x00, 0x00, 0x00, 0x00, 0x00, 0x00, 0x00, 0x00, 0x00, 0x00,
    0x00, 0x00, 0x00, 0x00, 0x00, 0x00, 0x00, 0x00, 0x00, 0x00, 0x00, 0x00,
    0x00, 0x00, 0x00, 0x00, 0x00, 0x00, 0x00, 0x00, 0x00, 0x00, 0x00, 0x00,
    0x00, 0x00, 0x00, 0x00, 0x00, 0x00, 0x00, 0x00, 0x00, 0x00, 0x00, 0x00,
    0x00, 0x00, 0x00, 0x00, 0x00, 0x00, 0x00, 0x00, 0x00, 0x00, 0x00, 0x00,
    0x00, 0x00, 0x00, 0x00, 0x00, 0x00, 0x00, 0x00, 0x28, 0xe8, 0xf0, 0x82,
    0x28, 0xe8, 0xf8, 0xff, 0x30, 0xe8, 0xf0, 0xff, 0x28, 0xec, 0xf8, 0xff,
    0x28, 0xe8, 0xf0, 0xff, 0x28, 0xec, 0xf8, 0x8a, 0x00, 0x00, 0x00, 0x00,
    0x00, 0x00, 0x00, 0x00, 0x00, 0x00, 0x00, 0x00, 0x00, 0x00, 0x00, 0x00,
    0x00, 0x00, 0x00, 0x00, 0x00, 0x00, 0x00, 0x00, 0x00, 0x00, 0x00, 0x00,
    0x00, 0x00, 0x00, 0x00, 0x00, 0x00, 0x00, 0x00, 0x00, 0x00, 0x00, 0x00,
    0x00, 0x00, 0x00, 0x00, 0x00, 0x00, 0x00, 0x00, 0x00, 0x00, 0x00, 0x00,
    0x00, 0x00, 0x00, 0x00, 0x00, 0x00, 0x00, 0x00, 0x00, 0x00, 0x00, 0x00,
    0x00, 0x00, 0x00, 0x00, 0x00, 0x00, 0x00, 0x00, 0x00, 0x00, 0x00, 0x00,
    0x00, 0x00, 0x00, 0x00, 0x00, 0x00, 0x00, 0x00, 0x00, 0x00, 0x00, 0x00,
    0x00, 0x00, 0x00, 0x00, 0x00, 0x00, 0x00, 0x00, 0x00, 0x00, 0x00, 0x00,
    0x00, 0x00, 0x00, 0x00, 0x00, 0x00, 0x00, 0x00, 0x00, 0x00, 0x00, 0x00,
    0x00, 0x00, 0x00, 0x00, 0x00, 0x00, 0x00, 0x00, 0x00, 0x00, 0x00, 0x00,
    0x00, 0x00, 0x00, 0x00, 0x00, 0x00, 0x00, 0x00, 0x00, 0x00, 0x00, 0x00,
    0x00, 0x00, 0x00, 0x00, 0x00, 0x00, 0x00, 0x00, 0x00, 0x00, 0x00, 0x00,
    0x00, 0x00, 0x00, 0x00, 0x00, 0x00, 0x00, 0x00, 0x00, 0x00, 0x00, 0x00,
    0x00, 0x00, 0x00, 0x00, 0x00, 0x00, 0x00, 0x00, 0x00, 0x00, 0x00, 0x00,
    0x00, 0x00, 0x00, 0x00, 0x00, 0x00, 0x00, 0x00, 0x00, 0x00, 0x00, 0x00,
    0x00, 0x00, 0x00, 0x00, 0x00, 0x00, 0x00, 0x00, 0x00, 0x00, 0x00, 0x00,
    0x00, 0x00, 0x00, 0x00, 0x00, 0x00, 0x00, 0x00, 0x00, 0x00, 0x00, 0x00,
    0x00, 0x00, 0x00, 0x00, 0x00, 0x00, 0x00, 0x00, 0x00, 0x00, 0x00, 0x00,
    0x00, 0x00, 0x00, 0x00, 0x00, 0x00, 0x00, 0x00, 0x00, 0x00, 0x00, 0x00,
    0x00, 0x00, 0x00, 0x00, 0x28, 0xe8, 0xf0, 0x7d, 0x28, 0xec, 0xf8, 0xff,
    0x30, 0xe8, 0xf0, 0xff, 0x28, 0xe8, 0xf0, 0x86, 0x00, 0x00, 0x00, 0x00,
    0x00, 0x00, 0x00, 0x00, 0x00, 0x00, 0x00, 0x00, 0x00, 0x00, 0x00, 0x00,
    0x00, 0x00, 0x00, 0x00, 0x00, 0x00, 0x00, 0x00, 0x00, 0x00, 0x00, 0x00,
    0x00, 0x00, 0x00, 0x00, 0x00, 0x00, 0x00, 0x00, 0x00, 0x00, 0x00, 0x00,
    0x00, 0x00, 0x00, 0x00, 0x00, 0x00, 0x00, 0x00, 0x00, 0x00, 0x00, 0x00,
    0x00, 0x00, 0x00, 0x00, 0x00, 0x00, 0x00, 0x00, 0x00, 0x00, 0x00, 0x00,
    0x00, 0x00, 0x00, 0x00, 0x00, 0x00, 0x00, 0x00, 0x00, 0x00, 0x00, 0x00,
    0x00, 0x00, 0x00, 0x00, 0x00, 0x00, 0x00, 0x00, 0x00, 0x00, 0x00, 0x00,
    0x00, 0x00, 0x00, 0x00, 0x00, 0x00, 0x00, 0x00, 0x00, 0x00, 0x00, 0x00,
    0x00, 0x00, 0x00, 0x00, 0x00, 0x00, 0x00, 0x00, 0x00, 0x00, 0x00, 0x00,
    0x00, 0x00, 0x00, 0x00, 0x00, 0x00, 0x00, 0x00, 0x00, 0x00, 0x00, 0x00,
    0x00, 0x00, 0x00, 0x00, 0x00, 0x00, 0x00, 0x00, 0x00, 0x00, 0x00, 0x00,
    0x00, 0x00, 0x00, 0x00, 0x00, 0x00, 0x00, 0x00, 0x00, 0x00, 0x00, 0x00,
    0x00, 0x00, 0x00, 0x00, 0x00, 0x00, 0x00, 0x00, 0x00, 0x00, 0x00, 0x00,
    0x00, 0x00, 0x00, 0x00, 0x00, 0x00, 0x00, 0x00, 0x00, 0x00, 0x00, 0x00,
    0x00, 0x00, 0x00, 0x00, 0x00, 0x00, 0x00, 0x00, 0x00, 0x00, 0x00, 0x00,
    0x00, 0x00, 0x00, 0x00, 0x00, 0x00, 0x00, 0x00, 0x00, 0x00, 0x00, 0x00,
    0x00, 0x00, 0x00, 0x00, 0x00, 0x00, 0x00, 0x00, 0x00, 0x00, 0x00, 0x00,
    0x00, 0x00, 0x00, 0x00, 0x00, 0x00, 0x00, 0x00, 0x00, 0x00, 0x00, 0x00,
    0x00, 0x00, 0x00, 0x00, 0x00, 0x00, 0x00, 0x00, 0x00, 0x00, 0x00, 0x00,
    0x00, 0x00, 0x00, 0x00, 0x00, 0x00, 0x00, 0x00, 0x00, 0x00, 0x00, 0x00,
    0x28, 0xe8, 0xf0, 0x82, 0x28, 0xe8, 0xf8, 0x82, 0x00, 0x00, 0x00, 0x00,
    0x00, 0x00, 0x00, 0x00, 0x00, 0x00, 0x00, 0x00, 0x00, 0x00, 0x00, 0x00,
    0x00, 0x00, 0x00, 0x00, 0x00, 0x00, 0x00, 0x00, 0x00, 0x00, 0x00, 0x00,
    0x00, 0x00, 0x00, 0x00, 0x00, 0x00, 0x00, 0x00, 0x00, 0x00, 0x00, 0x00,
    0x00, 0x00, 0x00, 0x00, 0x00, 0x00, 0x00, 0x00, 0x00, 0x00, 0x00, 0x00,
    0x00, 0x00, 0x00, 0x00, 0x00, 0x00, 0x00, 0x00, 0x00, 0x00, 0x00, 0x00,
    0x00, 0x00, 0x00, 0x00, 0x00, 0x00, 0x00, 0x00, 0x00, 0x00, 0x00, 0x00,
    0x00, 0x00, 0x00, 0x00, 0x00, 0x00, 0x00, 0x00, 0x00, 0x00, 0x00, 0x00,
    0x00, 0x00, 0x00, 0x00, 0x00, 0x00, 0x00, 0x00, 0x00, 0x00, 0x00, 0x00,
    0x00, 0x00, 0x00, 0x00, 0x00, 0x00, 0x00, 0x00, 0x00, 0x00, 0x00, 0x00,
    0x00, 0x00, 0x00, 0x00, 0x00, 0x00, 0x00, 0x00, 0x00, 0x00, 0x00, 0x00,
    0x00, 0x00, 0x00, 0x00, 0x00, 0x00, 0x00, 0x00, 0x00, 0x00, 0x00, 0x00,
    0x00, 0x00, 0x00, 0x00, 0x00, 0x00, 0x00, 0x00, 0x00, 0x00, 0x00, 0x00,
    0x00, 0x00, 0x00, 0x00, 0x00, 0x00, 0x00, 0x00, 0x00, 0x00, 0x00, 0x00,
    0x00, 0x00, 0x00, 0x00, 0x00, 0x00, 0x00, 0x00, 0x00, 0x00, 0x00, 0x00,
    0x00, 0x00, 0x00, 0x00, 0x00, 0x00, 0x00, 0x00, 0x00, 0x00, 0x00, 0x00,
    0x00, 0x00, 0x00, 0x00, 0x00, 0x00, 0x00, 0x00, 0x00, 0x00, 0x00, 0x00,
    0x00, 0x00, 0x00, 0x00, 0x00, 0x00, 0x00, 0x00, 0x00, 0x00, 0x00, 0x00,
    0x00, 0x00, 0x00, 0x00, 0x00, 0x00, 0x00, 0x00, 0x00, 0x00, 0x00, 0x00,
    0x00, 0x00, 0x00, 0x00, 0x00, 0x00, 0x00, 0x00, 0x00, 0x00, 0x00, 0x00,
    0x00, 0x00, 0x00, 0x00, 0x00, 0x00, 0x00, 0x00, 0x00, 0x00, 0x00, 0x00,
    0x00, 0x00, 0x00, 0x00, 0x00, 0x00, 0x00, 0x00, 0x00, 0x00, 0x00, 0x00,
    0x00, 0x00, 0x00, 0x00, 0x00, 0x00, 0x00, 0x00, 0x00, 0x00, 0x00, 0x00,
    0x00, 0x00, 0x00, 0x00, 0x00, 0x00, 0x00, 0x00, 0x00, 0x00, 0x00, 0x00,
    0x00, 0x00, 0x00, 0x00, 0x00, 0x00, 0x00, 0x00, 0x00, 0x00, 0x00, 0x00,
    0x00, 0x00, 0x00, 0x00, 0x00, 0x00, 0x00, 0x00, 0x00, 0x00, 0x00, 0x00,
    0x00, 0x00, 0x00, 0x00, 0x00, 0x00, 0x00, 0x00, 0x00, 0x00, 0x00, 0x00,
    0x00, 0x00, 0x00, 0x00, 0x00, 0x00, 0x00, 0x00, 0x00, 0x00, 0x00, 0x00,
    0x00, 0x00, 0x00, 0x00, 0x00, 0x00, 0x00, 0x00, 0x00, 0x00, 0x00, 0x00,
    0x00, 0x00, 0x00, 0x00, 0x00, 0x00, 0x00, 0x00, 0x00, 0x00, 0x00, 0x00,
    0x00, 0x00, 0x00, 0x00, 0x00, 0x00, 0x00, 0x00, 0x00, 0x00, 0x00, 0x00,
    0x00, 0x00, 0x00, 0x00, 0x00, 0x00, 0x00, 0x00, 0x00, 0x00, 0x00, 0x00,
    0x00, 0x00, 0x00, 0x00
};
