// 4.25.0 0x58496bb0 D2 AY R0 FARGB8888 U565 N0 SExtFlashSection
// Generated by imageconverter. Please, do not edit!

#include <touchgfx/hal/Config.hpp>

LOCATION_PRAGMA("ExtFlashSection")
KEEP extern const unsigned char image_glass_theme_images_widgets_circleprogress_backgrounds_medium[] LOCATION_ATTRIBUTE("ExtFlashSection") = { // 150x150 ARGB8888 pixels.
    0x00, 0x00, 0x00, 0x00, 0x00, 0x00, 0x00, 0x00, 0x00, 0x00, 0x00, 0x00,
    0x00, 0x00, 0x00, 0x00, 0x00, 0x00, 0x00, 0x00, 0x00, 0x00, 0x00, 0x00,
    0x00, 0x00, 0x00, 0x00, 0x00, 0x00, 0x00, 0x00, 0x00, 0x00, 0x00, 0x00,
    0x00, 0x00, 0x00, 0x00, 0x00, 0x00, 0x00, 0x00, 0x00, 0x00, 0x00, 0x00,
    0x00, 0x00, 0x00, 0x00, 0x00, 0x00, 0x00, 0x00, 0x00, 0x00, 0x00, 0x00,
    0x00, 0x00, 0x00, 0x00, 0x00, 0x00, 0x00, 0x00, 0x00, 0x00, 0x00, 0x00,
    0x00, 0x00, 0x00, 0x00, 0x00, 0x00, 0x00, 0x00, 0x00, 0x00, 0x00, 0x00,
    0x00, 0x00, 0x00, 0x00, 0x00, 0x00, 0x00, 0x00, 0x00, 0x00, 0x00, 0x00,
    0x00, 0x00, 0x00, 0x00, 0x00, 0x00, 0x00, 0x00, 0x00, 0x00, 0x00, 0x00,
    0x00, 0x00, 0x00, 0x00, 0x00, 0x00, 0x00, 0x00, 0x00, 0x00, 0x00, 0x00,
    0x00, 0x00, 0x00, 0x00, 0x00, 0x00, 0x00, 0x00, 0x00, 0x00, 0x00, 0x00,
    0x00, 0x00, 0x00, 0x00, 0x00, 0x00, 0x00, 0x00, 0x00, 0x00, 0x00, 0x00,
    0x00, 0x00, 0x00, 0x00, 0x00, 0x00, 0x00, 0x00, 0x00, 0x00, 0x00, 0x00,
    0x00, 0x00, 0x00, 0x00, 0x00, 0x00, 0x00, 0x00, 0x00, 0x00, 0x00, 0x00,
    0x00, 0x00, 0x00, 0x00, 0x00, 0x00, 0x00, 0x00, 0x00, 0x00, 0x00, 0x00,
    0x00, 0x00, 0x00, 0x00, 0x00, 0x00, 0x00, 0x00, 0x00, 0x00, 0x00, 0x00,
    0x00, 0x00, 0x00, 0x00, 0x00, 0x00, 0x00, 0x00, 0x00, 0x00, 0x00, 0x00,
    0x00, 0x00, 0x00, 0x00, 0x00, 0x00, 0x00, 0x00, 0x00, 0x00, 0x00, 0x00,
    0x00, 0x00, 0x00, 0x00, 0x00, 0x00, 0x00, 0x00, 0x00, 0x00, 0x00, 0x00,
    0x00, 0x00, 0x00, 0x00, 0x00, 0x00, 0x00, 0x00, 0x00, 0x00, 0x00, 0x00,
    0x00, 0x00, 0x00, 0x00, 0x00, 0x00, 0x00, 0x00, 0x00, 0x00, 0x00, 0x00,
    0xf8, 0xfc, 0xf8, 0x08, 0xf8, 0xfc, 0xf8, 0x10, 0xf8, 0xfc, 0xf8, 0x14,
    0xf8, 0xfc, 0xf8, 0x18, 0xf8, 0xfc, 0xf8, 0x20, 0xf8, 0xfc, 0xf8, 0x24,
    0xf8, 0xfc, 0xf8, 0x28, 0xf8, 0xfc, 0xf8, 0x2c, 0xf8, 0xfc, 0xf8, 0x2c,
    0xf8, 0xfc, 0xf8, 0x34, 0xf8, 0xfc, 0xf8, 0x34, 0xf8, 0xfc, 0xf8, 0x34,
    0xf8, 0xfc, 0xf8, 0x34, 0xf8, 0xfc, 0xf8, 0x34, 0xf8, 0xfc, 0xf8, 0x34,
    0xf8, 0xfc, 0xf8, 0x2c, 0xf8, 0xfc, 0xf8, 0x2c, 0xf8, 0xfc, 0xf8, 0x24,
    0xf8, 0xfc, 0xf8, 0x24, 0xf8, 0xfc, 0xf8, 0x20, 0xf8, 0xfc, 0xf8, 0x18,
    0xf8, 0xfc, 0xf8, 0x14, 0xf8, 0xfc, 0xf8, 0x0c, 0xf8, 0xfc, 0xf8, 0x08,
    0x00, 0x00, 0x00, 0x00, 0x00, 0x00, 0x00, 0x00, 0x00, 0x00, 0x00, 0x00,
    0x00, 0x00, 0x00, 0x00, 0x00, 0x00, 0x00, 0x00, 0x00, 0x00, 0x00, 0x00,
    0x00, 0x00, 0x00, 0x00, 0x00, 0x00, 0x00, 0x00, 0x00, 0x00, 0x00, 0x00,
    0x00, 0x00, 0x00, 0x00, 0x00, 0x00, 0x00, 0x00, 0x00, 0x00, 0x00, 0x00,
    0x00, 0x00, 0x00, 0x00, 0x00, 0x00, 0x00, 0x00, 0x00, 0x00, 0x00, 0x00,
    0x00, 0x00, 0x00, 0x00, 0x00, 0x00, 0x00, 0x00, 0x00, 0x00, 0x00, 0x00,
    0x00, 0x00, 0x00, 0x00, 0x00, 0x00, 0x00, 0x00, 0x00, 0x00, 0x00, 0x00,
    0x00, 0x00, 0x00, 0x00, 0x00, 0x00, 0x00, 0x00, 0x00, 0x00, 0x00, 0x00,
    0x00, 0x00, 0x00, 0x00, 0x00, 0x00, 0x00, 0x00, 0x00, 0x00, 0x00, 0x00,
    0x00, 0x00, 0x00, 0x00, 0x00, 0x00, 0x00, 0x00, 0x00, 0x00, 0x00, 0x00,
    0x00, 0x00, 0x00, 0x00, 0x00, 0x00, 0x00, 0x00, 0x00, 0x00, 0x00, 0x00,
    0x00, 0x00, 0x00, 0x00, 0x00, 0x00, 0x00, 0x00, 0x00, 0x00, 0x00, 0x00,
    0x00, 0x00, 0x00, 0x00, 0x00, 0x00, 0x00, 0x00, 0x00, 0x00, 0x00, 0x00,
    0x00, 0x00, 0x00, 0x00, 0x00, 0x00, 0x00, 0x00, 0x00, 0x00, 0x00, 0x00,
    0x00, 0x00, 0x00, 0x00, 0x00, 0x00, 0x00, 0x00, 0x00, 0x00, 0x00, 0x00,
    0x00, 0x00, 0x00, 0x00, 0x00, 0x00, 0x00, 0x00, 0x00, 0x00, 0x00, 0x00,
    0x00, 0x00, 0x00, 0x00, 0x00, 0x00, 0x00, 0x00, 0x00, 0x00, 0x00, 0x00,
    0x00, 0x00, 0x00, 0x00, 0x00, 0x00, 0x00, 0x00, 0x00, 0x00, 0x00, 0x00,
    0x00, 0x00, 0x00, 0x00, 0x00, 0x00, 0x00, 0x00, 0x00, 0x00, 0x00, 0x00,
    0x00, 0x00, 0x00, 0x00, 0x00, 0x00, 0x00, 0x00, 0x00, 0x00, 0x00, 0x00,
    0x00, 0x00, 0x00, 0x00, 0x00, 0x00, 0x00, 0x00, 0x00, 0x00, 0x00, 0x00,
    0x00, 0x00, 0x00, 0x00, 0x00, 0x00, 0x00, 0x00, 0x00, 0x00, 0x00, 0x00,
    0x00, 0x00, 0x00, 0x00, 0x00, 0x00, 0x00, 0x00, 0x00, 0x00, 0x00, 0x00,
    0x00, 0x00, 0x00, 0x00, 0x00, 0x00, 0x00, 0x00, 0x00, 0x00, 0x00, 0x00,
    0x00, 0x00, 0x00, 0x00, 0x00, 0x00, 0x00, 0x00, 0x00, 0x00, 0x00, 0x00,
    0x00, 0x00, 0x00, 0x00, 0x00, 0x00, 0x00, 0x00, 0x00, 0x00, 0x00, 0x00,
    0x00, 0x00, 0x00, 0x00, 0x00, 0x00, 0x00, 0x00, 0x00, 0x00, 0x00, 0x00,
    0x00, 0x00, 0x00, 0x00, 0x00, 0x00, 0x00, 0x00, 0x00, 0x00, 0x00, 0x00,
    0x00, 0x00, 0x00, 0x00, 0x00, 0x00, 0x00, 0x00, 0x00, 0x00, 0x00, 0x00,
    0x00, 0x00, 0x00, 0x00, 0x00, 0x00, 0x00, 0x00, 0x00, 0x00, 0x00, 0x00,
    0x00, 0x00, 0x00, 0x00, 0x00, 0x00, 0x00, 0x00, 0x00, 0x00, 0x00, 0x00,
    0x00, 0x00, 0x00, 0x00, 0x00, 0x00, 0x00, 0x00, 0x00, 0x00, 0x00, 0x00,
    0x00, 0x00, 0x00, 0x00, 0x00, 0x00, 0x00, 0x00, 0x00, 0x00, 0x00, 0x00,
    0x00, 0x00, 0x00, 0x00, 0x00, 0x00, 0x00, 0x00, 0x00, 0x00, 0x00, 0x00,
    0x00, 0x00, 0x00, 0x00, 0x00, 0x00, 0x00, 0x00, 0x00, 0x00, 0x00, 0x00,
    0x00, 0x00, 0x00, 0x00, 0x00, 0x00, 0x00, 0x00, 0x00, 0x00, 0x00, 0x00,
    0x00, 0x00, 0x00, 0x00, 0x00, 0x00, 0x00, 0x00, 0x00, 0x00, 0x00, 0x00,
    0x00, 0x00, 0x00, 0x00, 0x00, 0x00, 0x00, 0x00, 0x00, 0x00, 0x00, 0x00,
    0x00, 0x00, 0x00, 0x00, 0x00, 0x00, 0x00, 0x00, 0x00, 0x00, 0x00, 0x00,
    0x00, 0x00, 0x00, 0x00, 0x00, 0x00, 0x00, 0x00, 0x00, 0x00, 0x00, 0x00,
    0x00, 0x00, 0x00, 0x00, 0xf8, 0xfc, 0xf8, 0x08, 0xf8, 0xfc, 0xf8, 0x14,
    0xf8, 0xfc, 0xf8, 0x20, 0xf8, 0xfc, 0xf8, 0x28, 0xf8, 0xfc, 0xf8, 0x30,
    0xf8, 0xfc, 0xf8, 0x34, 0xf8, 0xfc, 0xf8, 0x34, 0xf8, 0xfc, 0xf8, 0x34,
    0xf8, 0xfc, 0xf8, 0x34, 0xf8, 0xfc, 0xf8, 0x34, 0xf8, 0xfc, 0xf8, 0x34,
    0xf8, 0xfc, 0xf8, 0x34, 0xf8, 0xfc, 0xf8, 0x34, 0xf8, 0xfc, 0xf8, 0x34,
    0xf8, 0xfc, 0xf8, 0x30, 0xf8, 0xfc, 0xf8, 0x34, 0xf8, 0xfc, 0xf8, 0x30,
    0xf8, 0xfc, 0xf8, 0x34, 0xf8, 0xfc, 0xf8, 0x30, 0xf8, 0xfc, 0xf8, 0x34,
    0xf8, 0xfc, 0xf8, 0x34, 0xf8, 0xfc, 0xf8, 0x34, 0xf8, 0xfc, 0xf8, 0x34,
    0xf8, 0xfc, 0xf8, 0x34, 0xf8, 0xfc, 0xf8, 0x34, 0xf8, 0xfc, 0xf8, 0x34,
    0xf8, 0xfc, 0xf8, 0x34, 0xf8, 0xfc, 0xf8, 0x34, 0xf8, 0xfc, 0xf8, 0x34,
    0xf8, 0xfc, 0xf8, 0x30, 0xf8, 0xfc, 0xf8, 0x24, 0xf8, 0xfc, 0xf8, 0x1c,
    0xf8, 0xfc, 0xf8, 0x14, 0xf8, 0xfc, 0xf8, 0x08, 0x00, 0x00, 0x00, 0x00,
    0x00, 0x00, 0x00, 0x00, 0x00, 0x00, 0x00, 0x00, 0x00, 0x00, 0x00, 0x00,
    0x00, 0x00, 0x00, 0x00, 0x00, 0x00, 0x00, 0x00, 0x00, 0x00, 0x00, 0x00,
    0x00, 0x00, 0x00, 0x00, 0x00, 0x00, 0x00, 0x00, 0x00, 0x00, 0x00, 0x00,
    0x00, 0x00, 0x00, 0x00, 0x00, 0x00, 0x00, 0x00, 0x00, 0x00, 0x00, 0x00,
    0x00, 0x00, 0x00, 0x00, 0x00, 0x00, 0x00, 0x00, 0x00, 0x00, 0x00, 0x00,
    0x00, 0x00, 0x00, 0x00, 0x00, 0x00, 0x00, 0x00, 0x00, 0x00, 0x00, 0x00,
    0x00, 0x00, 0x00, 0x00, 0x00, 0x00, 0x00, 0x00, 0x00, 0x00, 0x00, 0x00,
    0x00, 0x00, 0x00, 0x00, 0x00, 0x00, 0x00, 0x00, 0x00, 0x00, 0x00, 0x00,
    0x00, 0x00, 0x00, 0x00, 0x00, 0x00, 0x00, 0x00, 0x00, 0x00, 0x00, 0x00,
    0x00, 0x00, 0x00, 0x00, 0x00, 0x00, 0x00, 0x00, 0x00, 0x00, 0x00, 0x00,
    0x00, 0x00, 0x00, 0x00, 0x00, 0x00, 0x00, 0x00, 0x00, 0x00, 0x00, 0x00,
    0x00, 0x00, 0x00, 0x00, 0x00, 0x00, 0x00, 0x00, 0x00, 0x00, 0x00, 0x00,
    0x00, 0x00, 0x00, 0x00, 0x00, 0x00, 0x00, 0x00, 0x00, 0x00, 0x00, 0x00,
    0x00, 0x00, 0x00, 0x00, 0x00, 0x00, 0x00, 0x00, 0x00, 0x00, 0x00, 0x00,
    0x00, 0x00, 0x00, 0x00, 0x00, 0x00, 0x00, 0x00, 0x00, 0x00, 0x00, 0x00,
    0x00, 0x00, 0x00, 0x00, 0x00, 0x00, 0x00, 0x00, 0x00, 0x00, 0x00, 0x00,
    0x00, 0x00, 0x00, 0x00, 0x00, 0x00, 0x00, 0x00, 0x00, 0x00, 0x00, 0x00,
    0x00, 0x00, 0x00, 0x00, 0x00, 0x00, 0x00, 0x00, 0x00, 0x00, 0x00, 0x00,
    0x00, 0x00, 0x00, 0x00, 0x00, 0x00, 0x00, 0x00, 0x00, 0x00, 0x00, 0x00,
    0x00, 0x00, 0x00, 0x00, 0x00, 0x00, 0x00, 0x00, 0x00, 0x00, 0x00, 0x00,
    0x00, 0x00, 0x00, 0x00, 0x00, 0x00, 0x00, 0x00, 0x00, 0x00, 0x00, 0x00,
    0x00, 0x00, 0x00, 0x00, 0x00, 0x00, 0x00, 0x00, 0x00, 0x00, 0x00, 0x00,
    0x00, 0x00, 0x00, 0x00, 0x00, 0x00, 0x00, 0x00, 0x00, 0x00, 0x00, 0x00,
    0x00, 0x00, 0x00, 0x00, 0x00, 0x00, 0x00, 0x00, 0x00, 0x00, 0x00, 0x00,
    0x00, 0x00, 0x00, 0x00, 0x00, 0x00, 0x00, 0x00, 0x00, 0x00, 0x00, 0x00,
    0x00, 0x00, 0x00, 0x00, 0x00, 0x00, 0x00, 0x00, 0x00, 0x00, 0x00, 0x00,
    0x00, 0x00, 0x00, 0x00, 0x00, 0x00, 0x00, 0x00, 0x00, 0x00, 0x00, 0x00,
    0x00, 0x00, 0x00, 0x00, 0x00, 0x00, 0x00, 0x00, 0x00, 0x00, 0x00, 0x00,
    0x00, 0x00, 0x00, 0x00, 0x00, 0x00, 0x00, 0x00, 0x00, 0x00, 0x00, 0x00,
    0x00, 0x00, 0x00, 0x00, 0x00, 0x00, 0x00, 0x00, 0x00, 0x00, 0x00, 0x00,
    0x00, 0x00, 0x00, 0x00, 0x00, 0x00, 0x00, 0x00, 0x00, 0x00, 0x00, 0x00,
    0x00, 0x00, 0x00, 0x00, 0x00, 0x00, 0x00, 0x00, 0x00, 0x00, 0x00, 0x00,
    0x00, 0x00, 0x00, 0x00, 0x00, 0x00, 0x00, 0x00, 0x00, 0x00, 0x00, 0x00,
    0x00, 0x00, 0x00, 0x00, 0x00, 0x00, 0x00, 0x00, 0x00, 0x00, 0x00, 0x00,
    0x00, 0x00, 0x00, 0x00, 0x00, 0x00, 0x00, 0x00, 0x00, 0x00, 0x00, 0x00,
    0x00, 0x00, 0x00, 0x00, 0x00, 0x00, 0x00, 0x00, 0x00, 0x00, 0x00, 0x00,
    0x00, 0x00, 0x00, 0x00, 0x00, 0x00, 0x00, 0x00, 0x00, 0x00, 0x00, 0x00,
    0xf8, 0xfc, 0xf8, 0x08, 0xf8, 0xfc, 0xf8, 0x14, 0xf8, 0xfc, 0xf8, 0x24,
    0xf8, 0xfc, 0xf8, 0x30, 0xf8, 0xfc, 0xf8, 0x34, 0xf8, 0xfc, 0xf8, 0x34,
    0xf8, 0xfc, 0xf8, 0x34, 0xf8, 0xfc, 0xf8, 0x34, 0xf8, 0xfc, 0xf8, 0x34,
    0xf8, 0xfc, 0xf8, 0x30, 0xf8, 0xfc, 0xf8, 0x30, 0xf8, 0xfc, 0xf8, 0x34,
    0xf8, 0xfc, 0xf8, 0x30, 0xf8, 0xfc, 0xf8, 0x34, 0xf8, 0xfc, 0xf8, 0x30,
    0xf8, 0xfc, 0xf8, 0x34, 0xf8, 0xfc, 0xf8, 0x34, 0xf8, 0xfc, 0xf8, 0x30,
    0xf8, 0xfc, 0xf8, 0x34, 0xf8, 0xfc, 0xf8, 0x34, 0xf8, 0xfc, 0xf8, 0x34,
    0xf8, 0xfc, 0xf8, 0x34, 0xf8, 0xfc, 0xf8, 0x34, 0xf8, 0xfc, 0xf8, 0x30,
    0xf8, 0xfc, 0xf8, 0x34, 0xf8, 0xfc, 0xf8, 0x34, 0xf8, 0xfc, 0xf8, 0x34,
    0xf8, 0xfc, 0xf8, 0x34, 0xf8, 0xfc, 0xf8, 0x34, 0xf8, 0xfc, 0xf8, 0x34,
    0xf8, 0xfc, 0xf8, 0x34, 0xf8, 0xfc, 0xf8, 0x34, 0xf8, 0xfc, 0xf8, 0x34,
    0xf8, 0xfc, 0xf8, 0x34, 0xf8, 0xfc, 0xf8, 0x34, 0xf8, 0xfc, 0xf8, 0x34,
    0xf8, 0xfc, 0xf8, 0x34, 0xf8, 0xfc, 0xf8, 0x34, 0xf8, 0xfc, 0xf8, 0x30,
    0xf8, 0xfc, 0xf8, 0x24, 0xf8, 0xfc, 0xf8, 0x14, 0xf8, 0xfc, 0xf8, 0x08,
    0x00, 0x00, 0x00, 0x00, 0x00, 0x00, 0x00, 0x00, 0x00, 0x00, 0x00, 0x00,
    0x00, 0x00, 0x00, 0x00, 0x00, 0x00, 0x00, 0x00, 0x00, 0x00, 0x00, 0x00,
    0x00, 0x00, 0x00, 0x00, 0x00, 0x00, 0x00, 0x00, 0x00, 0x00, 0x00, 0x00,
    0x00, 0x00, 0x00, 0x00, 0x00, 0x00, 0x00, 0x00, 0x00, 0x00, 0x00, 0x00,
    0x00, 0x00, 0x00, 0x00, 0x00, 0x00, 0x00, 0x00, 0x00, 0x00, 0x00, 0x00,
    0x00, 0x00, 0x00, 0x00, 0x00, 0x00, 0x00, 0x00, 0x00, 0x00, 0x00, 0x00,
    0x00, 0x00, 0x00, 0x00, 0x00, 0x00, 0x00, 0x00, 0x00, 0x00, 0x00, 0x00,
    0x00, 0x00, 0x00, 0x00, 0x00, 0x00, 0x00, 0x00, 0x00, 0x00, 0x00, 0x00,
    0x00, 0x00, 0x00, 0x00, 0x00, 0x00, 0x00, 0x00, 0x00, 0x00, 0x00, 0x00,
    0x00, 0x00, 0x00, 0x00, 0x00, 0x00, 0x00, 0x00, 0x00, 0x00, 0x00, 0x00,
    0x00, 0x00, 0x00, 0x00, 0x00, 0x00, 0x00, 0x00, 0x00, 0x00, 0x00, 0x00,
    0x00, 0x00, 0x00, 0x00, 0x00, 0x00, 0x00, 0x00, 0x00, 0x00, 0x00, 0x00,
    0x00, 0x00, 0x00, 0x00, 0x00, 0x00, 0x00, 0x00, 0x00, 0x00, 0x00, 0x00,
    0x00, 0x00, 0x00, 0x00, 0x00, 0x00, 0x00, 0x00, 0x00, 0x00, 0x00, 0x00,
    0x00, 0x00, 0x00, 0x00, 0x00, 0x00, 0x00, 0x00, 0x00, 0x00, 0x00, 0x00,
    0x00, 0x00, 0x00, 0x00, 0x00, 0x00, 0x00, 0x00, 0x00, 0x00, 0x00, 0x00,
    0x00, 0x00, 0x00, 0x00, 0x00, 0x00, 0x00, 0x00, 0x00, 0x00, 0x00, 0x00,
    0x00, 0x00, 0x00, 0x00, 0x00, 0x00, 0x00, 0x00, 0x00, 0x00, 0x00, 0x00,
    0x00, 0x00, 0x00, 0x00, 0x00, 0x00, 0x00, 0x00, 0x00, 0x00, 0x00, 0x00,
    0x00, 0x00, 0x00, 0x00, 0x00, 0x00, 0x00, 0x00, 0x00, 0x00, 0x00, 0x00,
    0x00, 0x00, 0x00, 0x00, 0x00, 0x00, 0x00, 0x00, 0x00, 0x00, 0x00, 0x00,
    0x00, 0x00, 0x00, 0x00, 0x00, 0x00, 0x00, 0x00, 0x00, 0x00, 0x00, 0x00,
    0x00, 0x00, 0x00, 0x00, 0x00, 0x00, 0x00, 0x00, 0x00, 0x00, 0x00, 0x00,
    0x00, 0x00, 0x00, 0x00, 0x00, 0x00, 0x00, 0x00, 0x00, 0x00, 0x00, 0x00,
    0x00, 0x00, 0x00, 0x00, 0x00, 0x00, 0x00, 0x00, 0x00, 0x00, 0x00, 0x00,
    0x00, 0x00, 0x00, 0x00, 0x00, 0x00, 0x00, 0x00, 0x00, 0x00, 0x00, 0x00,
    0x00, 0x00, 0x00, 0x00, 0x00, 0x00, 0x00, 0x00, 0x00, 0x00, 0x00, 0x00,
    0x00, 0x00, 0x00, 0x00, 0x00, 0x00, 0x00, 0x00, 0x00, 0x00, 0x00, 0x00,
    0x00, 0x00, 0x00, 0x00, 0x00, 0x00, 0x00, 0x00, 0x00, 0x00, 0x00, 0x00,
    0x00, 0x00, 0x00, 0x00, 0x00, 0x00, 0x00, 0x00, 0x00, 0x00, 0x00, 0x00,
    0x00, 0x00, 0x00, 0x00, 0x00, 0x00, 0x00, 0x00, 0x00, 0x00, 0x00, 0x00,
    0x00, 0x00, 0x00, 0x00, 0x00, 0x00, 0x00, 0x00, 0x00, 0x00, 0x00, 0x00,
    0x00, 0x00, 0x00, 0x00, 0x00, 0x00, 0x00, 0x00, 0x00, 0x00, 0x00, 0x00,
    0x00, 0x00, 0x00, 0x00, 0x00, 0x00, 0x00, 0x00, 0x00, 0x00, 0x00, 0x00,
    0x00, 0x00, 0x00, 0x00, 0x00, 0x00, 0x00, 0x00, 0x00, 0x00, 0x00, 0x00,
    0xf8, 0xfc, 0xf8, 0x0c, 0xf8, 0xfc, 0xf8, 0x1c, 0xf8, 0xfc, 0xf8, 0x2c,
    0xf8, 0xfc, 0xf8, 0x34, 0xf8, 0xfc, 0xf8, 0x34, 0xf8, 0xfc, 0xf8, 0x34,
    0xf8, 0xfc, 0xf8, 0x34, 0xf8, 0xfc, 0xf8, 0x34, 0xf8, 0xfc, 0xf8, 0x30,
    0xf8, 0xfc, 0xf8, 0x34, 0xf8, 0xfc, 0xf8, 0x34, 0xf8, 0xfc, 0xf8, 0x34,
    0xf8, 0xfc, 0xf8, 0x34, 0xf8, 0xfc, 0xf8, 0x34, 0xf8, 0xfc, 0xf8, 0x34,
    0xf8, 0xfc, 0xf8, 0x34, 0xf8, 0xfc, 0xf8, 0x30, 0xf8, 0xfc, 0xf8, 0x34,
    0xf8, 0xfc, 0xf8, 0x34, 0xf8, 0xfc, 0xf8, 0x30, 0xf8, 0xfc, 0xf8, 0x34,
    0xf8, 0xfc, 0xf8, 0x34, 0xf8, 0xfc, 0xf8, 0x34, 0xf8, 0xfc, 0xf8, 0x30,
    0xf8, 0xfc, 0xf8, 0x34, 0xf8, 0xfc, 0xf8, 0x34, 0xf8, 0xfc, 0xf8, 0x30,
    0xf8, 0xfc, 0xf8, 0x34, 0xf8, 0xfc, 0xf8, 0x30, 0xf8, 0xfc, 0xf8, 0x30,
    0xf8, 0xfc, 0xf8, 0x34, 0xf8, 0xfc, 0xf8, 0x30, 0xf8, 0xfc, 0xf8, 0x34,
    0xf8, 0xfc, 0xf8, 0x30, 0xf8, 0xfc, 0xf8, 0x34, 0xf8, 0xfc, 0xf8, 0x34,
    0xf8, 0xfc, 0xf8, 0x34, 0xf8, 0xfc, 0xf8, 0x34, 0xf8, 0xfc, 0xf8, 0x34,
    0xf8, 0xfc, 0xf8, 0x34, 0xf8, 0xfc, 0xf8, 0x34, 0xf8, 0xfc, 0xf8, 0x34,
    0xf8, 0xfc, 0xf8, 0x34, 0xf8, 0xfc, 0xf8, 0x34, 0xf8, 0xfc, 0xf8, 0x34,
    0xf8, 0xfc, 0xf8, 0x2c, 0xf8, 0xfc, 0xf8, 0x20, 0xf8, 0xfc, 0xf8, 0x0c,
    0x00, 0x00, 0x00, 0x00, 0x00, 0x00, 0x00, 0x00, 0x00, 0x00, 0x00, 0x00,
    0x00, 0x00, 0x00, 0x00, 0x00, 0x00, 0x00, 0x00, 0x00, 0x00, 0x00, 0x00,
    0x00, 0x00, 0x00, 0x00, 0x00, 0x00, 0x00, 0x00, 0x00, 0x00, 0x00, 0x00,
    0x00, 0x00, 0x00, 0x00, 0x00, 0x00, 0x00, 0x00, 0x00, 0x00, 0x00, 0x00,
    0x00, 0x00, 0x00, 0x00, 0x00, 0x00, 0x00, 0x00, 0x00, 0x00, 0x00, 0x00,
    0x00, 0x00, 0x00, 0x00, 0x00, 0x00, 0x00, 0x00, 0x00, 0x00, 0x00, 0x00,
    0x00, 0x00, 0x00, 0x00, 0x00, 0x00, 0x00, 0x00, 0x00, 0x00, 0x00, 0x00,
    0x00, 0x00, 0x00, 0x00, 0x00, 0x00, 0x00, 0x00, 0x00, 0x00, 0x00, 0x00,
    0x00, 0x00, 0x00, 0x00, 0x00, 0x00, 0x00, 0x00, 0x00, 0x00, 0x00, 0x00,
    0x00, 0x00, 0x00, 0x00, 0x00, 0x00, 0x00, 0x00, 0x00, 0x00, 0x00, 0x00,
    0x00, 0x00, 0x00, 0x00, 0x00, 0x00, 0x00, 0x00, 0x00, 0x00, 0x00, 0x00,
    0x00, 0x00, 0x00, 0x00, 0x00, 0x00, 0x00, 0x00, 0x00, 0x00, 0x00, 0x00,
    0x00, 0x00, 0x00, 0x00, 0x00, 0x00, 0x00, 0x00, 0x00, 0x00, 0x00, 0x00,
    0x00, 0x00, 0x00, 0x00, 0x00, 0x00, 0x00, 0x00, 0x00, 0x00, 0x00, 0x00,
    0x00, 0x00, 0x00, 0x00, 0x00, 0x00, 0x00, 0x00, 0x00, 0x00, 0x00, 0x00,
    0x00, 0x00, 0x00, 0x00, 0x00, 0x00, 0x00, 0x00, 0x00, 0x00, 0x00, 0x00,
    0x00, 0x00, 0x00, 0x00, 0x00, 0x00, 0x00, 0x00, 0x00, 0x00, 0x00, 0x00,
    0x00, 0x00, 0x00, 0x00, 0x00, 0x00, 0x00, 0x00, 0x00, 0x00, 0x00, 0x00,
    0x00, 0x00, 0x00, 0x00, 0x00, 0x00, 0x00, 0x00, 0x00, 0x00, 0x00, 0x00,
    0x00, 0x00, 0x00, 0x00, 0x00, 0x00, 0x00, 0x00, 0x00, 0x00, 0x00, 0x00,
    0x00, 0x00, 0x00, 0x00, 0x00, 0x00, 0x00, 0x00, 0x00, 0x00, 0x00, 0x00,
    0x00, 0x00, 0x00, 0x00, 0x00, 0x00, 0x00, 0x00, 0x00, 0x00, 0x00, 0x00,
    0x00, 0x00, 0x00, 0x00, 0x00, 0x00, 0x00, 0x00, 0x00, 0x00, 0x00, 0x00,
    0x00, 0x00, 0x00, 0x00, 0x00, 0x00, 0x00, 0x00, 0x00, 0x00, 0x00, 0x00,
    0x00, 0x00, 0x00, 0x00, 0x00, 0x00, 0x00, 0x00, 0x00, 0x00, 0x00, 0x00,
    0x00, 0x00, 0x00, 0x00, 0x00, 0x00, 0x00, 0x00, 0x00, 0x00, 0x00, 0x00,
    0x00, 0x00, 0x00, 0x00, 0x00, 0x00, 0x00, 0x00, 0x00, 0x00, 0x00, 0x00,
    0x00, 0x00, 0x00, 0x00, 0x00, 0x00, 0x00, 0x00, 0x00, 0x00, 0x00, 0x00,
    0x00, 0x00, 0x00, 0x00, 0x00, 0x00, 0x00, 0x00, 0x00, 0x00, 0x00, 0x00,
    0x00, 0x00, 0x00, 0x00, 0x00, 0x00, 0x00, 0x00, 0x00, 0x00, 0x00, 0x00,
    0x00, 0x00, 0x00, 0x00, 0x00, 0x00, 0x00, 0x00, 0x00, 0x00, 0x00, 0x00,
    0x00, 0x00, 0x00, 0x00, 0x00, 0x00, 0x00, 0x00, 0x00, 0x00, 0x00, 0x00,
    0x00, 0x00, 0x00, 0x00, 0x00, 0x00, 0x00, 0x00, 0x00, 0x00, 0x00, 0x00,
    0xf8, 0xfc, 0xf8, 0x0c, 0xf8, 0xfc, 0xf8, 0x1c, 0xf8, 0xfc, 0xf8, 0x30,
    0xf8, 0xfc, 0xf8, 0x34, 0xf8, 0xfc, 0xf8, 0x34, 0xf8, 0xfc, 0xf8, 0x34,
    0xf8, 0xfc, 0xf8, 0x34, 0xf8, 0xfc, 0xf8, 0x30, 0xf8, 0xfc, 0xf8, 0x34,
    0xf8, 0xfc, 0xf8, 0x34, 0xf8, 0xfc, 0xf8, 0x30, 0xf8, 0xfc, 0xf8, 0x34,
    0xf8, 0xfc, 0xf8, 0x34, 0xf8, 0xfc, 0xf8, 0x30, 0xf8, 0xfc, 0xf8, 0x30,
    0xf8, 0xfc, 0xf8, 0x34, 0xf8, 0xfc, 0xf8, 0x34, 0xf8, 0xfc, 0xf8, 0x34,
    0xf8, 0xfc, 0xf8, 0x34, 0xf8, 0xfc, 0xf8, 0x34, 0xf8, 0xfc, 0xf8, 0x34,
    0xf8, 0xfc, 0xf8, 0x34, 0xf8, 0xfc, 0xf8, 0x34, 0xf8, 0xfc, 0xf8, 0x34,
    0xf8, 0xfc, 0xf8, 0x30, 0xf8, 0xfc, 0xf8, 0x34, 0xf8, 0xfc, 0xf8, 0x34,
    0xf8, 0xfc, 0xf8, 0x30, 0xf8, 0xfc, 0xf8, 0x34, 0xf8, 0xfc, 0xf8, 0x34,
    0xf8, 0xfc, 0xf8, 0x34, 0xf8, 0xfc, 0xf8, 0x34, 0xf8, 0xfc, 0xf8, 0x34,
    0xf8, 0xfc, 0xf8, 0x34, 0xf8, 0xfc, 0xf8, 0x34, 0xf8, 0xfc, 0xf8, 0x34,
    0xf8, 0xfc, 0xf8, 0x34, 0xf8, 0xfc, 0xf8, 0x30, 0xf8, 0xfc, 0xf8, 0x34,
    0xf8, 0xfc, 0xf8, 0x30, 0xf8, 0xfc, 0xf8, 0x30, 0xf8, 0xfc, 0xf8, 0x34,
    0xf8, 0xfc, 0xf8, 0x30, 0xf8, 0xfc, 0xf8, 0x30, 0xf8, 0xfc, 0xf8, 0x34,
    0xf8, 0xfc, 0xf8, 0x34, 0xf8, 0xfc, 0xf8, 0x34, 0xf8, 0xfc, 0xf8, 0x34,
    0xf8, 0xfc, 0xf8, 0x34, 0xf8, 0xfc, 0xf8, 0x34, 0xf8, 0xfc, 0xf8, 0x34,
    0xf8, 0xfc, 0xf8, 0x2c, 0xf8, 0xfc, 0xf8, 0x20, 0xf8, 0xfc, 0xf8, 0x08,
    0x00, 0x00, 0x00, 0x00, 0x00, 0x00, 0x00, 0x00, 0x00, 0x00, 0x00, 0x00,
    0x00, 0x00, 0x00, 0x00, 0x00, 0x00, 0x00, 0x00, 0x00, 0x00, 0x00, 0x00,
    0x00, 0x00, 0x00, 0x00, 0x00, 0x00, 0x00, 0x00, 0x00, 0x00, 0x00, 0x00,
    0x00, 0x00, 0x00, 0x00, 0x00, 0x00, 0x00, 0x00, 0x00, 0x00, 0x00, 0x00,
    0x00, 0x00, 0x00, 0x00, 0x00, 0x00, 0x00, 0x00, 0x00, 0x00, 0x00, 0x00,
    0x00, 0x00, 0x00, 0x00, 0x00, 0x00, 0x00, 0x00, 0x00, 0x00, 0x00, 0x00,
    0x00, 0x00, 0x00, 0x00, 0x00, 0x00, 0x00, 0x00, 0x00, 0x00, 0x00, 0x00,
    0x00, 0x00, 0x00, 0x00, 0x00, 0x00, 0x00, 0x00, 0x00, 0x00, 0x00, 0x00,
    0x00, 0x00, 0x00, 0x00, 0x00, 0x00, 0x00, 0x00, 0x00, 0x00, 0x00, 0x00,
    0x00, 0x00, 0x00, 0x00, 0x00, 0x00, 0x00, 0x00, 0x00, 0x00, 0x00, 0x00,
    0x00, 0x00, 0x00, 0x00, 0x00, 0x00, 0x00, 0x00, 0x00, 0x00, 0x00, 0x00,
    0x00, 0x00, 0x00, 0x00, 0x00, 0x00, 0x00, 0x00, 0x00, 0x00, 0x00, 0x00,
    0x00, 0x00, 0x00, 0x00, 0x00, 0x00, 0x00, 0x00, 0x00, 0x00, 0x00, 0x00,
    0x00, 0x00, 0x00, 0x00, 0x00, 0x00, 0x00, 0x00, 0x00, 0x00, 0x00, 0x00,
    0x00, 0x00, 0x00, 0x00, 0x00, 0x00, 0x00, 0x00, 0x00, 0x00, 0x00, 0x00,
    0x00, 0x00, 0x00, 0x00, 0x00, 0x00, 0x00, 0x00, 0x00, 0x00, 0x00, 0x00,
    0x00, 0x00, 0x00, 0x00, 0x00, 0x00, 0x00, 0x00, 0x00, 0x00, 0x00, 0x00,
    0x00, 0x00, 0x00, 0x00, 0x00, 0x00, 0x00, 0x00, 0x00, 0x00, 0x00, 0x00,
    0x00, 0x00, 0x00, 0x00, 0x00, 0x00, 0x00, 0x00, 0x00, 0x00, 0x00, 0x00,
    0x00, 0x00, 0x00, 0x00, 0x00, 0x00, 0x00, 0x00, 0x00, 0x00, 0x00, 0x00,
    0x00, 0x00, 0x00, 0x00, 0x00, 0x00, 0x00, 0x00, 0x00, 0x00, 0x00, 0x00,
    0x00, 0x00, 0x00, 0x00, 0x00, 0x00, 0x00, 0x00, 0x00, 0x00, 0x00, 0x00,
    0x00, 0x00, 0x00, 0x00, 0x00, 0x00, 0x00, 0x00, 0x00, 0x00, 0x00, 0x00,
    0x00, 0x00, 0x00, 0x00, 0x00, 0x00, 0x00, 0x00, 0x00, 0x00, 0x00, 0x00,
    0x00, 0x00, 0x00, 0x00, 0x00, 0x00, 0x00, 0x00, 0x00, 0x00, 0x00, 0x00,
    0x00, 0x00, 0x00, 0x00, 0x00, 0x00, 0x00, 0x00, 0x00, 0x00, 0x00, 0x00,
    0x00, 0x00, 0x00, 0x00, 0x00, 0x00, 0x00, 0x00, 0x00, 0x00, 0x00, 0x00,
    0x00, 0x00, 0x00, 0x00, 0x00, 0x00, 0x00, 0x00, 0x00, 0x00, 0x00, 0x00,
    0x00, 0x00, 0x00, 0x00, 0x00, 0x00, 0x00, 0x00, 0x00, 0x00, 0x00, 0x00,
    0x00, 0x00, 0x00, 0x00, 0x00, 0x00, 0x00, 0x00, 0x00, 0x00, 0x00, 0x00,
    0x00, 0x00, 0x00, 0x00, 0x00, 0x00, 0x00, 0x00, 0x00, 0x00, 0x00, 0x00,
    0xf8, 0xfc, 0xf8, 0x04, 0xf8, 0xfc, 0xf8, 0x14, 0xf8, 0xfc, 0xf8, 0x24,
    0xf8, 0xfc, 0xf8, 0x34, 0xf8, 0xfc, 0xf8, 0x34, 0xf8, 0xfc, 0xf8, 0x34,
    0xf8, 0xfc, 0xf8, 0x34, 0xf8, 0xfc, 0xf8, 0x34, 0xf8, 0xfc, 0xf8, 0x30,
    0xf8, 0xfc, 0xf8, 0x34, 0xf8, 0xfc, 0xf8, 0x34, 0xf8, 0xfc, 0xf8, 0x30,
    0xf8, 0xfc, 0xf8, 0x34, 0xf8, 0xfc, 0xf8, 0x34, 0xf8, 0xfc, 0xf8, 0x34,
    0xf8, 0xfc, 0xf8, 0x34, 0xf8, 0xfc, 0xf8, 0x34, 0xf8, 0xfc, 0xf8, 0x34,
    0xf8, 0xfc, 0xf8, 0x30, 0xf8, 0xfc, 0xf8, 0x34, 0xf8, 0xfc, 0xf8, 0x30,
    0xf8, 0xfc, 0xf8, 0x30, 0xf8, 0xfc, 0xf8, 0x34, 0xf8, 0xfc, 0xf8, 0x30,
    0xf8, 0xfc, 0xf8, 0x34, 0xf8, 0xfc, 0xf8, 0x34, 0xf8, 0xfc, 0xf8, 0x30,
    0xf8, 0xfc, 0xf8, 0x34, 0xf8, 0xfc, 0xf8, 0x34, 0xf8, 0xfc, 0xf8, 0x34,
    0xf8, 0xfc, 0xf8, 0x34, 0xf8, 0xfc, 0xf8, 0x34, 0xf8, 0xfc, 0xf8, 0x34,
    0xf8, 0xfc, 0xf8, 0x30, 0xf8, 0xfc, 0xf8, 0x34, 0xf8, 0xfc, 0xf8, 0x34,
    0xf8, 0xfc, 0xf8, 0x30, 0xf8, 0xfc, 0xf8, 0x34, 0xf8, 0xfc, 0xf8, 0x34,
    0xf8, 0xfc, 0xf8, 0x34, 0xf8, 0xfc, 0xf8, 0x34, 0xf8, 0xfc, 0xf8, 0x34,
    0xf8, 0xfc, 0xf8, 0x34, 0xf8, 0xfc, 0xf8, 0x34, 0xf8, 0xfc, 0xf8, 0x34,
    0xf8, 0xfc, 0xf8, 0x34, 0xf8, 0xfc, 0xf8, 0x34, 0xf8, 0xfc, 0xf8, 0x30,
    0xf8, 0xfc, 0xf8, 0x34, 0xf8, 0xfc, 0xf8, 0x30, 0xf8, 0xfc, 0xf8, 0x34,
    0xf8, 0xfc, 0xf8, 0x34, 0xf8, 0xfc, 0xf8, 0x34, 0xf8, 0xfc, 0xf8, 0x34,
    0xf8, 0xfc, 0xf8, 0x34, 0xf8, 0xfc, 0xf8, 0x34, 0xf8, 0xfc, 0xf8, 0x34,
    0xf8, 0xfc, 0xf8, 0x28, 0xf8, 0xfc, 0xf8, 0x14, 0x00, 0x00, 0x00, 0x00,
    0x00, 0x00, 0x00, 0x00, 0x00, 0x00, 0x00, 0x00, 0x00, 0x00, 0x00, 0x00,
    0x00, 0x00, 0x00, 0x00, 0x00, 0x00, 0x00, 0x00, 0x00, 0x00, 0x00, 0x00,
    0x00, 0x00, 0x00, 0x00, 0x00, 0x00, 0x00, 0x00, 0x00, 0x00, 0x00, 0x00,
    0x00, 0x00, 0x00, 0x00, 0x00, 0x00, 0x00, 0x00, 0x00, 0x00, 0x00, 0x00,
    0x00, 0x00, 0x00, 0x00, 0x00, 0x00, 0x00, 0x00, 0x00, 0x00, 0x00, 0x00,
    0x00, 0x00, 0x00, 0x00, 0x00, 0x00, 0x00, 0x00, 0x00, 0x00, 0x00, 0x00,
    0x00, 0x00, 0x00, 0x00, 0x00, 0x00, 0x00, 0x00, 0x00, 0x00, 0x00, 0x00,
    0x00, 0x00, 0x00, 0x00, 0x00, 0x00, 0x00, 0x00, 0x00, 0x00, 0x00, 0x00,
    0x00, 0x00, 0x00, 0x00, 0x00, 0x00, 0x00, 0x00, 0x00, 0x00, 0x00, 0x00,
    0x00, 0x00, 0x00, 0x00, 0x00, 0x00, 0x00, 0x00, 0x00, 0x00, 0x00, 0x00,
    0x00, 0x00, 0x00, 0x00, 0x00, 0x00, 0x00, 0x00, 0x00, 0x00, 0x00, 0x00,
    0x00, 0x00, 0x00, 0x00, 0x00, 0x00, 0x00, 0x00, 0x00, 0x00, 0x00, 0x00,
    0x00, 0x00, 0x00, 0x00, 0x00, 0x00, 0x00, 0x00, 0x00, 0x00, 0x00, 0x00,
    0x00, 0x00, 0x00, 0x00, 0x00, 0x00, 0x00, 0x00, 0x00, 0x00, 0x00, 0x00,
    0x00, 0x00, 0x00, 0x00, 0x00, 0x00, 0x00, 0x00, 0x00, 0x00, 0x00, 0x00,
    0x00, 0x00, 0x00, 0x00, 0x00, 0x00, 0x00, 0x00, 0x00, 0x00, 0x00, 0x00,
    0x00, 0x00, 0x00, 0x00, 0x00, 0x00, 0x00, 0x00, 0x00, 0x00, 0x00, 0x00,
    0x00, 0x00, 0x00, 0x00, 0x00, 0x00, 0x00, 0x00, 0x00, 0x00, 0x00, 0x00,
    0x00, 0x00, 0x00, 0x00, 0x00, 0x00, 0x00, 0x00, 0x00, 0x00, 0x00, 0x00,
    0x00, 0x00, 0x00, 0x00, 0x00, 0x00, 0x00, 0x00, 0x00, 0x00, 0x00, 0x00,
    0x00, 0x00, 0x00, 0x00, 0x00, 0x00, 0x00, 0x00, 0x00, 0x00, 0x00, 0x00,
    0x00, 0x00, 0x00, 0x00, 0x00, 0x00, 0x00, 0x00, 0x00, 0x00, 0x00, 0x00,
    0x00, 0x00, 0x00, 0x00, 0x00, 0x00, 0x00, 0x00, 0x00, 0x00, 0x00, 0x00,
    0x00, 0x00, 0x00, 0x00, 0x00, 0x00, 0x00, 0x00, 0x00, 0x00, 0x00, 0x00,
    0x00, 0x00, 0x00, 0x00, 0x00, 0x00, 0x00, 0x00, 0x00, 0x00, 0x00, 0x00,
    0x00, 0x00, 0x00, 0x00, 0x00, 0x00, 0x00, 0x00, 0x00, 0x00, 0x00, 0x00,
    0x00, 0x00, 0x00, 0x00, 0x00, 0x00, 0x00, 0x00, 0x00, 0x00, 0x00, 0x00,
    0x00, 0x00, 0x00, 0x00, 0x00, 0x00, 0x00, 0x00, 0x00, 0x00, 0x00, 0x00,
    0x00, 0x00, 0x00, 0x00, 0x00, 0x00, 0x00, 0x00, 0x00, 0x00, 0x00, 0x00,
    0x00, 0x00, 0x00, 0x00, 0xf8, 0xfc, 0xf8, 0x04, 0xf8, 0xfc, 0xf8, 0x18,
    0xf8, 0xfc, 0xf8, 0x30, 0xf8, 0xfc, 0xf8, 0x34, 0xf8, 0xfc, 0xf8, 0x34,
    0xf8, 0xfc, 0xf8, 0x34, 0xf8, 0xfc, 0xf8, 0x34, 0xf8, 0xfc, 0xf8, 0x34,
    0xf8, 0xfc, 0xf8, 0x30, 0xf8, 0xfc, 0xf8, 0x34, 0xf8, 0xfc, 0xf8, 0x34,
    0xf8, 0xfc, 0xf8, 0x34, 0xf8, 0xfc, 0xf8, 0x34, 0xf8, 0xfc, 0xf8, 0x34,
    0xf8, 0xfc, 0xf8, 0x30, 0xf8, 0xfc, 0xf8, 0x34, 0xf8, 0xfc, 0xf8, 0x30,
    0xf8, 0xfc, 0xf8, 0x34, 0xf8, 0xfc, 0xf8, 0x34, 0xf8, 0xfc, 0xf8, 0x34,
    0xf8, 0xfc, 0xf8, 0x34, 0xf8, 0xfc, 0xf8, 0x34, 0xf8, 0xfc, 0xf8, 0x34,
    0xf8, 0xfc, 0xf8, 0x34, 0xf8, 0xfc, 0xf8, 0x34, 0xf8, 0xfc, 0xf8, 0x34,
    0xf8, 0xfc, 0xf8, 0x30, 0xf8, 0xfc, 0xf8, 0x34, 0xf8, 0xfc, 0xf8, 0x34,
    0xf8, 0xfc, 0xf8, 0x34, 0xf8, 0xfc, 0xf8, 0x30, 0xf8, 0xfc, 0xf8, 0x34,
    0xf8, 0xfc, 0xf8, 0x34, 0xf8, 0xfc, 0xf8, 0x30, 0xf8, 0xfc, 0xf8, 0x34,
    0xf8, 0xfc, 0xf8, 0x34, 0xf8, 0xfc, 0xf8, 0x34, 0xf8, 0xfc, 0xf8, 0x30,
    0xf8, 0xfc, 0xf8, 0x34, 0xf8, 0xfc, 0xf8, 0x34, 0xf8, 0xfc, 0xf8, 0x30,
    0xf8, 0xfc, 0xf8, 0x30, 0xf8, 0xfc, 0xf8, 0x34, 0xf8, 0xfc, 0xf8, 0x34,
    0xf8, 0xfc, 0xf8, 0x30, 0xf8, 0xfc, 0xf8, 0x34, 0xf8, 0xfc, 0xf8, 0x34,
    0xf8, 0xfc, 0xf8, 0x34, 0xf8, 0xfc, 0xf8, 0x34, 0xf8, 0xfc, 0xf8, 0x34,
    0xf8, 0xfc, 0xf8, 0x34, 0xf8, 0xfc, 0xf8, 0x30, 0xf8, 0xfc, 0xf8, 0x34,
    0xf8, 0xfc, 0xf8, 0x30, 0xf8, 0xfc, 0xf8, 0x30, 0xf8, 0xfc, 0xf8, 0x34,
    0xf8, 0xfc, 0xf8, 0x34, 0xf8, 0xfc, 0xf8, 0x34, 0xf8, 0xfc, 0xf8, 0x34,
    0xf8, 0xfc, 0xf8, 0x34, 0xf8, 0xfc, 0xf8, 0x34, 0xf8, 0xfc, 0xf8, 0x2c,
    0xf8, 0xfc, 0xf8, 0x20, 0xf8, 0xfc, 0xf8, 0x08, 0x00, 0x00, 0x00, 0x00,
    0x00, 0x00, 0x00, 0x00, 0x00, 0x00, 0x00, 0x00, 0x00, 0x00, 0x00, 0x00,
    0x00, 0x00, 0x00, 0x00, 0x00, 0x00, 0x00, 0x00, 0x00, 0x00, 0x00, 0x00,
    0x00, 0x00, 0x00, 0x00, 0x00, 0x00, 0x00, 0x00, 0x00, 0x00, 0x00, 0x00,
    0x00, 0x00, 0x00, 0x00, 0x00, 0x00, 0x00, 0x00, 0x00, 0x00, 0x00, 0x00,
    0x00, 0x00, 0x00, 0x00, 0x00, 0x00, 0x00, 0x00, 0x00, 0x00, 0x00, 0x00,
    0x00, 0x00, 0x00, 0x00, 0x00, 0x00, 0x00, 0x00, 0x00, 0x00, 0x00, 0x00,
    0x00, 0x00, 0x00, 0x00, 0x00, 0x00, 0x00, 0x00, 0x00, 0x00, 0x00, 0x00,
    0x00, 0x00, 0x00, 0x00, 0x00, 0x00, 0x00, 0x00, 0x00, 0x00, 0x00, 0x00,
    0x00, 0x00, 0x00, 0x00, 0x00, 0x00, 0x00, 0x00, 0x00, 0x00, 0x00, 0x00,
    0x00, 0x00, 0x00, 0x00, 0x00, 0x00, 0x00, 0x00, 0x00, 0x00, 0x00, 0x00,
    0x00, 0x00, 0x00, 0x00, 0x00, 0x00, 0x00, 0x00, 0x00, 0x00, 0x00, 0x00,
    0x00, 0x00, 0x00, 0x00, 0x00, 0x00, 0x00, 0x00, 0x00, 0x00, 0x00, 0x00,
    0x00, 0x00, 0x00, 0x00, 0x00, 0x00, 0x00, 0x00, 0x00, 0x00, 0x00, 0x00,
    0x00, 0x00, 0x00, 0x00, 0x00, 0x00, 0x00, 0x00, 0x00, 0x00, 0x00, 0x00,
    0x00, 0x00, 0x00, 0x00, 0x00, 0x00, 0x00, 0x00, 0x00, 0x00, 0x00, 0x00,
    0x00, 0x00, 0x00, 0x00, 0x00, 0x00, 0x00, 0x00, 0x00, 0x00, 0x00, 0x00,
    0x00, 0x00, 0x00, 0x00, 0x00, 0x00, 0x00, 0x00, 0x00, 0x00, 0x00, 0x00,
    0x00, 0x00, 0x00, 0x00, 0x00, 0x00, 0x00, 0x00, 0x00, 0x00, 0x00, 0x00,
    0x00, 0x00, 0x00, 0x00, 0x00, 0x00, 0x00, 0x00, 0x00, 0x00, 0x00, 0x00,
    0x00, 0x00, 0x00, 0x00, 0x00, 0x00, 0x00, 0x00, 0x00, 0x00, 0x00, 0x00,
    0x00, 0x00, 0x00, 0x00, 0x00, 0x00, 0x00, 0x00, 0x00, 0x00, 0x00, 0x00,
    0x00, 0x00, 0x00, 0x00, 0x00, 0x00, 0x00, 0x00, 0x00, 0x00, 0x00, 0x00,
    0x00, 0x00, 0x00, 0x00, 0x00, 0x00, 0x00, 0x00, 0x00, 0x00, 0x00, 0x00,
    0x00, 0x00, 0x00, 0x00, 0x00, 0x00, 0x00, 0x00, 0x00, 0x00, 0x00, 0x00,
    0x00, 0x00, 0x00, 0x00, 0x00, 0x00, 0x00, 0x00, 0x00, 0x00, 0x00, 0x00,
    0x00, 0x00, 0x00, 0x00, 0x00, 0x00, 0x00, 0x00, 0x00, 0x00, 0x00, 0x00,
    0x00, 0x00, 0x00, 0x00, 0x00, 0x00, 0x00, 0x00, 0x00, 0x00, 0x00, 0x00,
    0x00, 0x00, 0x00, 0x00, 0x00, 0x00, 0x00, 0x00, 0xf8, 0xfc, 0xf8, 0x08,
    0xf8, 0xfc, 0xf8, 0x20, 0xf8, 0xfc, 0xf8, 0x34, 0xf8, 0xfc, 0xf8, 0x34,
    0xf8, 0xfc, 0xf8, 0x34, 0xf8, 0xfc, 0xf8, 0x34, 0xf8, 0xfc, 0xf8, 0x34,
    0xf8, 0xfc, 0xf8, 0x34, 0xf8, 0xfc, 0xf8, 0x30, 0xf8, 0xfc, 0xf8, 0x34,
    0xf8, 0xfc, 0xf8, 0x34, 0xf8, 0xfc, 0xf8, 0x30, 0xf8, 0xfc, 0xf8, 0x34,
    0xf8, 0xfc, 0xf8, 0x30, 0xf8, 0xfc, 0xf8, 0x34, 0xf8, 0xfc, 0xf8, 0x34,
    0xf8, 0xfc, 0xf8, 0x34, 0xf8, 0xfc, 0xf8, 0x34, 0xf8, 0xfc, 0xf8, 0x34,
    0xf8, 0xfc, 0xf8, 0x30, 0xf8, 0xfc, 0xf8, 0x34, 0xf8, 0xfc, 0xf8, 0x30,
    0xf8, 0xfc, 0xf8, 0x34, 0xf8, 0xfc, 0xf8, 0x34, 0xf8, 0xfc, 0xf8, 0x30,
    0xf8, 0xfc, 0xf8, 0x34, 0xf8, 0xfc, 0xf8, 0x34, 0xf8, 0xfc, 0xf8, 0x34,
    0xf8, 0xfc, 0xf8, 0x34, 0xf8, 0xfc, 0xf8, 0x30, 0xf8, 0xfc, 0xf8, 0x34,
    0xf8, 0xfc, 0xf8, 0x34, 0xf8, 0xfc, 0xf8, 0x30, 0xf8, 0xfc, 0xf8, 0x34,
    0xf8, 0xfc, 0xf8, 0x34, 0xf8, 0xfc, 0xf8, 0x30, 0xf8, 0xfc, 0xf8, 0x34,
    0xf8, 0xfc, 0xf8, 0x34, 0xf8, 0xfc, 0xf8, 0x30, 0xf8, 0xfc, 0xf8, 0x34,
    0xf8, 0xfc, 0xf8, 0x34, 0xf8, 0xfc, 0xf8, 0x34, 0xf8, 0xfc, 0xf8, 0x34,
    0xf8, 0xfc, 0xf8, 0x34, 0xf8, 0xfc, 0xf8, 0x34, 0xf8, 0xfc, 0xf8, 0x30,
    0xf8, 0xfc, 0xf8, 0x34, 0xf8, 0xfc, 0xf8, 0x34, 0xf8, 0xfc, 0xf8, 0x30,
    0xf8, 0xfc, 0xf8, 0x30, 0xf8, 0xfc, 0xf8, 0x34, 0xf8, 0xfc, 0xf8, 0x34,
    0xf8, 0xfc, 0xf8, 0x34, 0xf8, 0xfc, 0xf8, 0x34, 0xf8, 0xfc, 0xf8, 0x34,
    0xf8, 0xfc, 0xf8, 0x34, 0xf8, 0xfc, 0xf8, 0x34, 0xf8, 0xfc, 0xf8, 0x30,
    0xf8, 0xfc, 0xf8, 0x34, 0xf8, 0xfc, 0xf8, 0x30, 0xf8, 0xfc, 0xf8, 0x30,
    0xf8, 0xfc, 0xf8, 0x34, 0xf8, 0xfc, 0xf8, 0x34, 0xf8, 0xfc, 0xf8, 0x34,
    0xf8, 0xfc, 0xf8, 0x34, 0xf8, 0xfc, 0xf8, 0x34, 0xf8, 0xfc, 0xf8, 0x20,
    0xf8, 0xfc, 0xf8, 0x08, 0x00, 0x00, 0x00, 0x00, 0x00, 0x00, 0x00, 0x00,
    0x00, 0x00, 0x00, 0x00, 0x00, 0x00, 0x00, 0x00, 0x00, 0x00, 0x00, 0x00,
    0x00, 0x00, 0x00, 0x00, 0x00, 0x00, 0x00, 0x00, 0x00, 0x00, 0x00, 0x00,
    0x00, 0x00, 0x00, 0x00, 0x00, 0x00, 0x00, 0x00, 0x00, 0x00, 0x00, 0x00,
    0x00, 0x00, 0x00, 0x00, 0x00, 0x00, 0x00, 0x00, 0x00, 0x00, 0x00, 0x00,
    0x00, 0x00, 0x00, 0x00, 0x00, 0x00, 0x00, 0x00, 0x00, 0x00, 0x00, 0x00,
    0x00, 0x00, 0x00, 0x00, 0x00, 0x00, 0x00, 0x00, 0x00, 0x00, 0x00, 0x00,
    0x00, 0x00, 0x00, 0x00, 0x00, 0x00, 0x00, 0x00, 0x00, 0x00, 0x00, 0x00,
    0x00, 0x00, 0x00, 0x00, 0x00, 0x00, 0x00, 0x00, 0x00, 0x00, 0x00, 0x00,
    0x00, 0x00, 0x00, 0x00, 0x00, 0x00, 0x00, 0x00, 0x00, 0x00, 0x00, 0x00,
    0x00, 0x00, 0x00, 0x00, 0x00, 0x00, 0x00, 0x00, 0x00, 0x00, 0x00, 0x00,
    0x00, 0x00, 0x00, 0x00, 0x00, 0x00, 0x00, 0x00, 0x00, 0x00, 0x00, 0x00,
    0x00, 0x00, 0x00, 0x00, 0x00, 0x00, 0x00, 0x00, 0x00, 0x00, 0x00, 0x00,
    0x00, 0x00, 0x00, 0x00, 0x00, 0x00, 0x00, 0x00, 0x00, 0x00, 0x00, 0x00,
    0x00, 0x00, 0x00, 0x00, 0x00, 0x00, 0x00, 0x00, 0x00, 0x00, 0x00, 0x00,
    0x00, 0x00, 0x00, 0x00, 0x00, 0x00, 0x00, 0x00, 0x00, 0x00, 0x00, 0x00,
    0x00, 0x00, 0x00, 0x00, 0x00, 0x00, 0x00, 0x00, 0x00, 0x00, 0x00, 0x00,
    0x00, 0x00, 0x00, 0x00, 0x00, 0x00, 0x00, 0x00, 0x00, 0x00, 0x00, 0x00,
    0x00, 0x00, 0x00, 0x00, 0x00, 0x00, 0x00, 0x00, 0x00, 0x00, 0x00, 0x00,
    0x00, 0x00, 0x00, 0x00, 0x00, 0x00, 0x00, 0x00, 0x00, 0x00, 0x00, 0x00,
    0x00, 0x00, 0x00, 0x00, 0x00, 0x00, 0x00, 0x00, 0x00, 0x00, 0x00, 0x00,
    0x00, 0x00, 0x00, 0x00, 0x00, 0x00, 0x00, 0x00, 0x00, 0x00, 0x00, 0x00,
    0x00, 0x00, 0x00, 0x00, 0x00, 0x00, 0x00, 0x00, 0x00, 0x00, 0x00, 0x00,
    0x00, 0x00, 0x00, 0x00, 0x00, 0x00, 0x00, 0x00, 0x00, 0x00, 0x00, 0x00,
    0x00, 0x00, 0x00, 0x00, 0x00, 0x00, 0x00, 0x00, 0x00, 0x00, 0x00, 0x00,
    0x00, 0x00, 0x00, 0x00, 0x00, 0x00, 0x00, 0x00, 0x00, 0x00, 0x00, 0x00,
    0x00, 0x00, 0x00, 0x00, 0x00, 0x00, 0x00, 0x00, 0x00, 0x00, 0x00, 0x00,
    0xf8, 0xfc, 0xf8, 0x08, 0xf8, 0xfc, 0xf8, 0x20, 0xf8, 0xfc, 0xf8, 0x34,
    0xf8, 0xfc, 0xf8, 0x34, 0xf8, 0xfc, 0xf8, 0x30, 0xf8, 0xfc, 0xf8, 0x34,
    0xf8, 0xfc, 0xf8, 0x34, 0xf8, 0xfc, 0xf8, 0x30, 0xf8, 0xfc, 0xf8, 0x34,
    0xf8, 0xfc, 0xf8, 0x34, 0xf8, 0xfc, 0xf8, 0x30, 0xf8, 0xfc, 0xf8, 0x34,
    0xf8, 0xfc, 0xf8, 0x34, 0xf8, 0xfc, 0xf8, 0x34, 0xf8, 0xfc, 0xf8, 0x34,
    0xf8, 0xfc, 0xf8, 0x34, 0xf8, 0xfc, 0xf8, 0x30, 0xf8, 0xfc, 0xf8, 0x34,
    0xf8, 0xfc, 0xf8, 0x34, 0xf8, 0xfc, 0xf8, 0x30, 0xf8, 0xfc, 0xf8, 0x34,
    0xf8, 0xfc, 0xf8, 0x34, 0xf8, 0xfc, 0xf8, 0x34, 0xf8, 0xfc, 0xf8, 0x30,
    0xf8, 0xfc, 0xf8, 0x34, 0xf8, 0xfc, 0xf8, 0x34, 0xf8, 0xfc, 0xf8, 0x30,
    0xf8, 0xfc, 0xf8, 0x34, 0xf8, 0xfc, 0xf8, 0x30, 0xf8, 0xfc, 0xf8, 0x34,
    0xf8, 0xfc, 0xf8, 0x34, 0xf8, 0xfc, 0xf8, 0x34, 0xf8, 0xfc, 0xf8, 0x34,
    0xf8, 0xfc, 0xf8, 0x34, 0xf8, 0xfc, 0xf8, 0x34, 0xf8, 0xfc, 0xf8, 0x34,
    0xf8, 0xfc, 0xf8, 0x34, 0xf8, 0xfc, 0xf8, 0x34, 0xf8, 0xfc, 0xf8, 0x34,
    0xf8, 0xfc, 0xf8, 0x34, 0xf8, 0xfc, 0xf8, 0x34, 0xf8, 0xfc, 0xf8, 0x34,
    0xf8, 0xfc, 0xf8, 0x30, 0xf8, 0xfc, 0xf8, 0x34, 0xf8, 0xfc, 0xf8, 0x34,
    0xf8, 0xfc, 0xf8, 0x30, 0xf8, 0xfc, 0xf8, 0x34, 0xf8, 0xfc, 0xf8, 0x34,
    0xf8, 0xfc, 0xf8, 0x34, 0xf8, 0xfc, 0xf8, 0x34, 0xf8, 0xfc, 0xf8, 0x34,
    0xf8, 0xfc, 0xf8, 0x34, 0xf8, 0xfc, 0xf8, 0x30, 0xf8, 0xfc, 0xf8, 0x34,
    0xf8, 0xfc, 0xf8, 0x30, 0xf8, 0xfc, 0xf8, 0x34, 0xf8, 0xfc, 0xf8, 0x34,
    0xf8, 0xfc, 0xf8, 0x34, 0xf8, 0xfc, 0xf8, 0x34, 0xf8, 0xfc, 0xf8, 0x34,
    0xf8, 0xfc, 0xf8, 0x34, 0xf8, 0xfc, 0xf8, 0x34, 0xf8, 0xfc, 0xf8, 0x34,
    0xf8, 0xfc, 0xf8, 0x30, 0xf8, 0xfc, 0xf8, 0x34, 0xf8, 0xfc, 0xf8, 0x30,
    0xf8, 0xfc, 0xf8, 0x34, 0xf8, 0xfc, 0xf8, 0x30, 0xf8, 0xfc, 0xf8, 0x34,
    0xf8, 0xfc, 0xf8, 0x34, 0xf8, 0xfc, 0xf8, 0x20, 0xf8, 0xfc, 0xf8, 0x08,
    0x00, 0x00, 0x00, 0x00, 0x00, 0x00, 0x00, 0x00, 0x00, 0x00, 0x00, 0x00,
    0x00, 0x00, 0x00, 0x00, 0x00, 0x00, 0x00, 0x00, 0x00, 0x00, 0x00, 0x00,
    0x00, 0x00, 0x00, 0x00, 0x00, 0x00, 0x00, 0x00, 0x00, 0x00, 0x00, 0x00,
    0x00, 0x00, 0x00, 0x00, 0x00, 0x00, 0x00, 0x00, 0x00, 0x00, 0x00, 0x00,
    0x00, 0x00, 0x00, 0x00, 0x00, 0x00, 0x00, 0x00, 0x00, 0x00, 0x00, 0x00,
    0x00, 0x00, 0x00, 0x00, 0x00, 0x00, 0x00, 0x00, 0x00, 0x00, 0x00, 0x00,
    0x00, 0x00, 0x00, 0x00, 0x00, 0x00, 0x00, 0x00, 0x00, 0x00, 0x00, 0x00,
    0x00, 0x00, 0x00, 0x00, 0x00, 0x00, 0x00, 0x00, 0x00, 0x00, 0x00, 0x00,
    0x00, 0x00, 0x00, 0x00, 0x00, 0x00, 0x00, 0x00, 0x00, 0x00, 0x00, 0x00,
    0x00, 0x00, 0x00, 0x00, 0x00, 0x00, 0x00, 0x00, 0x00, 0x00, 0x00, 0x00,
    0x00, 0x00, 0x00, 0x00, 0x00, 0x00, 0x00, 0x00, 0x00, 0x00, 0x00, 0x00,
    0x00, 0x00, 0x00, 0x00, 0x00, 0x00, 0x00, 0x00, 0x00, 0x00, 0x00, 0x00,
    0x00, 0x00, 0x00, 0x00, 0x00, 0x00, 0x00, 0x00, 0x00, 0x00, 0x00, 0x00,
    0x00, 0x00, 0x00, 0x00, 0x00, 0x00, 0x00, 0x00, 0x00, 0x00, 0x00, 0x00,
    0x00, 0x00, 0x00, 0x00, 0x00, 0x00, 0x00, 0x00, 0x00, 0x00, 0x00, 0x00,
    0x00, 0x00, 0x00, 0x00, 0x00, 0x00, 0x00, 0x00, 0x00, 0x00, 0x00, 0x00,
    0x00, 0x00, 0x00, 0x00, 0x00, 0x00, 0x00, 0x00, 0x00, 0x00, 0x00, 0x00,
    0x00, 0x00, 0x00, 0x00, 0x00, 0x00, 0x00, 0x00, 0x00, 0x00, 0x00, 0x00,
    0x00, 0x00, 0x00, 0x00, 0x00, 0x00, 0x00, 0x00, 0x00, 0x00, 0x00, 0x00,
    0x00, 0x00, 0x00, 0x00, 0x00, 0x00, 0x00, 0x00, 0x00, 0x00, 0x00, 0x00,
    0x00, 0x00, 0x00, 0x00, 0x00, 0x00, 0x00, 0x00, 0x00, 0x00, 0x00, 0x00,
    0x00, 0x00, 0x00, 0x00, 0x00, 0x00, 0x00, 0x00, 0x00, 0x00, 0x00, 0x00,
    0x00, 0x00, 0x00, 0x00, 0x00, 0x00, 0x00, 0x00, 0x00, 0x00, 0x00, 0x00,
    0x00, 0x00, 0x00, 0x00, 0x00, 0x00, 0x00, 0x00, 0x00, 0x00, 0x00, 0x00,
    0x00, 0x00, 0x00, 0x00, 0x00, 0x00, 0x00, 0x00, 0x00, 0x00, 0x00, 0x00,
    0x00, 0x00, 0x00, 0x00, 0xf8, 0xfc, 0xf8, 0x04, 0xf8, 0xfc, 0xf8, 0x18,
    0xf8, 0xfc, 0xf8, 0x30, 0xf8, 0xfc, 0xf8, 0x34, 0xf8, 0xfc, 0xf8, 0x30,
    0xf8, 0xfc, 0xf8, 0x34, 0xf8, 0xfc, 0xf8, 0x34, 0xf8, 0xfc, 0xf8, 0x34,
    0xf8, 0xfc, 0xf8, 0x34, 0xf8, 0xfc, 0xf8, 0x30, 0xf8, 0xfc, 0xf8, 0x34,
    0xf8, 0xfc, 0xf8, 0x34, 0xf8, 0xfc, 0xf8, 0x34, 0xf8, 0xfc, 0xf8, 0x34,
    0xf8, 0xfc, 0xf8, 0x30, 0xf8, 0xfc, 0xf8, 0x34, 0xf8, 0xfc, 0xf8, 0x34,
    0xf8, 0xfc, 0xf8, 0x34, 0xf8, 0xfc, 0xf8, 0x30, 0xf8, 0xfc, 0xf8, 0x34,
    0xf8, 0xfc, 0xf8, 0x34, 0xf8, 0xfc, 0xf8, 0x30, 0xf8, 0xfc, 0xf8, 0x34,
    0xf8, 0xfc, 0xf8, 0x34, 0xf8, 0xfc, 0xf8, 0x34, 0xf8, 0xfc, 0xf8, 0x34,
    0xf8, 0xfc, 0xf8, 0x34, 0xf8, 0xfc, 0xf8, 0x34, 0xf8, 0xfc, 0xf8, 0x34,
    0xf8, 0xfc, 0xf8, 0x34, 0xf8, 0xfc, 0xf8, 0x34, 0xf8, 0xfc, 0xf8, 0x30,
    0xf8, 0xfc, 0xf8, 0x34, 0xf8, 0xfc, 0xf8, 0x30, 0xf8, 0xfc, 0xf8, 0x34,
    0xf8, 0xfc, 0xf8, 0x30, 0xf8, 0xfc, 0xf8, 0x34, 0xf8, 0xfc, 0xf8, 0x30,
    0xf8, 0xfc, 0xf8, 0x30, 0xf8, 0xfc, 0xf8, 0x34, 0xf8, 0xfc, 0xf8, 0x30,
    0xf8, 0xfc, 0xf8, 0x34, 0xf8, 0xfc, 0xf8, 0x34, 0xf8, 0xfc, 0xf8, 0x30,
    0xf8, 0xfc, 0xf8, 0x34, 0xf8, 0xfc, 0xf8, 0x34, 0xf8, 0xfc, 0xf8, 0x30,
    0xf8, 0xfc, 0xf8, 0x34, 0xf8, 0xfc, 0xf8, 0x34, 0xf8, 0xfc, 0xf8, 0x30,
    0xf8, 0xfc, 0xf8, 0x34, 0xf8, 0xfc, 0xf8, 0x30, 0xf8, 0xfc, 0xf8, 0x34,
    0xf8, 0xfc, 0xf8, 0x34, 0xf8, 0xfc, 0xf8, 0x34, 0xf8, 0xfc, 0xf8, 0x34,
    0xf8, 0xfc, 0xf8, 0x30, 0xf8, 0xfc, 0xf8, 0x34, 0xf8, 0xfc, 0xf8, 0x30,
    0xf8, 0xfc, 0xf8, 0x30, 0xf8, 0xfc, 0xf8, 0x34, 0xf8, 0xfc, 0xf8, 0x34,
    0xf8, 0xfc, 0xf8, 0x30, 0xf8, 0xfc, 0xf8, 0x34, 0xf8, 0xfc, 0xf8, 0x34,
    0xf8, 0xfc, 0xf8, 0x34, 0xf8, 0xfc, 0xf8, 0x34, 0xf8, 0xfc, 0xf8, 0x34,
    0xf8, 0xfc, 0xf8, 0x30, 0xf8, 0xfc, 0xf8, 0x34, 0xf8, 0xfc, 0xf8, 0x34,
    0xf8, 0xfc, 0xf8, 0x30, 0xf8, 0xfc, 0xf8, 0x34, 0xf8, 0xfc, 0xf8, 0x34,
    0xf8, 0xfc, 0xf8, 0x18, 0xf8, 0xfc, 0xf8, 0x08, 0x00, 0x00, 0x00, 0x00,
    0x00, 0x00, 0x00, 0x00, 0x00, 0x00, 0x00, 0x00, 0x00, 0x00, 0x00, 0x00,
    0x00, 0x00, 0x00, 0x00, 0x00, 0x00, 0x00, 0x00, 0x00, 0x00, 0x00, 0x00,
    0x00, 0x00, 0x00, 0x00, 0x00, 0x00, 0x00, 0x00, 0x00, 0x00, 0x00, 0x00,
    0x00, 0x00, 0x00, 0x00, 0x00, 0x00, 0x00, 0x00, 0x00, 0x00, 0x00, 0x00,
    0x00, 0x00, 0x00, 0x00, 0x00, 0x00, 0x00, 0x00, 0x00, 0x00, 0x00, 0x00,
    0x00, 0x00, 0x00, 0x00, 0x00, 0x00, 0x00, 0x00, 0x00, 0x00, 0x00, 0x00,
    0x00, 0x00, 0x00, 0x00, 0x00, 0x00, 0x00, 0x00, 0x00, 0x00, 0x00, 0x00,
    0x00, 0x00, 0x00, 0x00, 0x00, 0x00, 0x00, 0x00, 0x00, 0x00, 0x00, 0x00,
    0x00, 0x00, 0x00, 0x00, 0x00, 0x00, 0x00, 0x00, 0x00, 0x00, 0x00, 0x00,
    0x00, 0x00, 0x00, 0x00, 0x00, 0x00, 0x00, 0x00, 0x00, 0x00, 0x00, 0x00,
    0x00, 0x00, 0x00, 0x00, 0x00, 0x00, 0x00, 0x00, 0x00, 0x00, 0x00, 0x00,
    0x00, 0x00, 0x00, 0x00, 0x00, 0x00, 0x00, 0x00, 0x00, 0x00, 0x00, 0x00,
    0x00, 0x00, 0x00, 0x00, 0x00, 0x00, 0x00, 0x00, 0x00, 0x00, 0x00, 0x00,
    0x00, 0x00, 0x00, 0x00, 0x00, 0x00, 0x00, 0x00, 0x00, 0x00, 0x00, 0x00,
    0x00, 0x00, 0x00, 0x00, 0x00, 0x00, 0x00, 0x00, 0x00, 0x00, 0x00, 0x00,
    0x00, 0x00, 0x00, 0x00, 0x00, 0x00, 0x00, 0x00, 0x00, 0x00, 0x00, 0x00,
    0x00, 0x00, 0x00, 0x00, 0x00, 0x00, 0x00, 0x00, 0x00, 0x00, 0x00, 0x00,
    0x00, 0x00, 0x00, 0x00, 0x00, 0x00, 0x00, 0x00, 0x00, 0x00, 0x00, 0x00,
    0x00, 0x00, 0x00, 0x00, 0x00, 0x00, 0x00, 0x00, 0x00, 0x00, 0x00, 0x00,
    0x00, 0x00, 0x00, 0x00, 0x00, 0x00, 0x00, 0x00, 0x00, 0x00, 0x00, 0x00,
    0x00, 0x00, 0x00, 0x00, 0x00, 0x00, 0x00, 0x00, 0x00, 0x00, 0x00, 0x00,
    0x00, 0x00, 0x00, 0x00, 0x00, 0x00, 0x00, 0x00, 0x00, 0x00, 0x00, 0x00,
    0x00, 0x00, 0x00, 0x00, 0x00, 0x00, 0x00, 0x00, 0x00, 0x00, 0x00, 0x00,
    0x00, 0x00, 0x00, 0x00, 0x00, 0x00, 0x00, 0x00, 0x00, 0x00, 0x00, 0x00,
    0xf8, 0xfc, 0xf8, 0x18, 0xf8, 0xfc, 0xf8, 0x30, 0xf8, 0xfc, 0xf8, 0x34,
    0xf8, 0xfc, 0xf8, 0x34, 0xf8, 0xfc, 0xf8, 0x34, 0xf8, 0xfc, 0xf8, 0x34,
    0xf8, 0xfc, 0xf8, 0x30, 0xf8, 0xfc, 0xf8, 0x34, 0xf8, 0xfc, 0xf8, 0x34,
    0xf8, 0xfc, 0xf8, 0x34, 0xf8, 0xfc, 0xf8, 0x34, 0xf8, 0xfc, 0xf8, 0x30,
    0xf8, 0xfc, 0xf8, 0x34, 0xf8, 0xfc, 0xf8, 0x34, 0xf8, 0xfc, 0xf8, 0x30,
    0xf8, 0xfc, 0xf8, 0x34, 0xf8, 0xfc, 0xf8, 0x34, 0xf8, 0xfc, 0xf8, 0x30,
    0xf8, 0xfc, 0xf8, 0x34, 0xf8, 0xfc, 0xf8, 0x34, 0xf8, 0xfc, 0xf8, 0x34,
    0xf8, 0xfc, 0xf8, 0x34, 0xf8, 0xfc, 0xf8, 0x34, 0xf8, 0xfc, 0xf8, 0x30,
    0xf8, 0xfc, 0xf8, 0x34, 0xf8, 0xfc, 0xf8, 0x30, 0xf8, 0xfc, 0xf8, 0x34,
    0xf8, 0xfc, 0xf8, 0x30, 0xf8, 0xfc, 0xf8, 0x34, 0xf8, 0xfc, 0xf8, 0x34,
    0xf8, 0xfc, 0xf8, 0x30, 0xf8, 0xfc, 0xf8, 0x34, 0xf8, 0xfc, 0xf8, 0x34,
    0xf8, 0xfc, 0xf8, 0x34, 0xf8, 0xfc, 0xf8, 0x34, 0xf8, 0xfc, 0xf8, 0x30,
    0xf8, 0xfc, 0xf8, 0x34, 0xf8, 0xfc, 0xf8, 0x34, 0xf8, 0xfc, 0xf8, 0x34,
    0xf8, 0xfc, 0xf8, 0x34, 0xf8, 0xfc, 0xf8, 0x34, 0xf8, 0xfc, 0xf8, 0x30,
    0xf8, 0xfc, 0xf8, 0x34, 0xf8, 0xfc, 0xf8, 0x34, 0xf8, 0xfc, 0xf8, 0x30,
    0xf8, 0xfc, 0xf8, 0x34, 0xf8, 0xfc, 0xf8, 0x34, 0xf8, 0xfc, 0xf8, 0x34,
    0xf8, 0xfc, 0xf8, 0x34, 0xf8, 0xfc, 0xf8, 0x34, 0xf8, 0xfc, 0xf8, 0x34,
    0xf8, 0xfc, 0xf8, 0x30, 0xf8, 0xfc, 0xf8, 0x34, 0xf8, 0xfc, 0xf8, 0x34,
    0xf8, 0xfc, 0xf8, 0x30, 0xf8, 0xfc, 0xf8, 0x34, 0xf8, 0xfc, 0xf8, 0x34,
    0xf8, 0xfc, 0xf8, 0x34, 0xf8, 0xfc, 0xf8, 0x34, 0xf8, 0xfc, 0xf8, 0x34,
    0xf8, 0xfc, 0xf8, 0x34, 0xf8, 0xfc, 0xf8, 0x34, 0xf8, 0xfc, 0xf8, 0x30,
    0xf8, 0xfc, 0xf8, 0x34, 0xf8, 0xfc, 0xf8, 0x34, 0xf8, 0xfc, 0xf8, 0x30,
    0xf8, 0xfc, 0xf8, 0x34, 0xf8, 0xfc, 0xf8, 0x34, 0xf8, 0xfc, 0xf8, 0x34,
    0xf8, 0xfc, 0xf8, 0x34, 0xf8, 0xfc, 0xf8, 0x34, 0xf8, 0xfc, 0xf8, 0x34,
    0xf8, 0xfc, 0xf8, 0x30, 0xf8, 0xfc, 0xf8, 0x34, 0xf8, 0xfc, 0xf8, 0x34,
    0xf8, 0xfc, 0xf8, 0x30, 0xf8, 0xfc, 0xf8, 0x2c, 0xf8, 0xfc, 0xf8, 0x14,
    0x00, 0x00, 0x00, 0x00, 0x00, 0x00, 0x00, 0x00, 0x00, 0x00, 0x00, 0x00,
    0x00, 0x00, 0x00, 0x00, 0x00, 0x00, 0x00, 0x00, 0x00, 0x00, 0x00, 0x00,
    0x00, 0x00, 0x00, 0x00, 0x00, 0x00, 0x00, 0x00, 0x00, 0x00, 0x00, 0x00,
    0x00, 0x00, 0x00, 0x00, 0x00, 0x00, 0x00, 0x00, 0x00, 0x00, 0x00, 0x00,
    0x00, 0x00, 0x00, 0x00, 0x00, 0x00, 0x00, 0x00, 0x00, 0x00, 0x00, 0x00,
    0x00, 0x00, 0x00, 0x00, 0x00, 0x00, 0x00, 0x00, 0x00, 0x00, 0x00, 0x00,
    0x00, 0x00, 0x00, 0x00, 0x00, 0x00, 0x00, 0x00, 0x00, 0x00, 0x00, 0x00,
    0x00, 0x00, 0x00, 0x00, 0x00, 0x00, 0x00, 0x00, 0x00, 0x00, 0x00, 0x00,
    0x00, 0x00, 0x00, 0x00, 0x00, 0x00, 0x00, 0x00, 0x00, 0x00, 0x00, 0x00,
    0x00, 0x00, 0x00, 0x00, 0x00, 0x00, 0x00, 0x00, 0x00, 0x00, 0x00, 0x00,
    0x00, 0x00, 0x00, 0x00, 0x00, 0x00, 0x00, 0x00, 0x00, 0x00, 0x00, 0x00,
    0x00, 0x00, 0x00, 0x00, 0x00, 0x00, 0x00, 0x00, 0x00, 0x00, 0x00, 0x00,
    0x00, 0x00, 0x00, 0x00, 0x00, 0x00, 0x00, 0x00, 0x00, 0x00, 0x00, 0x00,
    0x00, 0x00, 0x00, 0x00, 0x00, 0x00, 0x00, 0x00, 0x00, 0x00, 0x00, 0x00,
    0x00, 0x00, 0x00, 0x00, 0x00, 0x00, 0x00, 0x00, 0x00, 0x00, 0x00, 0x00,
    0x00, 0x00, 0x00, 0x00, 0x00, 0x00, 0x00, 0x00, 0x00, 0x00, 0x00, 0x00,
    0x00, 0x00, 0x00, 0x00, 0x00, 0x00, 0x00, 0x00, 0x00, 0x00, 0x00, 0x00,
    0x00, 0x00, 0x00, 0x00, 0x00, 0x00, 0x00, 0x00, 0x00, 0x00, 0x00, 0x00,
    0x00, 0x00, 0x00, 0x00, 0x00, 0x00, 0x00, 0x00, 0x00, 0x00, 0x00, 0x00,
    0x00, 0x00, 0x00, 0x00, 0x00, 0x00, 0x00, 0x00, 0x00, 0x00, 0x00, 0x00,
    0x00, 0x00, 0x00, 0x00, 0x00, 0x00, 0x00, 0x00, 0x00, 0x00, 0x00, 0x00,
    0x00, 0x00, 0x00, 0x00, 0x00, 0x00, 0x00, 0x00, 0x00, 0x00, 0x00, 0x00,
    0x00, 0x00, 0x00, 0x00, 0x00, 0x00, 0x00, 0x00, 0x00, 0x00, 0x00, 0x00,
    0x00, 0x00, 0x00, 0x00, 0xf8, 0xfc, 0xf8, 0x08, 0xf8, 0xfc, 0xf8, 0x24,
    0xf8, 0xfc, 0xf8, 0x34, 0xf8, 0xfc, 0xf8, 0x34, 0xf8, 0xfc, 0xf8, 0x34,
    0xf8, 0xfc, 0xf8, 0x30, 0xf8, 0xfc, 0xf8, 0x34, 0xf8, 0xfc, 0xf8, 0x34,
    0xf8, 0xfc, 0xf8, 0x34, 0xf8, 0xfc, 0xf8, 0x30, 0xf8, 0xfc, 0xf8, 0x34,
    0xf8, 0xfc, 0xf8, 0x30, 0xf8, 0xfc, 0xf8, 0x34, 0xf8, 0xfc, 0xf8, 0x34,
    0xf8, 0xfc, 0xf8, 0x34, 0xf8, 0xfc, 0xf8, 0x34, 0xf8, 0xfc, 0xf8, 0x30,
    0xf8, 0xfc, 0xf8, 0x34, 0xf8, 0xfc, 0xf8, 0x34, 0xf8, 0xfc, 0xf8, 0x34,
    0xf8, 0xfc, 0xf8, 0x30, 0xf8, 0xfc, 0xf8, 0x34, 0xf8, 0xfc, 0xf8, 0x30,
    0xf8, 0xfc, 0xf8, 0x34, 0xf8, 0xfc, 0xf8, 0x34, 0xf8, 0xfc, 0xf8, 0x34,
    0xf8, 0xfc, 0xf8, 0x34, 0xf8, 0xfc, 0xf8, 0x34, 0xf8, 0xfc, 0xf8, 0x30,
    0xf8, 0xfc, 0xf8, 0x34, 0xf8, 0xfc, 0xf8, 0x34, 0xf8, 0xfc, 0xf8, 0x30,
    0xf8, 0xfc, 0xf8, 0x34, 0xf8, 0xfc, 0xf8, 0x34, 0xf8, 0xfc, 0xf8, 0x30,
    0xf8, 0xfc, 0xf8, 0x34, 0xf8, 0xfc, 0xf8, 0x34, 0xf8, 0xfc, 0xf8, 0x34,
    0xf8, 0xfc, 0xf8, 0x34, 0xf8, 0xfc, 0xf8, 0x34, 0xf8, 0xfc, 0xf8, 0x34,
    0xf8, 0xfc, 0xf8, 0x34, 0xf8, 0xfc, 0xf8, 0x34, 0xf8, 0xfc, 0xf8, 0x34,
    0xf8, 0xfc, 0xf8, 0x34, 0xf8, 0xfc, 0xf8, 0x34, 0xf8, 0xfc, 0xf8, 0x34,
    0xf8, 0xfc, 0xf8, 0x34, 0xf8, 0xfc, 0xf8, 0x30, 0xf8, 0xfc, 0xf8, 0x34,
    0xf8, 0xfc, 0xf8, 0x30, 0xf8, 0xfc, 0xf8, 0x34, 0xf8, 0xfc, 0xf8, 0x34,
    0xf8, 0xfc, 0xf8, 0x34, 0xf8, 0xfc, 0xf8, 0x34, 0xf8, 0xfc, 0xf8, 0x34,
    0xf8, 0xfc, 0xf8, 0x30, 0xf8, 0xfc, 0xf8, 0x34, 0xf8, 0xfc, 0xf8, 0x34,
    0xf8, 0xfc, 0xf8, 0x30, 0xf8, 0xfc, 0xf8, 0x34, 0xf8, 0xfc, 0xf8, 0x34,
    0xf8, 0xfc, 0xf8, 0x34, 0xf8, 0xfc, 0xf8, 0x30, 0xf8, 0xfc, 0xf8, 0x34,
    0xf8, 0xfc, 0xf8, 0x34, 0xf8, 0xfc, 0xf8, 0x34, 0xf8, 0xfc, 0xf8, 0x30,
    0xf8, 0xfc, 0xf8, 0x34, 0xf8, 0xfc, 0xf8, 0x30, 0xf8, 0xfc, 0xf8, 0x34,
    0xf8, 0xfc, 0xf8, 0x30, 0xf8, 0xfc, 0xf8, 0x34, 0xf8, 0xfc, 0xf8, 0x34,
    0xf8, 0xfc, 0xf8, 0x34, 0xf8, 0xfc, 0xf8, 0x34, 0xf8, 0xfc, 0xf8, 0x34,
    0xf8, 0xfc, 0xf8, 0x34, 0xf8, 0xfc, 0xf8, 0x34, 0xf8, 0xfc, 0xf8, 0x34,
    0xf8, 0xfc, 0xf8, 0x28, 0xf8, 0xfc, 0xf8, 0x08, 0x00, 0x00, 0x00, 0x00,
    0x00, 0x00, 0x00, 0x00, 0x00, 0x00, 0x00, 0x00, 0x00, 0x00, 0x00, 0x00,
    0x00, 0x00, 0x00, 0x00, 0x00, 0x00, 0x00, 0x00, 0x00, 0x00, 0x00, 0x00,
    0x00, 0x00, 0x00, 0x00, 0x00, 0x00, 0x00, 0x00, 0x00, 0x00, 0x00, 0x00,
    0x00, 0x00, 0x00, 0x00, 0x00, 0x00, 0x00, 0x00, 0x00, 0x00, 0x00, 0x00,
    0x00, 0x00, 0x00, 0x00, 0x00, 0x00, 0x00, 0x00, 0x00, 0x00, 0x00, 0x00,
    0x00, 0x00, 0x00, 0x00, 0x00, 0x00, 0x00, 0x00, 0x00, 0x00, 0x00, 0x00,
    0x00, 0x00, 0x00, 0x00, 0x00, 0x00, 0x00, 0x00, 0x00, 0x00, 0x00, 0x00,
    0x00, 0x00, 0x00, 0x00, 0x00, 0x00, 0x00, 0x00, 0x00, 0x00, 0x00, 0x00,
    0x00, 0x00, 0x00, 0x00, 0x00, 0x00, 0x00, 0x00, 0x00, 0x00, 0x00, 0x00,
    0x00, 0x00, 0x00, 0x00, 0x00, 0x00, 0x00, 0x00, 0x00, 0x00, 0x00, 0x00,
    0x00, 0x00, 0x00, 0x00, 0x00, 0x00, 0x00, 0x00, 0x00, 0x00, 0x00, 0x00,
    0x00, 0x00, 0x00, 0x00, 0x00, 0x00, 0x00, 0x00, 0x00, 0x00, 0x00, 0x00,
    0x00, 0x00, 0x00, 0x00, 0x00, 0x00, 0x00, 0x00, 0x00, 0x00, 0x00, 0x00,
    0x00, 0x00, 0x00, 0x00, 0x00, 0x00, 0x00, 0x00, 0x00, 0x00, 0x00, 0x00,
    0x00, 0x00, 0x00, 0x00, 0x00, 0x00, 0x00, 0x00, 0x00, 0x00, 0x00, 0x00,
    0x00, 0x00, 0x00, 0x00, 0x00, 0x00, 0x00, 0x00, 0x00, 0x00, 0x00, 0x00,
    0x00, 0x00, 0x00, 0x00, 0x00, 0x00, 0x00, 0x00, 0x00, 0x00, 0x00, 0x00,
    0x00, 0x00, 0x00, 0x00, 0x00, 0x00, 0x00, 0x00, 0x00, 0x00, 0x00, 0x00,
    0x00, 0x00, 0x00, 0x00, 0x00, 0x00, 0x00, 0x00, 0x00, 0x00, 0x00, 0x00,
    0x00, 0x00, 0x00, 0x00, 0x00, 0x00, 0x00, 0x00, 0x00, 0x00, 0x00, 0x00,
    0x00, 0x00, 0x00, 0x00, 0x00, 0x00, 0x00, 0x00, 0x00, 0x00, 0x00, 0x00,
    0x00, 0x00, 0x00, 0x00, 0x00, 0x00, 0x00, 0x00, 0x00, 0x00, 0x00, 0x00,
    0xf8, 0xfc, 0xf8, 0x18, 0xf8, 0xfc, 0xf8, 0x30, 0xf8, 0xfc, 0xf8, 0x34,
    0xf8, 0xfc, 0xf8, 0x34, 0xf8, 0xfc, 0xf8, 0x30, 0xf8, 0xfc, 0xf8, 0x34,
    0xf8, 0xfc, 0xf8, 0x34, 0xf8, 0xfc, 0xf8, 0x30, 0xf8, 0xfc, 0xf8, 0x34,
    0xf8, 0xfc, 0xf8, 0x34, 0xf8, 0xfc, 0xf8, 0x34, 0xf8, 0xfc, 0xf8, 0x34,
    0xf8, 0xfc, 0xf8, 0x34, 0xf8, 0xfc, 0xf8, 0x30, 0xf8, 0xfc, 0xf8, 0x34,
    0xf8, 0xfc, 0xf8, 0x34, 0xf8, 0xfc, 0xf8, 0x30, 0xf8, 0xfc, 0xf8, 0x34,
    0xf8, 0xfc, 0xf8, 0x34, 0xf8, 0xfc, 0xf8, 0x34, 0xf8, 0xfc, 0xf8, 0x34,
    0xf8, 0xfc, 0xf8, 0x34, 0xf8, 0xfc, 0xf8, 0x34, 0xf8, 0xfc, 0xf8, 0x34,
    0xf8, 0xfc, 0xf8, 0x30, 0xf8, 0xfc, 0xf8, 0x34, 0xf8, 0xfc, 0xf8, 0x34,
    0xf8, 0xfc, 0xf8, 0x30, 0xf8, 0xfc, 0xf8, 0x34, 0xf8, 0xfc, 0xf8, 0x34,
    0xf8, 0xfc, 0xf8, 0x34, 0xf8, 0xfc, 0xf8, 0x34, 0xf8, 0xfc, 0xf8, 0x34,
    0xf8, 0xfc, 0xf8, 0x34, 0xf8, 0xfc, 0xf8, 0x34, 0xf8, 0xfc, 0xf8, 0x30,
    0xf8, 0xfc, 0xf8, 0x34, 0xf8, 0xfc, 0xf8, 0x34, 0xf8, 0xfc, 0xf8, 0x30,
    0xf8, 0xfc, 0xf8, 0x34, 0xf8, 0xfc, 0xf8, 0x30, 0xf8, 0xfc, 0xf8, 0x30,
    0xf8, 0xfc, 0xf8, 0x34, 0xf8, 0xfc, 0xf8, 0x30, 0xf8, 0xfc, 0xf8, 0x34,
    0xf8, 0xfc, 0xf8, 0x30, 0xf8, 0xfc, 0xf8, 0x34, 0xf8, 0xfc, 0xf8, 0x34,
    0xf8, 0xfc, 0xf8, 0x30, 0xf8, 0xfc, 0xf8, 0x34, 0xf8, 0xfc, 0xf8, 0x34,
    0xf8, 0xfc, 0xf8, 0x34, 0xf8, 0xfc, 0xf8, 0x30, 0xf8, 0xfc, 0xf8, 0x34,
    0xf8, 0xfc, 0xf8, 0x34, 0xf8, 0xfc, 0xf8, 0x30, 0xf8, 0xfc, 0xf8, 0x34,
    0xf8, 0xfc, 0xf8, 0x34, 0xf8, 0xfc, 0xf8, 0x34, 0xf8, 0xfc, 0xf8, 0x34,
    0xf8, 0xfc, 0xf8, 0x30, 0xf8, 0xfc, 0xf8, 0x34, 0xf8, 0xfc, 0xf8, 0x34,
    0xf8, 0xfc, 0xf8, 0x30, 0xf8, 0xfc, 0xf8, 0x34, 0xf8, 0xfc, 0xf8, 0x34,
    0xf8, 0xfc, 0xf8, 0x34, 0xf8, 0xfc, 0xf8, 0x34, 0xf8, 0xfc, 0xf8, 0x34,
    0xf8, 0xfc, 0xf8, 0x34, 0xf8, 0xfc, 0xf8, 0x34, 0xf8, 0xfc, 0xf8, 0x34,
    0xf8, 0xfc, 0xf8, 0x30, 0xf8, 0xfc, 0xf8, 0x34, 0xf8, 0xfc, 0xf8, 0x34,
    0xf8, 0xfc, 0xf8, 0x30, 0xf8, 0xfc, 0xf8, 0x30, 0xf8, 0xfc, 0xf8, 0x34,
    0xf8, 0xfc, 0xf8, 0x34, 0xf8, 0xfc, 0xf8, 0x30, 0xf8, 0xfc, 0xf8, 0x34,
    0xf8, 0xfc, 0xf8, 0x34, 0xf8, 0xfc, 0xf8, 0x30, 0xf8, 0xfc, 0xf8, 0x18,
    0x00, 0x00, 0x00, 0x00, 0x00, 0x00, 0x00, 0x00, 0x00, 0x00, 0x00, 0x00,
    0x00, 0x00, 0x00, 0x00, 0x00, 0x00, 0x00, 0x00, 0x00, 0x00, 0x00, 0x00,
    0x00, 0x00, 0x00, 0x00, 0x00, 0x00, 0x00, 0x00, 0x00, 0x00, 0x00, 0x00,
    0x00, 0x00, 0x00, 0x00, 0x00, 0x00, 0x00, 0x00, 0x00, 0x00, 0x00, 0x00,
    0x00, 0x00, 0x00, 0x00, 0x00, 0x00, 0x00, 0x00, 0x00, 0x00, 0x00, 0x00,
    0x00, 0x00, 0x00, 0x00, 0x00, 0x00, 0x00, 0x00, 0x00, 0x00, 0x00, 0x00,
    0x00, 0x00, 0x00, 0x00, 0x00, 0x00, 0x00, 0x00, 0x00, 0x00, 0x00, 0x00,
    0x00, 0x00, 0x00, 0x00, 0x00, 0x00, 0x00, 0x00, 0x00, 0x00, 0x00, 0x00,
    0x00, 0x00, 0x00, 0x00, 0x00, 0x00, 0x00, 0x00, 0x00, 0x00, 0x00, 0x00,
    0x00, 0x00, 0x00, 0x00, 0x00, 0x00, 0x00, 0x00, 0x00, 0x00, 0x00, 0x00,
    0x00, 0x00, 0x00, 0x00, 0x00, 0x00, 0x00, 0x00, 0x00, 0x00, 0x00, 0x00,
    0x00, 0x00, 0x00, 0x00, 0x00, 0x00, 0x00, 0x00, 0x00, 0x00, 0x00, 0x00,
    0x00, 0x00, 0x00, 0x00, 0x00, 0x00, 0x00, 0x00, 0x00, 0x00, 0x00, 0x00,
    0x00, 0x00, 0x00, 0x00, 0x00, 0x00, 0x00, 0x00, 0x00, 0x00, 0x00, 0x00,
    0x00, 0x00, 0x00, 0x00, 0x00, 0x00, 0x00, 0x00, 0x00, 0x00, 0x00, 0x00,
    0x00, 0x00, 0x00, 0x00, 0x00, 0x00, 0x00, 0x00, 0x00, 0x00, 0x00, 0x00,
    0x00, 0x00, 0x00, 0x00, 0x00, 0x00, 0x00, 0x00, 0x00, 0x00, 0x00, 0x00,
    0x00, 0x00, 0x00, 0x00, 0x00, 0x00, 0x00, 0x00, 0x00, 0x00, 0x00, 0x00,
    0x00, 0x00, 0x00, 0x00, 0x00, 0x00, 0x00, 0x00, 0x00, 0x00, 0x00, 0x00,
    0x00, 0x00, 0x00, 0x00, 0x00, 0x00, 0x00, 0x00, 0x00, 0x00, 0x00, 0x00,
    0x00, 0x00, 0x00, 0x00, 0x00, 0x00, 0x00, 0x00, 0x00, 0x00, 0x00, 0x00,
    0x00, 0x00, 0x00, 0x00, 0xf8, 0xfc, 0xf8, 0x08, 0xf8, 0xfc, 0xf8, 0x24,
    0xf8, 0xfc, 0xf8, 0x34, 0xf8, 0xfc, 0xf8, 0x34, 0xf8, 0xfc, 0xf8, 0x34,
    0xf8, 0xfc, 0xf8, 0x34, 0xf8, 0xfc, 0xf8, 0x30, 0xf8, 0xfc, 0xf8, 0x34,
    0xf8, 0xfc, 0xf8, 0x34, 0xf8, 0xfc, 0xf8, 0x34, 0xf8, 0xfc, 0xf8, 0x30,
    0xf8, 0xfc, 0xf8, 0x34, 0xf8, 0xfc, 0xf8, 0x30, 0xf8, 0xfc, 0xf8, 0x34,
    0xf8, 0xfc, 0xf8, 0x34, 0xf8, 0xfc, 0xf8, 0x34, 0xf8, 0xfc, 0xf8, 0x30,
    0xf8, 0xfc, 0xf8, 0x34, 0xf8, 0xfc, 0xf8, 0x34, 0xf8, 0xfc, 0xf8, 0x34,
    0xf8, 0xfc, 0xf8, 0x30, 0xf8, 0xfc, 0xf8, 0x30, 0xf8, 0xfc, 0xf8, 0x34,
    0xf8, 0xfc, 0xf8, 0x34, 0xf8, 0xfc, 0xf8, 0x30, 0xf8, 0xfc, 0xf8, 0x34,
    0xf8, 0xfc, 0xf8, 0x34, 0xf8, 0xfc, 0xf8, 0x30, 0xf8, 0xfc, 0xf8, 0x34,
    0xf8, 0xfc, 0xf8, 0x34, 0xf8, 0xfc, 0xf8, 0x30, 0xf8, 0xfc, 0xf8, 0x34,
    0xf8, 0xfc, 0xf8, 0x34, 0xf8, 0xfc, 0xf8, 0x30, 0xf8, 0xfc, 0xf8, 0x34,
    0xf8, 0xfc, 0xf8, 0x34, 0xf8, 0xfc, 0xf8, 0x30, 0xf8, 0xfc, 0xf8, 0x34,
    0xf8, 0xfc, 0xf8, 0x34, 0xf8, 0xfc, 0xf8, 0x34, 0xf8, 0xfc, 0xf8, 0x30,
    0xf8, 0xfc, 0xf8, 0x34, 0xf8, 0xfc, 0xf8, 0x34, 0xf8, 0xfc, 0xf8, 0x34,
    0xf8, 0xfc, 0xf8, 0x34, 0xf8, 0xfc, 0xf8, 0x34, 0xf8, 0xfc, 0xf8, 0x30,
    0xf8, 0xfc, 0xf8, 0x34, 0xf8, 0xfc, 0xf8, 0x34, 0xf8, 0xfc, 0xf8, 0x30,
    0xf8, 0xfc, 0xf8, 0x34, 0xf8, 0xfc, 0xf8, 0x34, 0xf8, 0xfc, 0xf8, 0x34,
    0xf8, 0xfc, 0xf8, 0x34, 0xf8, 0xfc, 0xf8, 0x30, 0xf8, 0xfc, 0xf8, 0x34,
    0xf8, 0xfc, 0xf8, 0x34, 0xf8, 0xfc, 0xf8, 0x30, 0xf8, 0xfc, 0xf8, 0x34,
    0xf8, 0xfc, 0xf8, 0x34, 0xf8, 0xfc, 0xf8, 0x30, 0xf8, 0xfc, 0xf8, 0x34,
    0xf8, 0xfc, 0xf8, 0x34, 0xf8, 0xfc, 0xf8, 0x34, 0xf8, 0xfc, 0xf8, 0x30,
    0xf8, 0xfc, 0xf8, 0x34, 0xf8, 0xfc, 0xf8, 0x34, 0xf8, 0xfc, 0xf8, 0x30,
    0xf8, 0xfc, 0xf8, 0x34, 0xf8, 0xfc, 0xf8, 0x30, 0xf8, 0xfc, 0xf8, 0x34,
    0xf8, 0xfc, 0xf8, 0x34, 0xf8, 0xfc, 0xf8, 0x30, 0xf8, 0xfc, 0xf8, 0x34,
    0xf8, 0xfc, 0xf8, 0x34, 0xf8, 0xfc, 0xf8, 0x34, 0xf8, 0xfc, 0xf8, 0x34,
    0xf8, 0xfc, 0xf8, 0x34, 0xf8, 0xfc, 0xf8, 0x34, 0xf8, 0xfc, 0xf8, 0x34,
    0xf8, 0xfc, 0xf8, 0x30, 0xf8, 0xfc, 0xf8, 0x34, 0xf8, 0xfc, 0xf8, 0x34,
    0xf8, 0xfc, 0xf8, 0x34, 0xf8, 0xfc, 0xf8, 0x34, 0xf8, 0xfc, 0xf8, 0x34,
    0xf8, 0xfc, 0xf8, 0x2c, 0xf8, 0xfc, 0xf8, 0x08, 0x00, 0x00, 0x00, 0x00,
    0x00, 0x00, 0x00, 0x00, 0x00, 0x00, 0x00, 0x00, 0x00, 0x00, 0x00, 0x00,
    0x00, 0x00, 0x00, 0x00, 0x00, 0x00, 0x00, 0x00, 0x00, 0x00, 0x00, 0x00,
    0x00, 0x00, 0x00, 0x00, 0x00, 0x00, 0x00, 0x00, 0x00, 0x00, 0x00, 0x00,
    0x00, 0x00, 0x00, 0x00, 0x00, 0x00, 0x00, 0x00, 0x00, 0x00, 0x00, 0x00,
    0x00, 0x00, 0x00, 0x00, 0x00, 0x00, 0x00, 0x00, 0x00, 0x00, 0x00, 0x00,
    0x00, 0x00, 0x00, 0x00, 0x00, 0x00, 0x00, 0x00, 0x00, 0x00, 0x00, 0x00,
    0x00, 0x00, 0x00, 0x00, 0x00, 0x00, 0x00, 0x00, 0x00, 0x00, 0x00, 0x00,
    0x00, 0x00, 0x00, 0x00, 0x00, 0x00, 0x00, 0x00, 0x00, 0x00, 0x00, 0x00,
    0x00, 0x00, 0x00, 0x00, 0x00, 0x00, 0x00, 0x00, 0x00, 0x00, 0x00, 0x00,
    0x00, 0x00, 0x00, 0x00, 0x00, 0x00, 0x00, 0x00, 0x00, 0x00, 0x00, 0x00,
    0x00, 0x00, 0x00, 0x00, 0x00, 0x00, 0x00, 0x00, 0x00, 0x00, 0x00, 0x00,
    0x00, 0x00, 0x00, 0x00, 0x00, 0x00, 0x00, 0x00, 0x00, 0x00, 0x00, 0x00,
    0x00, 0x00, 0x00, 0x00, 0x00, 0x00, 0x00, 0x00, 0x00, 0x00, 0x00, 0x00,
    0x00, 0x00, 0x00, 0x00, 0x00, 0x00, 0x00, 0x00, 0x00, 0x00, 0x00, 0x00,
    0x00, 0x00, 0x00, 0x00, 0x00, 0x00, 0x00, 0x00, 0x00, 0x00, 0x00, 0x00,
    0x00, 0x00, 0x00, 0x00, 0x00, 0x00, 0x00, 0x00, 0x00, 0x00, 0x00, 0x00,
    0x00, 0x00, 0x00, 0x00, 0x00, 0x00, 0x00, 0x00, 0x00, 0x00, 0x00, 0x00,
    0x00, 0x00, 0x00, 0x00, 0x00, 0x00, 0x00, 0x00, 0x00, 0x00, 0x00, 0x00,
    0x00, 0x00, 0x00, 0x00, 0x00, 0x00, 0x00, 0x00, 0x00, 0x00, 0x00, 0x00,
    0x00, 0x00, 0x00, 0x00, 0x00, 0x00, 0x00, 0x00, 0x00, 0x00, 0x00, 0x00,
    0xf8, 0xfc, 0xf8, 0x18, 0xf8, 0xfc, 0xf8, 0x30, 0xf8, 0xfc, 0xf8, 0x34,
    0xf8, 0xfc, 0xf8, 0x34, 0xf8, 0xfc, 0xf8, 0x34, 0xf8, 0xfc, 0xf8, 0x30,
    0xf8, 0xfc, 0xf8, 0x34, 0xf8, 0xfc, 0xf8, 0x34, 0xf8, 0xfc, 0xf8, 0x34,
    0xf8, 0xfc, 0xf8, 0x34, 0xf8, 0xfc, 0xf8, 0x30, 0xf8, 0xfc, 0xf8, 0x34,
    0xf8, 0xfc, 0xf8, 0x34, 0xf8, 0xfc, 0xf8, 0x34, 0xf8, 0xfc, 0xf8, 0x30,
    0xf8, 0xfc, 0xf8, 0x34, 0xf8, 0xfc, 0xf8, 0x34, 0xf8, 0xfc, 0xf8, 0x34,
    0xf8, 0xfc, 0xf8, 0x34, 0xf8, 0xfc, 0xf8, 0x34, 0xf8, 0xfc, 0xf8, 0x34,
    0xf8, 0xfc, 0xf8, 0x34, 0xf8, 0xfc, 0xf8, 0x34, 0xf8, 0xfc, 0xf8, 0x34,
    0xf8, 0xfc, 0xf8, 0x30, 0xf8, 0xfc, 0xf8, 0x34, 0xf8, 0xfc, 0xf8, 0x34,
    0xf8, 0xfc, 0xf8, 0x34, 0xf8, 0xfc, 0xf8, 0x34, 0xf8, 0xfc, 0xf8, 0x34,
    0xf8, 0xfc, 0xf8, 0x34, 0xf8, 0xfc, 0xf8, 0x34, 0xf8, 0xfc, 0xf8, 0x34,
    0xf8, 0xfc, 0xf8, 0x30, 0xf8, 0xfc, 0xf8, 0x34, 0xf8, 0xfc, 0xf8, 0x34,
    0xf8, 0xfc, 0xf8, 0x30, 0xf8, 0xfc, 0xf8, 0x34, 0xf8, 0xfc, 0xf8, 0x34,
    0xf8, 0xfc, 0xf8, 0x34, 0xf8, 0xfc, 0xf8, 0x34, 0xf8, 0xfc, 0xf8, 0x34,
    0xf8, 0xfc, 0xf8, 0x34, 0xf8, 0xfc, 0xf8, 0x34, 0xf8, 0xfc, 0xf8, 0x30,
    0xf8, 0xfc, 0xf8, 0x34, 0xf8, 0xfc, 0xf8, 0x34, 0xf8, 0xfc, 0xf8, 0x34,
    0xf8, 0xfc, 0xf8, 0x34, 0xf8, 0xfc, 0xf8, 0x34, 0xf8, 0xfc, 0xf8, 0x34,
    0xf8, 0xfc, 0xf8, 0x34, 0xf8, 0xfc, 0xf8, 0x30, 0xf8, 0xfc, 0xf8, 0x34,
    0xf8, 0xfc, 0xf8, 0x34, 0xf8, 0xfc, 0xf8, 0x34, 0xf8, 0xfc, 0xf8, 0x34,
    0xf8, 0xfc, 0xf8, 0x34, 0xf8, 0xfc, 0xf8, 0x34, 0xf8, 0xfc, 0xf8, 0x34,
    0xf8, 0xfc, 0xf8, 0x30, 0xf8, 0xfc, 0xf8, 0x34, 0xf8, 0xfc, 0xf8, 0x34,
    0xf8, 0xfc, 0xf8, 0x34, 0xf8, 0xfc, 0xf8, 0x30, 0xf8, 0xfc, 0xf8, 0x34,
    0xf8, 0xfc, 0xf8, 0x34, 0xf8, 0xfc, 0xf8, 0x34, 0xf8, 0xfc, 0xf8, 0x34,
    0xf8, 0xfc, 0xf8, 0x30, 0xf8, 0xfc, 0xf8, 0x34, 0xf8, 0xfc, 0xf8, 0x34,
    0xf8, 0xfc, 0xf8, 0x30, 0xf8, 0xfc, 0xf8, 0x34, 0xf8, 0xfc, 0xf8, 0x34,
    0xf8, 0xfc, 0xf8, 0x30, 0xf8, 0xfc, 0xf8, 0x34, 0xf8, 0xfc, 0xf8, 0x30,
    0xf8, 0xfc, 0xf8, 0x34, 0xf8, 0xfc, 0xf8, 0x34, 0xf8, 0xfc, 0xf8, 0x30,
    0xf8, 0xfc, 0xf8, 0x34, 0xf8, 0xfc, 0xf8, 0x34, 0xf8, 0xfc, 0xf8, 0x30,
    0xf8, 0xfc, 0xf8, 0x34, 0xf8, 0xfc, 0xf8, 0x34, 0xf8, 0xfc, 0xf8, 0x34,
    0xf8, 0xfc, 0xf8, 0x34, 0xf8, 0xfc, 0xf8, 0x30, 0xf8, 0xfc, 0xf8, 0x14,
    0x00, 0x00, 0x00, 0x00, 0x00, 0x00, 0x00, 0x00, 0x00, 0x00, 0x00, 0x00,
    0x00, 0x00, 0x00, 0x00, 0x00, 0x00, 0x00, 0x00, 0x00, 0x00, 0x00, 0x00,
    0x00, 0x00, 0x00, 0x00, 0x00, 0x00, 0x00, 0x00, 0x00, 0x00, 0x00, 0x00,
    0x00, 0x00, 0x00, 0x00, 0x00, 0x00, 0x00, 0x00, 0x00, 0x00, 0x00, 0x00,
    0x00, 0x00, 0x00, 0x00, 0x00, 0x00, 0x00, 0x00, 0x00, 0x00, 0x00, 0x00,
    0x00, 0x00, 0x00, 0x00, 0x00, 0x00, 0x00, 0x00, 0x00, 0x00, 0x00, 0x00,
    0x00, 0x00, 0x00, 0x00, 0x00, 0x00, 0x00, 0x00, 0x00, 0x00, 0x00, 0x00,
    0x00, 0x00, 0x00, 0x00, 0x00, 0x00, 0x00, 0x00, 0x00, 0x00, 0x00, 0x00,
    0x00, 0x00, 0x00, 0x00, 0x00, 0x00, 0x00, 0x00, 0x00, 0x00, 0x00, 0x00,
    0x00, 0x00, 0x00, 0x00, 0x00, 0x00, 0x00, 0x00, 0x00, 0x00, 0x00, 0x00,
    0x00, 0x00, 0x00, 0x00, 0x00, 0x00, 0x00, 0x00, 0x00, 0x00, 0x00, 0x00,
    0x00, 0x00, 0x00, 0x00, 0x00, 0x00, 0x00, 0x00, 0x00, 0x00, 0x00, 0x00,
    0x00, 0x00, 0x00, 0x00, 0x00, 0x00, 0x00, 0x00, 0x00, 0x00, 0x00, 0x00,
    0x00, 0x00, 0x00, 0x00, 0x00, 0x00, 0x00, 0x00, 0x00, 0x00, 0x00, 0x00,
    0x00, 0x00, 0x00, 0x00, 0x00, 0x00, 0x00, 0x00, 0x00, 0x00, 0x00, 0x00,
    0x00, 0x00, 0x00, 0x00, 0x00, 0x00, 0x00, 0x00, 0x00, 0x00, 0x00, 0x00,
    0x00, 0x00, 0x00, 0x00, 0x00, 0x00, 0x00, 0x00, 0x00, 0x00, 0x00, 0x00,
    0x00, 0x00, 0x00, 0x00, 0x00, 0x00, 0x00, 0x00, 0x00, 0x00, 0x00, 0x00,
    0x00, 0x00, 0x00, 0x00, 0x00, 0x00, 0x00, 0x00, 0x00, 0x00, 0x00, 0x00,
    0x00, 0x00, 0x00, 0x00, 0xf8, 0xfc, 0xf8, 0x04, 0xf8, 0xfc, 0xf8, 0x1c,
    0xf8, 0xfc, 0xf8, 0x34, 0xf8, 0xfc, 0xf8, 0x34, 0xf8, 0xfc, 0xf8, 0x30,
    0xf8, 0xfc, 0xf8, 0x34, 0xf8, 0xfc, 0xf8, 0x34, 0xf8, 0xfc, 0xf8, 0x30,
    0xf8, 0xfc, 0xf8, 0x34, 0xf8, 0xfc, 0xf8, 0x34, 0xf8, 0xfc, 0xf8, 0x30,
    0xf8, 0xfc, 0xf8, 0x34, 0xf8, 0xfc, 0xf8, 0x34, 0xf8, 0xfc, 0xf8, 0x34,
    0xf8, 0xfc, 0xf8, 0x34, 0xf8, 0xfc, 0xf8, 0x34, 0xf8, 0xfc, 0xf8, 0x34,
    0xf8, 0xfc, 0xf8, 0x30, 0xf8, 0xfc, 0xf8, 0x34, 0xf8, 0xfc, 0xf8, 0x34,
    0xf8, 0xfc, 0xf8, 0x30, 0xf8, 0xfc, 0xf8, 0x30, 0xf8, 0xfc, 0xf8, 0x34,
    0xf8, 0xfc, 0xf8, 0x34, 0xf8, 0xfc, 0xf8, 0x34, 0xf8, 0xfc, 0xf8, 0x30,
    0xf8, 0xfc, 0xf8, 0x34, 0xf8, 0xfc, 0xf8, 0x34, 0xf8, 0xfc, 0xf8, 0x30,
    0xf8, 0xfc, 0xf8, 0x34, 0xf8, 0xfc, 0xf8, 0x34, 0xf8, 0xfc, 0xf8, 0x30,
    0xf8, 0xfc, 0xf8, 0x30, 0xf8, 0xfc, 0xf8, 0x34, 0xf8, 0xfc, 0xf8, 0x34,
    0xf8, 0xfc, 0xf8, 0x34, 0xf8, 0xfc, 0xf8, 0x34, 0xf8, 0xfc, 0xf8, 0x34,
    0xf8, 0xfc, 0xf8, 0x34, 0xf8, 0xfc, 0xf8, 0x34, 0xf8, 0xfc, 0xf8, 0x30,
    0xf8, 0xfc, 0xf8, 0x30, 0xf8, 0xfc, 0xf8, 0x34, 0xf8, 0xfc, 0xf8, 0x34,
    0xf8, 0xfc, 0xf8, 0x30, 0xf8, 0xfc, 0xf8, 0x34, 0xf8, 0xfc, 0xf8, 0x34,
    0xf8, 0xfc, 0xf8, 0x30, 0xf8, 0xfc, 0xf8, 0x34, 0xf8, 0xfc, 0xf8, 0x34,
    0xf8, 0xfc, 0xf8, 0x30, 0xf8, 0xfc, 0xf8, 0x34, 0xf8, 0xfc, 0xf8, 0x34,
    0xf8, 0xfc, 0xf8, 0x30, 0xf8, 0xfc, 0xf8, 0x34, 0xf8, 0xfc, 0xf8, 0x34,
    0xf8, 0xfc, 0xf8, 0x30, 0xf8, 0xfc, 0xf8, 0x34, 0xf8, 0xfc, 0xf8, 0x30,
    0xf8, 0xfc, 0xf8, 0x34, 0xf8, 0xfc, 0xf8, 0x34, 0xf8, 0xfc, 0xf8, 0x30,
    0xf8, 0xfc, 0xf8, 0x34, 0xf8, 0xfc, 0xf8, 0x34, 0xf8, 0xfc, 0xf8, 0x34,
    0xf8, 0xfc, 0xf8, 0x30, 0xf8, 0xfc, 0xf8, 0x34, 0xf8, 0xfc, 0xf8, 0x34,
    0xf8, 0xfc, 0xf8, 0x34, 0xf8, 0xfc, 0xf8, 0x30, 0xf8, 0xfc, 0xf8, 0x34,
    0xf8, 0xfc, 0xf8, 0x34, 0xf8, 0xfc, 0xf8, 0x34, 0xf8, 0xfc, 0xf8, 0x34,
    0xf8, 0xfc, 0xf8, 0x34, 0xf8, 0xfc, 0xf8, 0x34, 0xf8, 0xfc, 0xf8, 0x34,
    0xf8, 0xfc, 0xf8, 0x34, 0xf8, 0xfc, 0xf8, 0x30, 0xf8, 0xfc, 0xf8, 0x34,
    0xf8, 0xfc, 0xf8, 0x34, 0xf8, 0xfc, 0xf8, 0x30, 0xf8, 0xfc, 0xf8, 0x34,
    0xf8, 0xfc, 0xf8, 0x34, 0xf8, 0xfc, 0xf8, 0x34, 0xf8, 0xfc, 0xf8, 0x34,
    0xf8, 0xfc, 0xf8, 0x30, 0xf8, 0xfc, 0xf8, 0x34, 0xf8, 0xfc, 0xf8, 0x30,
    0xf8, 0xfc, 0xf8, 0x34, 0xf8, 0xfc, 0xf8, 0x34, 0xf8, 0xfc, 0xf8, 0x34,
    0xf8, 0xfc, 0xf8, 0x1c, 0xf8, 0xfc, 0xf8, 0x04, 0x00, 0x00, 0x00, 0x00,
    0x00, 0x00, 0x00, 0x00, 0x00, 0x00, 0x00, 0x00, 0x00, 0x00, 0x00, 0x00,
    0x00, 0x00, 0x00, 0x00, 0x00, 0x00, 0x00, 0x00, 0x00, 0x00, 0x00, 0x00,
    0x00, 0x00, 0x00, 0x00, 0x00, 0x00, 0x00, 0x00, 0x00, 0x00, 0x00, 0x00,
    0x00, 0x00, 0x00, 0x00, 0x00, 0x00, 0x00, 0x00, 0x00, 0x00, 0x00, 0x00,
    0x00, 0x00, 0x00, 0x00, 0x00, 0x00, 0x00, 0x00, 0x00, 0x00, 0x00, 0x00,
    0x00, 0x00, 0x00, 0x00, 0x00, 0x00, 0x00, 0x00, 0x00, 0x00, 0x00, 0x00,
    0x00, 0x00, 0x00, 0x00, 0x00, 0x00, 0x00, 0x00, 0x00, 0x00, 0x00, 0x00,
    0x00, 0x00, 0x00, 0x00, 0x00, 0x00, 0x00, 0x00, 0x00, 0x00, 0x00, 0x00,
    0x00, 0x00, 0x00, 0x00, 0x00, 0x00, 0x00, 0x00, 0x00, 0x00, 0x00, 0x00,
    0x00, 0x00, 0x00, 0x00, 0x00, 0x00, 0x00, 0x00, 0x00, 0x00, 0x00, 0x00,
    0x00, 0x00, 0x00, 0x00, 0x00, 0x00, 0x00, 0x00, 0x00, 0x00, 0x00, 0x00,
    0x00, 0x00, 0x00, 0x00, 0x00, 0x00, 0x00, 0x00, 0x00, 0x00, 0x00, 0x00,
    0x00, 0x00, 0x00, 0x00, 0x00, 0x00, 0x00, 0x00, 0x00, 0x00, 0x00, 0x00,
    0x00, 0x00, 0x00, 0x00, 0x00, 0x00, 0x00, 0x00, 0x00, 0x00, 0x00, 0x00,
    0x00, 0x00, 0x00, 0x00, 0x00, 0x00, 0x00, 0x00, 0x00, 0x00, 0x00, 0x00,
    0x00, 0x00, 0x00, 0x00, 0x00, 0x00, 0x00, 0x00, 0x00, 0x00, 0x00, 0x00,
    0x00, 0x00, 0x00, 0x00, 0x00, 0x00, 0x00, 0x00, 0x00, 0x00, 0x00, 0x00,
    0x00, 0x00, 0x00, 0x00, 0x00, 0x00, 0x00, 0x00, 0x00, 0x00, 0x00, 0x00,
    0xf8, 0xfc, 0xf8, 0x08, 0xf8, 0xfc, 0xf8, 0x28, 0xf8, 0xfc, 0xf8, 0x34,
    0xf8, 0xfc, 0xf8, 0x34, 0xf8, 0xfc, 0xf8, 0x34, 0xf8, 0xfc, 0xf8, 0x30,
    0xf8, 0xfc, 0xf8, 0x34, 0xf8, 0xfc, 0xf8, 0x34, 0xf8, 0xfc, 0xf8, 0x34,
    0xf8, 0xfc, 0xf8, 0x34, 0xf8, 0xfc, 0xf8, 0x30, 0xf8, 0xfc, 0xf8, 0x34,
    0xf8, 0xfc, 0xf8, 0x34, 0xf8, 0xfc, 0xf8, 0x30, 0xf8, 0xfc, 0xf8, 0x34,
    0xf8, 0xfc, 0xf8, 0x30, 0xf8, 0xfc, 0xf8, 0x34, 0xf8, 0xfc, 0xf8, 0x34,
    0xf8, 0xfc, 0xf8, 0x30, 0xf8, 0xfc, 0xf8, 0x34, 0xf8, 0xfc, 0xf8, 0x34,
    0xf8, 0xfc, 0xf8, 0x34, 0xf8, 0xfc, 0xf8, 0x34, 0xf8, 0xfc, 0xf8, 0x30,
    0xf8, 0xfc, 0xf8, 0x34, 0xf8, 0xfc, 0xf8, 0x34, 0xf8, 0xfc, 0xf8, 0x30,
    0xf8, 0xfc, 0xf8, 0x34, 0xf8, 0xfc, 0xf8, 0x34, 0xf8, 0xfc, 0xf8, 0x34,
    0xf8, 0xfc, 0xf8, 0x30, 0xf8, 0xfc, 0xf8, 0x34, 0xf8, 0xfc, 0xf8, 0x34,
    0xf8, 0xfc, 0xf8, 0x34, 0xf8, 0xfc, 0xf8, 0x30, 0xf8, 0xfc, 0xf8, 0x34,
    0xf8, 0xfc, 0xf8, 0x30, 0xf8, 0xfc, 0xf8, 0x34, 0xf8, 0xfc, 0xf8, 0x30,
    0xf8, 0xfc, 0xf8, 0x34, 0xf8, 0xfc, 0xf8, 0x34, 0xf8, 0xfc, 0xf8, 0x34,
    0xf8, 0xfc, 0xf8, 0x34, 0xf8, 0xfc, 0xf8, 0x34, 0xf8, 0xfc, 0xf8, 0x30,
    0xf8, 0xfc, 0xf8, 0x34, 0xf8, 0xfc, 0xf8, 0x34, 0xf8, 0xfc, 0xf8, 0x34,
    0xf8, 0xfc, 0xf8, 0x34, 0xf8, 0xfc, 0xf8, 0x30, 0xf8, 0xfc, 0xf8, 0x34,
    0xf8, 0xfc, 0xf8, 0x34, 0xf8, 0xfc, 0xf8, 0x30, 0xf8, 0xfc, 0xf8, 0x34,
    0xf8, 0xfc, 0xf8, 0x34, 0xf8, 0xfc, 0xf8, 0x34, 0xf8, 0xfc, 0xf8, 0x34,
    0xf8, 0xfc, 0xf8, 0x30, 0xf8, 0xfc, 0xf8, 0x34, 0xf8, 0xfc, 0xf8, 0x34,
    0xf8, 0xfc, 0xf8, 0x30, 0xf8, 0xfc, 0xf8, 0x34, 0xf8, 0xfc, 0xf8, 0x34,
    0xf8, 0xfc, 0xf8, 0x34, 0xf8, 0xfc, 0xf8, 0x34, 0xf8, 0xfc, 0xf8, 0x30,
    0xf8, 0xfc, 0xf8, 0x34, 0xf8, 0xfc, 0xf8, 0x34, 0xf8, 0xfc, 0xf8, 0x34,
    0xf8, 0xfc, 0xf8, 0x30, 0xf8, 0xfc, 0xf8, 0x34, 0xf8, 0xfc, 0xf8, 0x34,
    0xf8, 0xfc, 0xf8, 0x34, 0xf8, 0xfc, 0xf8, 0x30, 0xf8, 0xfc, 0xf8, 0x34,
    0xf8, 0xfc, 0xf8, 0x30, 0xf8, 0xfc, 0xf8, 0x34, 0xf8, 0xfc, 0xf8, 0x34,
    0xf8, 0xfc, 0xf8, 0x34, 0xf8, 0xfc, 0xf8, 0x34, 0xf8, 0xfc, 0xf8, 0x34,
    0xf8, 0xfc, 0xf8, 0x34, 0xf8, 0xfc, 0xf8, 0x34, 0xf8, 0xfc, 0xf8, 0x34,
    0xf8, 0xfc, 0xf8, 0x30, 0xf8, 0xfc, 0xf8, 0x34, 0xf8, 0xfc, 0xf8, 0x34,
    0xf8, 0xfc, 0xf8, 0x34, 0xf8, 0xfc, 0xf8, 0x34, 0xf8, 0xfc, 0xf8, 0x34,
    0xf8, 0xfc, 0xf8, 0x30, 0xf8, 0xfc, 0xf8, 0x34, 0xf8, 0xfc, 0xf8, 0x34,
    0xf8, 0xfc, 0xf8, 0x34, 0xf8, 0xfc, 0xf8, 0x2c, 0xf8, 0xfc, 0xf8, 0x08,
    0x00, 0x00, 0x00, 0x00, 0x00, 0x00, 0x00, 0x00, 0x00, 0x00, 0x00, 0x00,
    0x00, 0x00, 0x00, 0x00, 0x00, 0x00, 0x00, 0x00, 0x00, 0x00, 0x00, 0x00,
    0x00, 0x00, 0x00, 0x00, 0x00, 0x00, 0x00, 0x00, 0x00, 0x00, 0x00, 0x00,
    0x00, 0x00, 0x00, 0x00, 0x00, 0x00, 0x00, 0x00, 0x00, 0x00, 0x00, 0x00,
    0x00, 0x00, 0x00, 0x00, 0x00, 0x00, 0x00, 0x00, 0x00, 0x00, 0x00, 0x00,
    0x00, 0x00, 0x00, 0x00, 0x00, 0x00, 0x00, 0x00, 0x00, 0x00, 0x00, 0x00,
    0x00, 0x00, 0x00, 0x00, 0x00, 0x00, 0x00, 0x00, 0x00, 0x00, 0x00, 0x00,
    0x00, 0x00, 0x00, 0x00, 0x00, 0x00, 0x00, 0x00, 0x00, 0x00, 0x00, 0x00,
    0x00, 0x00, 0x00, 0x00, 0x00, 0x00, 0x00, 0x00, 0x00, 0x00, 0x00, 0x00,
    0x00, 0x00, 0x00, 0x00, 0x00, 0x00, 0x00, 0x00, 0x00, 0x00, 0x00, 0x00,
    0x00, 0x00, 0x00, 0x00, 0x00, 0x00, 0x00, 0x00, 0x00, 0x00, 0x00, 0x00,
    0x00, 0x00, 0x00, 0x00, 0x00, 0x00, 0x00, 0x00, 0x00, 0x00, 0x00, 0x00,
    0x00, 0x00, 0x00, 0x00, 0x00, 0x00, 0x00, 0x00, 0x00, 0x00, 0x00, 0x00,
    0x00, 0x00, 0x00, 0x00, 0x00, 0x00, 0x00, 0x00, 0x00, 0x00, 0x00, 0x00,
    0x00, 0x00, 0x00, 0x00, 0x00, 0x00, 0x00, 0x00, 0x00, 0x00, 0x00, 0x00,
    0x00, 0x00, 0x00, 0x00, 0x00, 0x00, 0x00, 0x00, 0x00, 0x00, 0x00, 0x00,
    0x00, 0x00, 0x00, 0x00, 0x00, 0x00, 0x00, 0x00, 0x00, 0x00, 0x00, 0x00,
    0x00, 0x00, 0x00, 0x00, 0x00, 0x00, 0x00, 0x00, 0xf8, 0xfc, 0xf8, 0x08,
    0xf8, 0xfc, 0xf8, 0x2c, 0xf8, 0xfc, 0xf8, 0x34, 0xf8, 0xfc, 0xf8, 0x34,
    0xf8, 0xfc, 0xf8, 0x34, 0xf8, 0xfc, 0xf8, 0x30, 0xf8, 0xfc, 0xf8, 0x34,
    0xf8, 0xfc, 0xf8, 0x34, 0xf8, 0xfc, 0xf8, 0x30, 0xf8, 0xfc, 0xf8, 0x34,
    0xf8, 0xfc, 0xf8, 0x34, 0xf8, 0xfc, 0xf8, 0x34, 0xf8, 0xfc, 0xf8, 0x34,
    0xf8, 0xfc, 0xf8, 0x34, 0xf8, 0xfc, 0xf8, 0x34, 0xf8, 0xfc, 0xf8, 0x30,
    0xf8, 0xfc, 0xf8, 0x34, 0xf8, 0xfc, 0xf8, 0x34, 0xf8, 0xfc, 0xf8, 0x34,
    0xf8, 0xfc, 0xf8, 0x34, 0xf8, 0xfc, 0xf8, 0x30, 0xf8, 0xfc, 0xf8, 0x34,
    0xf8, 0xfc, 0xf8, 0x34, 0xf8, 0xfc, 0xf8, 0x34, 0xf8, 0xfc, 0xf8, 0x34,
    0xf8, 0xfc, 0xf8, 0x30, 0xf8, 0xfc, 0xf8, 0x34, 0xf8, 0xfc, 0xf8, 0x34,
    0xf8, 0xfc, 0xf8, 0x34, 0xf8, 0xfc, 0xf8, 0x34, 0xf8, 0xfc, 0xf8, 0x34,
    0xf8, 0xfc, 0xf8, 0x34, 0xf8, 0xfc, 0xf8, 0x30, 0xf8, 0xfc, 0xf8, 0x34,
    0xf8, 0xfc, 0xf8, 0x34, 0xf8, 0xfc, 0xf8, 0x34, 0xf8, 0xfc, 0xf8, 0x34,
    0xf8, 0xfc, 0xf8, 0x34, 0xf8, 0xfc, 0xf8, 0x30, 0xf8, 0xfc, 0xf8, 0x34,
    0xf8, 0xfc, 0xf8, 0x34, 0xf8, 0xfc, 0xf8, 0x30, 0xf8, 0xfc, 0xf8, 0x34,
    0xf8, 0xfc, 0xf8, 0x34, 0xf8, 0xfc, 0xf8, 0x30, 0xf8, 0xfc, 0xf8, 0x34,
    0xf8, 0xfc, 0xf8, 0x34, 0xf8, 0xfc, 0xf8, 0x30, 0xf8, 0xfc, 0xf8, 0x34,
    0xf8, 0xfc, 0xf8, 0x34, 0xf8, 0xfc, 0xf8, 0x34, 0xf8, 0xfc, 0xf8, 0x34,
    0xf8, 0xfc, 0xf8, 0x34, 0xf8, 0xfc, 0xf8, 0x30, 0xf8, 0xfc, 0xf8, 0x34,
    0xf8, 0xfc, 0xf8, 0x34, 0xf8, 0xfc, 0xf8, 0x30, 0xf8, 0xfc, 0xf8, 0x34,
    0xf8, 0xfc, 0xf8, 0x34, 0xf8, 0xfc, 0xf8, 0x34, 0xf8, 0xfc, 0xf8, 0x34,
    0xf8, 0xfc, 0xf8, 0x34, 0xf8, 0xfc, 0xf8, 0x30, 0xf8, 0xfc, 0xf8, 0x34,
    0xf8, 0xfc, 0xf8, 0x34, 0xf8, 0xfc, 0xf8, 0x30, 0xf8, 0xfc, 0xf8, 0x34,
    0xf8, 0xfc, 0xf8, 0x34, 0xf8, 0xfc, 0xf8, 0x34, 0xf8, 0xfc, 0xf8, 0x30,
    0xf8, 0xfc, 0xf8, 0x34, 0xf8, 0xfc, 0xf8, 0x34, 0xf8, 0xfc, 0xf8, 0x34,
    0xf8, 0xfc, 0xf8, 0x30, 0xf8, 0xfc, 0xf8, 0x34, 0xf8, 0xfc, 0xf8, 0x34,
    0xf8, 0xfc, 0xf8, 0x34, 0xf8, 0xfc, 0xf8, 0x30, 0xf8, 0xfc, 0xf8, 0x30,
    0xf8, 0xfc, 0xf8, 0x34, 0xf8, 0xfc, 0xf8, 0x34, 0xf8, 0xfc, 0xf8, 0x30,
    0xf8, 0xfc, 0xf8, 0x34, 0xf8, 0xfc, 0xf8, 0x34, 0xf8, 0xfc, 0xf8, 0x30,
    0xf8, 0xfc, 0xf8, 0x34, 0xf8, 0xfc, 0xf8, 0x34, 0xf8, 0xfc, 0xf8, 0x30,
    0xf8, 0xfc, 0xf8, 0x34, 0xf8, 0xfc, 0xf8, 0x34, 0xf8, 0xfc, 0xf8, 0x34,
    0xf8, 0xfc, 0xf8, 0x34, 0xf8, 0xfc, 0xf8, 0x30, 0xf8, 0xfc, 0xf8, 0x34,
    0xf8, 0xfc, 0xf8, 0x34, 0xf8, 0xfc, 0xf8, 0x30, 0xf8, 0xfc, 0xf8, 0x2c,
    0xf8, 0xfc, 0xf8, 0x08, 0x00, 0x00, 0x00, 0x00, 0x00, 0x00, 0x00, 0x00,
    0x00, 0x00, 0x00, 0x00, 0x00, 0x00, 0x00, 0x00, 0x00, 0x00, 0x00, 0x00,
    0x00, 0x00, 0x00, 0x00, 0x00, 0x00, 0x00, 0x00, 0x00, 0x00, 0x00, 0x00,
    0x00, 0x00, 0x00, 0x00, 0x00, 0x00, 0x00, 0x00, 0x00, 0x00, 0x00, 0x00,
    0x00, 0x00, 0x00, 0x00, 0x00, 0x00, 0x00, 0x00, 0x00, 0x00, 0x00, 0x00,
    0x00, 0x00, 0x00, 0x00, 0x00, 0x00, 0x00, 0x00, 0x00, 0x00, 0x00, 0x00,
    0x00, 0x00, 0x00, 0x00, 0x00, 0x00, 0x00, 0x00, 0x00, 0x00, 0x00, 0x00,
    0x00, 0x00, 0x00, 0x00, 0x00, 0x00, 0x00, 0x00, 0x00, 0x00, 0x00, 0x00,
    0x00, 0x00, 0x00, 0x00, 0x00, 0x00, 0x00, 0x00, 0x00, 0x00, 0x00, 0x00,
    0x00, 0x00, 0x00, 0x00, 0x00, 0x00, 0x00, 0x00, 0x00, 0x00, 0x00, 0x00,
    0x00, 0x00, 0x00, 0x00, 0x00, 0x00, 0x00, 0x00, 0x00, 0x00, 0x00, 0x00,
    0x00, 0x00, 0x00, 0x00, 0x00, 0x00, 0x00, 0x00, 0x00, 0x00, 0x00, 0x00,
    0x00, 0x00, 0x00, 0x00, 0x00, 0x00, 0x00, 0x00, 0x00, 0x00, 0x00, 0x00,
    0x00, 0x00, 0x00, 0x00, 0x00, 0x00, 0x00, 0x00, 0x00, 0x00, 0x00, 0x00,
    0x00, 0x00, 0x00, 0x00, 0x00, 0x00, 0x00, 0x00, 0x00, 0x00, 0x00, 0x00,
    0x00, 0x00, 0x00, 0x00, 0x00, 0x00, 0x00, 0x00, 0x00, 0x00, 0x00, 0x00,
    0x00, 0x00, 0x00, 0x00, 0x00, 0x00, 0x00, 0x00, 0x00, 0x00, 0x00, 0x00,
    0x00, 0x00, 0x00, 0x00, 0xf8, 0xfc, 0xf8, 0x14, 0xf8, 0xfc, 0xf8, 0x34,
    0xf8, 0xfc, 0xf8, 0x34, 0xf8, 0xfc, 0xf8, 0x34, 0xf8, 0xfc, 0xf8, 0x30,
    0xf8, 0xfc, 0xf8, 0x34, 0xf8, 0xfc, 0xf8, 0x34, 0xf8, 0xfc, 0xf8, 0x34,
    0xf8, 0xfc, 0xf8, 0x34, 0xf8, 0xfc, 0xf8, 0x34, 0xf8, 0xfc, 0xf8, 0x30,
    0xf8, 0xfc, 0xf8, 0x34, 0xf8, 0xfc, 0xf8, 0x34, 0xf8, 0xfc, 0xf8, 0x30,
    0xf8, 0xfc, 0xf8, 0x34, 0xf8, 0xfc, 0xf8, 0x34, 0xf8, 0xfc, 0xf8, 0x34,
    0xf8, 0xfc, 0xf8, 0x34, 0xf8, 0xfc, 0xf8, 0x30, 0xf8, 0xfc, 0xf8, 0x34,
    0xf8, 0xfc, 0xf8, 0x34, 0xf8, 0xfc, 0xf8, 0x34, 0xf8, 0xfc, 0xf8, 0x30,
    0xf8, 0xfc, 0xf8, 0x34, 0xf8, 0xfc, 0xf8, 0x30, 0xf8, 0xfc, 0xf8, 0x34,
    0xf8, 0xfc, 0xf8, 0x34, 0xf8, 0xfc, 0xf8, 0x34, 0xf8, 0xfc, 0xf8, 0x30,
    0xf8, 0xfc, 0xf8, 0x34, 0xf8, 0xfc, 0xf8, 0x30, 0xf8, 0xfc, 0xf8, 0x34,
    0xf8, 0xfc, 0xf8, 0x34, 0xf8, 0xfc, 0xf8, 0x34, 0xf8, 0xfc, 0xf8, 0x30,
    0xf8, 0xfc, 0xf8, 0x34, 0xf8, 0xfc, 0xf8, 0x34, 0xf8, 0xfc, 0xf8, 0x34,
    0xf8, 0xfc, 0xf8, 0x34, 0xf8, 0xfc, 0xf8, 0x34, 0xf8, 0xfc, 0xf8, 0x34,
    0xf8, 0xfc, 0xf8, 0x34, 0xf8, 0xfc, 0xf8, 0x30, 0xf8, 0xfc, 0xf8, 0x34,
    0xf8, 0xfc, 0xf8, 0x34, 0xf8, 0xfc, 0xf8, 0x34, 0xf8, 0xfc, 0xf8, 0x34,
    0xf8, 0xfc, 0xf8, 0x34, 0xf8, 0xfc, 0xf8, 0x30, 0xf8, 0xfc, 0xf8, 0x34,
    0xf8, 0xfc, 0xf8, 0x34, 0xf8, 0xfc, 0xf8, 0x30, 0xf8, 0xfc, 0xf8, 0x34,
    0xf8, 0xfc, 0xf8, 0x34, 0xf8, 0xfc, 0xf8, 0x34, 0xf8, 0xfc, 0xf8, 0x34,
    0xf8, 0xfc, 0xf8, 0x30, 0xf8, 0xfc, 0xf8, 0x34, 0xf8, 0xfc, 0xf8, 0x34,
    0xf8, 0xfc, 0xf8, 0x30, 0xf8, 0xfc, 0xf8, 0x34, 0xf8, 0xfc, 0xf8, 0x34,
    0xf8, 0xfc, 0xf8, 0x34, 0xf8, 0xfc, 0xf8, 0x34, 0xf8, 0xfc, 0xf8, 0x30,
    0xf8, 0xfc, 0xf8, 0x34, 0xf8, 0xfc, 0xf8, 0x34, 0xf8, 0xfc, 0xf8, 0x34,
    0xf8, 0xfc, 0xf8, 0x30, 0xf8, 0xfc, 0xf8, 0x34, 0xf8, 0xfc, 0xf8, 0x34,
    0xf8, 0xfc, 0xf8, 0x34, 0xf8, 0xfc, 0xf8, 0x30, 0xf8, 0xfc, 0xf8, 0x34,
    0xf8, 0xfc, 0xf8, 0x34, 0xf8, 0xfc, 0xf8, 0x34, 0xf8, 0xfc, 0xf8, 0x34,
    0xf8, 0xfc, 0xf8, 0x34, 0xf8, 0xfc, 0xf8, 0x34, 0xf8, 0xfc, 0xf8, 0x34,
    0xf8, 0xfc, 0xf8, 0x30, 0xf8, 0xfc, 0xf8, 0x34, 0xf8, 0xfc, 0xf8, 0x34,
    0xf8, 0xfc, 0xf8, 0x30, 0xf8, 0xfc, 0xf8, 0x34, 0xf8, 0xfc, 0xf8, 0x34,
    0xf8, 0xfc, 0xf8, 0x34, 0xf8, 0xfc, 0xf8, 0x34, 0xf8, 0xfc, 0xf8, 0x30,
    0xf8, 0xfc, 0xf8, 0x34, 0xf8, 0xfc, 0xf8, 0x30, 0xf8, 0xfc, 0xf8, 0x34,
    0xf8, 0xfc, 0xf8, 0x34, 0xf8, 0xfc, 0xf8, 0x34, 0xf8, 0xfc, 0xf8, 0x34,
    0xf8, 0xfc, 0xf8, 0x34, 0xf8, 0xfc, 0xf8, 0x34, 0xf8, 0xfc, 0xf8, 0x34,
    0xf8, 0xfc, 0xf8, 0x34, 0xf8, 0xfc, 0xf8, 0x14, 0x00, 0x00, 0x00, 0x00,
    0x00, 0x00, 0x00, 0x00, 0x00, 0x00, 0x00, 0x00, 0x00, 0x00, 0x00, 0x00,
    0x00, 0x00, 0x00, 0x00, 0x00, 0x00, 0x00, 0x00, 0x00, 0x00, 0x00, 0x00,
    0x00, 0x00, 0x00, 0x00, 0x00, 0x00, 0x00, 0x00, 0x00, 0x00, 0x00, 0x00,
    0x00, 0x00, 0x00, 0x00, 0x00, 0x00, 0x00, 0x00, 0x00, 0x00, 0x00, 0x00,
    0x00, 0x00, 0x00, 0x00, 0x00, 0x00, 0x00, 0x00, 0x00, 0x00, 0x00, 0x00,
    0x00, 0x00, 0x00, 0x00, 0x00, 0x00, 0x00, 0x00, 0x00, 0x00, 0x00, 0x00,
    0x00, 0x00, 0x00, 0x00, 0x00, 0x00, 0x00, 0x00, 0x00, 0x00, 0x00, 0x00,
    0x00, 0x00, 0x00, 0x00, 0x00, 0x00, 0x00, 0x00, 0x00, 0x00, 0x00, 0x00,
    0x00, 0x00, 0x00, 0x00, 0x00, 0x00, 0x00, 0x00, 0x00, 0x00, 0x00, 0x00,
    0x00, 0x00, 0x00, 0x00, 0x00, 0x00, 0x00, 0x00, 0x00, 0x00, 0x00, 0x00,
    0x00, 0x00, 0x00, 0x00, 0x00, 0x00, 0x00, 0x00, 0x00, 0x00, 0x00, 0x00,
    0x00, 0x00, 0x00, 0x00, 0x00, 0x00, 0x00, 0x00, 0x00, 0x00, 0x00, 0x00,
    0x00, 0x00, 0x00, 0x00, 0x00, 0x00, 0x00, 0x00, 0x00, 0x00, 0x00, 0x00,
    0x00, 0x00, 0x00, 0x00, 0x00, 0x00, 0x00, 0x00, 0x00, 0x00, 0x00, 0x00,
    0x00, 0x00, 0x00, 0x00, 0x00, 0x00, 0x00, 0x00, 0x00, 0x00, 0x00, 0x00,
    0x00, 0x00, 0x00, 0x00, 0x00, 0x00, 0x00, 0x00, 0x00, 0x00, 0x00, 0x00,
    0xf8, 0xfc, 0xf8, 0x18, 0xf8, 0xfc, 0xf8, 0x34, 0xf8, 0xfc, 0xf8, 0x34,
    0xf8, 0xfc, 0xf8, 0x34, 0xf8, 0xfc, 0xf8, 0x34, 0xf8, 0xfc, 0xf8, 0x34,
    0xf8, 0xfc, 0xf8, 0x30, 0xf8, 0xfc, 0xf8, 0x34, 0xf8, 0xfc, 0xf8, 0x34,
    0xf8, 0xfc, 0xf8, 0x30, 0xf8, 0xfc, 0xf8, 0x34, 0xf8, 0xfc, 0xf8, 0x34,
    0xf8, 0xfc, 0xf8, 0x30, 0xf8, 0xfc, 0xf8, 0x34, 0xf8, 0xfc, 0xf8, 0x34,
    0xf8, 0xfc, 0xf8, 0x30, 0xf8, 0xfc, 0xf8, 0x34, 0xf8, 0xfc, 0xf8, 0x34,
    0xf8, 0xfc, 0xf8, 0x30, 0xf8, 0xfc, 0xf8, 0x34, 0xf8, 0xfc, 0xf8, 0x34,
    0xf8, 0xfc, 0xf8, 0x30, 0xf8, 0xfc, 0xf8, 0x34, 0xf8, 0xfc, 0xf8, 0x34,
    0xf8, 0xfc, 0xf8, 0x34, 0xf8, 0xfc, 0xf8, 0x34, 0xf8, 0xfc, 0xf8, 0x30,
    0xf8, 0xfc, 0xf8, 0x34, 0xf8, 0xfc, 0xf8, 0x34, 0xf8, 0xfc, 0xf8, 0x34,
    0xf8, 0xfc, 0xf8, 0x30, 0xf8, 0xfc, 0xf8, 0x34, 0xf8, 0xfc, 0xf8, 0x34,
    0xf8, 0xfc, 0xf8, 0x30, 0xf8, 0xfc, 0xf8, 0x34, 0xf8, 0xfc, 0xf8, 0x34,
    0xf8, 0xfc, 0xf8, 0x30, 0xf8, 0xfc, 0xf8, 0x34, 0xf8, 0xfc, 0xf8, 0x30,
    0xf8, 0xfc, 0xf8, 0x30, 0xf8, 0xfc, 0xf8, 0x34, 0xf8, 0xfc, 0xf8, 0x34,
    0xf8, 0xfc, 0xf8, 0x30, 0xf8, 0xfc, 0xf8, 0x34, 0xf8, 0xfc, 0xf8, 0x34,
    0xf8, 0xfc, 0xf8, 0x30, 0xf8, 0xfc, 0xf8, 0x34, 0xf8, 0xfc, 0xf8, 0x34,
    0xf8, 0xfc, 0xf8, 0x30, 0xf8, 0xfc, 0xf8, 0x34, 0xf8, 0xfc, 0xf8, 0x34,
    0xf8, 0xfc, 0xf8, 0x30, 0xf8, 0xfc, 0xf8, 0x34, 0xf8, 0xfc, 0xf8, 0x34,
    0xf8, 0xfc, 0xf8, 0x30, 0xf8, 0xfc, 0xf8, 0x34, 0xf8, 0xfc, 0xf8, 0x34,
    0xf8, 0xfc, 0xf8, 0x34, 0xf8, 0xfc, 0xf8, 0x34, 0xf8, 0xfc, 0xf8, 0x34,
    0xf8, 0xfc, 0xf8, 0x30, 0xf8, 0xfc, 0xf8, 0x34, 0xf8, 0xfc, 0xf8, 0x30,
    0xf8, 0xfc, 0xf8, 0x34, 0xf8, 0xfc, 0xf8, 0x34, 0xf8, 0xfc, 0xf8, 0x34,
    0xf8, 0xfc, 0xf8, 0x30, 0xf8, 0xfc, 0xf8, 0x34, 0xf8, 0xfc, 0xf8, 0x34,
    0xf8, 0xfc, 0xf8, 0x34, 0xf8, 0xfc, 0xf8, 0x30, 0xf8, 0xfc, 0xf8, 0x34,
    0xf8, 0xfc, 0xf8, 0x34, 0xf8, 0xfc, 0xf8, 0x34, 0xf8, 0xfc, 0xf8, 0x30,
    0xf8, 0xfc, 0xf8, 0x34, 0xf8, 0xfc, 0xf8, 0x30, 0xf8, 0xfc, 0xf8, 0x30,
    0xf8, 0xfc, 0xf8, 0x34, 0xf8, 0xfc, 0xf8, 0x34, 0xf8, 0xfc, 0xf8, 0x34,
    0xf8, 0xfc, 0xf8, 0x34, 0xf8, 0xfc, 0xf8, 0x34, 0xf8, 0xfc, 0xf8, 0x34,
    0xf8, 0xfc, 0xf8, 0x30, 0xf8, 0xfc, 0xf8, 0x34, 0xf8, 0xfc, 0xf8, 0x34,
    0xf8, 0xfc, 0xf8, 0x30, 0xf8, 0xfc, 0xf8, 0x34, 0xf8, 0xfc, 0xf8, 0x34,
    0xf8, 0xfc, 0xf8, 0x34, 0xf8, 0xfc, 0xf8, 0x34, 0xf8, 0xfc, 0xf8, 0x30,
    0xf8, 0xfc, 0xf8, 0x34, 0xf8, 0xfc, 0xf8, 0x30, 0xf8, 0xfc, 0xf8, 0x34,
    0xf8, 0xfc, 0xf8, 0x30, 0xf8, 0xfc, 0xf8, 0x34, 0xf8, 0xfc, 0xf8, 0x34,
    0xf8, 0xfc, 0xf8, 0x34, 0xf8, 0xfc, 0xf8, 0x34, 0xf8, 0xfc, 0xf8, 0x18,
    0x00, 0x00, 0x00, 0x00, 0x00, 0x00, 0x00, 0x00, 0x00, 0x00, 0x00, 0x00,
    0x00, 0x00, 0x00, 0x00, 0x00, 0x00, 0x00, 0x00, 0x00, 0x00, 0x00, 0x00,
    0x00, 0x00, 0x00, 0x00, 0x00, 0x00, 0x00, 0x00, 0x00, 0x00, 0x00, 0x00,
    0x00, 0x00, 0x00, 0x00, 0x00, 0x00, 0x00, 0x00, 0x00, 0x00, 0x00, 0x00,
    0x00, 0x00, 0x00, 0x00, 0x00, 0x00, 0x00, 0x00, 0x00, 0x00, 0x00, 0x00,
    0x00, 0x00, 0x00, 0x00, 0x00, 0x00, 0x00, 0x00, 0x00, 0x00, 0x00, 0x00,
    0x00, 0x00, 0x00, 0x00, 0x00, 0x00, 0x00, 0x00, 0x00, 0x00, 0x00, 0x00,
    0x00, 0x00, 0x00, 0x00, 0x00, 0x00, 0x00, 0x00, 0x00, 0x00, 0x00, 0x00,
    0x00, 0x00, 0x00, 0x00, 0x00, 0x00, 0x00, 0x00, 0x00, 0x00, 0x00, 0x00,
    0x00, 0x00, 0x00, 0x00, 0x00, 0x00, 0x00, 0x00, 0x00, 0x00, 0x00, 0x00,
    0x00, 0x00, 0x00, 0x00, 0x00, 0x00, 0x00, 0x00, 0x00, 0x00, 0x00, 0x00,
    0x00, 0x00, 0x00, 0x00, 0x00, 0x00, 0x00, 0x00, 0x00, 0x00, 0x00, 0x00,
    0x00, 0x00, 0x00, 0x00, 0x00, 0x00, 0x00, 0x00, 0x00, 0x00, 0x00, 0x00,
    0x00, 0x00, 0x00, 0x00, 0x00, 0x00, 0x00, 0x00, 0x00, 0x00, 0x00, 0x00,
    0x00, 0x00, 0x00, 0x00, 0x00, 0x00, 0x00, 0x00, 0x00, 0x00, 0x00, 0x00,
    0x00, 0x00, 0x00, 0x00, 0x00, 0x00, 0x00, 0x00, 0xf8, 0xfc, 0xf8, 0x18,
    0xf8, 0xfc, 0xf8, 0x34, 0xf8, 0xfc, 0xf8, 0x34, 0xf8, 0xfc, 0xf8, 0x30,
    0xf8, 0xfc, 0xf8, 0x34, 0xf8, 0xfc, 0xf8, 0x34, 0xf8, 0xfc, 0xf8, 0x30,
    0xf8, 0xfc, 0xf8, 0x34, 0xf8, 0xfc, 0xf8, 0x34, 0xf8, 0xfc, 0xf8, 0x30,
    0xf8, 0xfc, 0xf8, 0x34, 0xf8, 0xfc, 0xf8, 0x34, 0xf8, 0xfc, 0xf8, 0x34,
    0xf8, 0xfc, 0xf8, 0x34, 0xf8, 0xfc, 0xf8, 0x34, 0xf8, 0xfc, 0xf8, 0x34,
    0xf8, 0xfc, 0xf8, 0x30, 0xf8, 0xfc, 0xf8, 0x34, 0xf8, 0xfc, 0xf8, 0x34,
    0xf8, 0xfc, 0xf8, 0x30, 0xf8, 0xfc, 0xf8, 0x34, 0xf8, 0xfc, 0xf8, 0x34,
    0xf8, 0xfc, 0xf8, 0x34, 0xf8, 0xfc, 0xf8, 0x30, 0xf8, 0xfc, 0xf8, 0x34,
    0xf8, 0xfc, 0xf8, 0x34, 0xf8, 0xfc, 0xf8, 0x34, 0xf8, 0xfc, 0xf8, 0x34,
    0xf8, 0xfc, 0xf8, 0x30, 0xf8, 0xfc, 0xf8, 0x34, 0xf8, 0xfc, 0xf8, 0x34,
    0xf8, 0xfc, 0xf8, 0x34, 0xf8, 0xfc, 0xf8, 0x34, 0xf8, 0xfc, 0xf8, 0x34,
    0xf8, 0xfc, 0xf8, 0x30, 0xf8, 0xfc, 0xf8, 0x34, 0xf8, 0xfc, 0xf8, 0x34,
    0xf8, 0xfc, 0xf8, 0x34, 0xf8, 0xfc, 0xf8, 0x34, 0xf8, 0xfc, 0xf8, 0x34,
    0xf8, 0xfc, 0xf8, 0x34, 0xf8, 0xfc, 0xf8, 0x34, 0xf8, 0xfc, 0xf8, 0x28,
    0xf8, 0xfc, 0xf8, 0x20, 0xf8, 0xfc, 0xf8, 0x18, 0xf8, 0xfc, 0xf8, 0x10,
    0xf8, 0xfc, 0xf8, 0x10, 0xf8, 0xfc, 0xf8, 0x04, 0xf8, 0xfc, 0xf8, 0x04,
    0xf8, 0xfc, 0xf8, 0x04, 0x00, 0x00, 0x00, 0x00, 0x00, 0x00, 0x00, 0x00,
    0x00, 0x00, 0x00, 0x00, 0x00, 0x00, 0x00, 0x00, 0xf8, 0xfc, 0xf8, 0x04,
    0xf8, 0xfc, 0xf8, 0x04, 0xf8, 0xfc, 0xf8, 0x08, 0xf8, 0xfc, 0xf8, 0x0c,
    0xf8, 0xfc, 0xf8, 0x10, 0xf8, 0xfc, 0xf8, 0x18, 0xf8, 0xfc, 0xf8, 0x24,
    0xf8, 0xfc, 0xf8, 0x28, 0xf8, 0xfc, 0xf8, 0x34, 0xf8, 0xfc, 0xf8, 0x34,
    0xf8, 0xfc, 0xf8, 0x30, 0xf8, 0xfc, 0xf8, 0x34, 0xf8, 0xfc, 0xf8, 0x34,
    0xf8, 0xfc, 0xf8, 0x34, 0xf8, 0xfc, 0xf8, 0x30, 0xf8, 0xfc, 0xf8, 0x34,
    0xf8, 0xfc, 0xf8, 0x34, 0xf8, 0xfc, 0xf8, 0x34, 0xf8, 0xfc, 0xf8, 0x30,
    0xf8, 0xfc, 0xf8, 0x34, 0xf8, 0xfc, 0xf8, 0x34, 0xf8, 0xfc, 0xf8, 0x34,
    0xf8, 0xfc, 0xf8, 0x34, 0xf8, 0xfc, 0xf8, 0x34, 0xf8, 0xfc, 0xf8, 0x34,
    0xf8, 0xfc, 0xf8, 0x30, 0xf8, 0xfc, 0xf8, 0x34, 0xf8, 0xfc, 0xf8, 0x30,
    0xf8, 0xfc, 0xf8, 0x34, 0xf8, 0xfc, 0xf8, 0x34, 0xf8, 0xfc, 0xf8, 0x30,
    0xf8, 0xfc, 0xf8, 0x34, 0xf8, 0xfc, 0xf8, 0x34, 0xf8, 0xfc, 0xf8, 0x34,
    0xf8, 0xfc, 0xf8, 0x30, 0xf8, 0xfc, 0xf8, 0x34, 0xf8, 0xfc, 0xf8, 0x34,
    0xf8, 0xfc, 0xf8, 0x30, 0xf8, 0xfc, 0xf8, 0x34, 0xf8, 0xfc, 0xf8, 0x34,
    0xf8, 0xfc, 0xf8, 0x34, 0xf8, 0xfc, 0xf8, 0x34, 0xf8, 0xfc, 0xf8, 0x30,
    0xf8, 0xfc, 0xf8, 0x34, 0xf8, 0xfc, 0xf8, 0x34, 0xf8, 0xfc, 0xf8, 0x30,
    0xf8, 0xfc, 0xf8, 0x34, 0xf8, 0xfc, 0xf8, 0x34, 0xf8, 0xfc, 0xf8, 0x34,
    0xf8, 0xfc, 0xf8, 0x18, 0x00, 0x00, 0x00, 0x00, 0x00, 0x00, 0x00, 0x00,
    0x00, 0x00, 0x00, 0x00, 0x00, 0x00, 0x00, 0x00, 0x00, 0x00, 0x00, 0x00,
    0x00, 0x00, 0x00, 0x00, 0x00, 0x00, 0x00, 0x00, 0x00, 0x00, 0x00, 0x00,
    0x00, 0x00, 0x00, 0x00, 0x00, 0x00, 0x00, 0x00, 0x00, 0x00, 0x00, 0x00,
    0x00, 0x00, 0x00, 0x00, 0x00, 0x00, 0x00, 0x00, 0x00, 0x00, 0x00, 0x00,
    0x00, 0x00, 0x00, 0x00, 0x00, 0x00, 0x00, 0x00, 0x00, 0x00, 0x00, 0x00,
    0x00, 0x00, 0x00, 0x00, 0x00, 0x00, 0x00, 0x00, 0x00, 0x00, 0x00, 0x00,
    0x00, 0x00, 0x00, 0x00, 0x00, 0x00, 0x00, 0x00, 0x00, 0x00, 0x00, 0x00,
    0x00, 0x00, 0x00, 0x00, 0x00, 0x00, 0x00, 0x00, 0x00, 0x00, 0x00, 0x00,
    0x00, 0x00, 0x00, 0x00, 0x00, 0x00, 0x00, 0x00, 0x00, 0x00, 0x00, 0x00,
    0x00, 0x00, 0x00, 0x00, 0x00, 0x00, 0x00, 0x00, 0x00, 0x00, 0x00, 0x00,
    0x00, 0x00, 0x00, 0x00, 0x00, 0x00, 0x00, 0x00, 0x00, 0x00, 0x00, 0x00,
    0x00, 0x00, 0x00, 0x00, 0x00, 0x00, 0x00, 0x00, 0x00, 0x00, 0x00, 0x00,
    0x00, 0x00, 0x00, 0x00, 0x00, 0x00, 0x00, 0x00, 0x00, 0x00, 0x00, 0x00,
    0x00, 0x00, 0x00, 0x00, 0x00, 0x00, 0x00, 0x00, 0x00, 0x00, 0x00, 0x00,
    0x00, 0x00, 0x00, 0x00, 0xf8, 0xfc, 0xf8, 0x18, 0xf8, 0xfc, 0xf8, 0x34,
    0xf8, 0xfc, 0xf8, 0x34, 0xf8, 0xfc, 0xf8, 0x34, 0xf8, 0xfc, 0xf8, 0x34,
    0xf8, 0xfc, 0xf8, 0x30, 0xf8, 0xfc, 0xf8, 0x34, 0xf8, 0xfc, 0xf8, 0x34,
    0xf8, 0xfc, 0xf8, 0x34, 0xf8, 0xfc, 0xf8, 0x34, 0xf8, 0xfc, 0xf8, 0x34,
    0xf8, 0xfc, 0xf8, 0x34, 0xf8, 0xfc, 0xf8, 0x30, 0xf8, 0xfc, 0xf8, 0x34,
    0xf8, 0xfc, 0xf8, 0x30, 0xf8, 0xfc, 0xf8, 0x34, 0xf8, 0xfc, 0xf8, 0x34,
    0xf8, 0xfc, 0xf8, 0x34, 0xf8, 0xfc, 0xf8, 0x34, 0xf8, 0xfc, 0xf8, 0x34,
    0xf8, 0xfc, 0xf8, 0x34, 0xf8, 0xfc, 0xf8, 0x34, 0xf8, 0xfc, 0xf8, 0x34,
    0xf8, 0xfc, 0xf8, 0x34, 0xf8, 0xfc, 0xf8, 0x34, 0xf8, 0xfc, 0xf8, 0x30,
    0xf8, 0xfc, 0xf8, 0x34, 0xf8, 0xfc, 0xf8, 0x34, 0xf8, 0xfc, 0xf8, 0x30,
    0xf8, 0xfc, 0xf8, 0x34, 0xf8, 0xfc, 0xf8, 0x34, 0xf8, 0xfc, 0xf8, 0x30,
    0xf8, 0xfc, 0xf8, 0x34, 0xf8, 0xfc, 0xf8, 0x34, 0xf8, 0xfc, 0xf8, 0x30,
    0xf8, 0xfc, 0xf8, 0x34, 0xf8, 0xfc, 0xf8, 0x34, 0xf8, 0xfc, 0xf8, 0x34,
    0xf8, 0xfc, 0xf8, 0x2c, 0xf8, 0xfc, 0xf8, 0x20, 0xf8, 0xfc, 0xf8, 0x14,
    0xf8, 0xfc, 0xf8, 0x08, 0x00, 0x00, 0x00, 0x00, 0x00, 0x00, 0x00, 0x00,
    0x00, 0x00, 0x00, 0x00, 0x00, 0x00, 0x00, 0x00, 0x00, 0x00, 0x00, 0x00,
    0x00, 0x00, 0x00, 0x00, 0x00, 0x00, 0x00, 0x00, 0x00, 0x00, 0x00, 0x00,
    0x00, 0x00, 0x00, 0x00, 0x00, 0x00, 0x00, 0x00, 0x00, 0x00, 0x00, 0x00,
    0x00, 0x00, 0x00, 0x00, 0x00, 0x00, 0x00, 0x00, 0x00, 0x00, 0x00, 0x00,
    0x00, 0x00, 0x00, 0x00, 0x00, 0x00, 0x00, 0x00, 0x00, 0x00, 0x00, 0x00,
    0x00, 0x00, 0x00, 0x00, 0x00, 0x00, 0x00, 0x00, 0x00, 0x00, 0x00, 0x00,
    0x00, 0x00, 0x00, 0x00, 0x00, 0x00, 0x00, 0x00, 0xf8, 0xfc, 0xf8, 0x0c,
    0xf8, 0xfc, 0xf8, 0x14, 0xf8, 0xfc, 0xf8, 0x24, 0xf8, 0xfc, 0xf8, 0x30,
    0xf8, 0xfc, 0xf8, 0x34, 0xf8, 0xfc, 0xf8, 0x34, 0xf8, 0xfc, 0xf8, 0x30,
    0xf8, 0xfc, 0xf8, 0x34, 0xf8, 0xfc, 0xf8, 0x34, 0xf8, 0xfc, 0xf8, 0x34,
    0xf8, 0xfc, 0xf8, 0x30, 0xf8, 0xfc, 0xf8, 0x34, 0xf8, 0xfc, 0xf8, 0x34,
    0xf8, 0xfc, 0xf8, 0x30, 0xf8, 0xfc, 0xf8, 0x34, 0xf8, 0xfc, 0xf8, 0x34,
    0xf8, 0xfc, 0xf8, 0x34, 0xf8, 0xfc, 0xf8, 0x34, 0xf8, 0xfc, 0xf8, 0x30,
    0xf8, 0xfc, 0xf8, 0x34, 0xf8, 0xfc, 0xf8, 0x34, 0xf8, 0xfc, 0xf8, 0x34,
    0xf8, 0xfc, 0xf8, 0x34, 0xf8, 0xfc, 0xf8, 0x34, 0xf8, 0xfc, 0xf8, 0x30,
    0xf8, 0xfc, 0xf8, 0x34, 0xf8, 0xfc, 0xf8, 0x34, 0xf8, 0xfc, 0xf8, 0x34,
    0xf8, 0xfc, 0xf8, 0x30, 0xf8, 0xfc, 0xf8, 0x34, 0xf8, 0xfc, 0xf8, 0x34,
    0xf8, 0xfc, 0xf8, 0x30, 0xf8, 0xfc, 0xf8, 0x34, 0xf8, 0xfc, 0xf8, 0x34,
    0xf8, 0xfc, 0xf8, 0x34, 0xf8, 0xfc, 0xf8, 0x34, 0xf8, 0xfc, 0xf8, 0x34,
    0xf8, 0xfc, 0xf8, 0x30, 0xf8, 0xfc, 0xf8, 0x34, 0xf8, 0xfc, 0xf8, 0x34,
    0xf8, 0xfc, 0xf8, 0x34, 0xf8, 0xfc, 0xf8, 0x18, 0x00, 0x00, 0x00, 0x00,
    0x00, 0x00, 0x00, 0x00, 0x00, 0x00, 0x00, 0x00, 0x00, 0x00, 0x00, 0x00,
    0x00, 0x00, 0x00, 0x00, 0x00, 0x00, 0x00, 0x00, 0x00, 0x00, 0x00, 0x00,
    0x00, 0x00, 0x00, 0x00, 0x00, 0x00, 0x00, 0x00, 0x00, 0x00, 0x00, 0x00,
    0x00, 0x00, 0x00, 0x00, 0x00, 0x00, 0x00, 0x00, 0x00, 0x00, 0x00, 0x00,
    0x00, 0x00, 0x00, 0x00, 0x00, 0x00, 0x00, 0x00, 0x00, 0x00, 0x00, 0x00,
    0x00, 0x00, 0x00, 0x00, 0x00, 0x00, 0x00, 0x00, 0x00, 0x00, 0x00, 0x00,
    0x00, 0x00, 0x00, 0x00, 0x00, 0x00, 0x00, 0x00, 0x00, 0x00, 0x00, 0x00,
    0x00, 0x00, 0x00, 0x00, 0x00, 0x00, 0x00, 0x00, 0x00, 0x00, 0x00, 0x00,
    0x00, 0x00, 0x00, 0x00, 0x00, 0x00, 0x00, 0x00, 0x00, 0x00, 0x00, 0x00,
    0x00, 0x00, 0x00, 0x00, 0x00, 0x00, 0x00, 0x00, 0x00, 0x00, 0x00, 0x00,
    0x00, 0x00, 0x00, 0x00, 0x00, 0x00, 0x00, 0x00, 0x00, 0x00, 0x00, 0x00,
    0x00, 0x00, 0x00, 0x00, 0x00, 0x00, 0x00, 0x00, 0x00, 0x00, 0x00, 0x00,
    0x00, 0x00, 0x00, 0x00, 0x00, 0x00, 0x00, 0x00, 0x00, 0x00, 0x00, 0x00,
    0x00, 0x00, 0x00, 0x00, 0x00, 0x00, 0x00, 0x00, 0x00, 0x00, 0x00, 0x00,
    0xf8, 0xfc, 0xf8, 0x18, 0xf8, 0xfc, 0xf8, 0x34, 0xf8, 0xfc, 0xf8, 0x34,
    0xf8, 0xfc, 0xf8, 0x34, 0xf8, 0xfc, 0xf8, 0x34, 0xf8, 0xfc, 0xf8, 0x34,
    0xf8, 0xfc, 0xf8, 0x34, 0xf8, 0xfc, 0xf8, 0x30, 0xf8, 0xfc, 0xf8, 0x34,
    0xf8, 0xfc, 0xf8, 0x34, 0xf8, 0xfc, 0xf8, 0x30, 0xf8, 0xfc, 0xf8, 0x34,
    0xf8, 0xfc, 0xf8, 0x34, 0xf8, 0xfc, 0xf8, 0x34, 0xf8, 0xfc, 0xf8, 0x30,
    0xf8, 0xfc, 0xf8, 0x34, 0xf8, 0xfc, 0xf8, 0x34, 0xf8, 0xfc, 0xf8, 0x30,
    0xf8, 0xfc, 0xf8, 0x34, 0xf8, 0xfc, 0xf8, 0x30, 0xf8, 0xfc, 0xf8, 0x34,
    0xf8, 0xfc, 0xf8, 0x30, 0xf8, 0xfc, 0xf8, 0x30, 0xf8, 0xfc, 0xf8, 0x34,
    0xf8, 0xfc, 0xf8, 0x30, 0xf8, 0xfc, 0xf8, 0x34, 0xf8, 0xfc, 0xf8, 0x34,
    0xf8, 0xfc, 0xf8, 0x30, 0xf8, 0xfc, 0xf8, 0x34, 0xf8, 0xfc, 0xf8, 0x34,
    0xf8, 0xfc, 0xf8, 0x34, 0xf8, 0xfc, 0xf8, 0x34, 0xf8, 0xfc, 0xf8, 0x30,
    0xf8, 0xfc, 0xf8, 0x34, 0xf8, 0xfc, 0xf8, 0x34, 0xf8, 0xfc, 0xf8, 0x34,
    0xf8, 0xfc, 0xf8, 0x2c, 0xf8, 0xfc, 0xf8, 0x18, 0xf8, 0xfc, 0xf8, 0x0c,
    0x00, 0x00, 0x00, 0x00, 0x00, 0x00, 0x00, 0x00, 0x00, 0x00, 0x00, 0x00,
    0x00, 0x00, 0x00, 0x00, 0x00, 0x00, 0x00, 0x00, 0x00, 0x00, 0x00, 0x00,
    0x00, 0x00, 0x00, 0x00, 0x00, 0x00, 0x00, 0x00, 0x00, 0x00, 0x00, 0x00,
    0x00, 0x00, 0x00, 0x00, 0x00, 0x00, 0x00, 0x00, 0x00, 0x00, 0x00, 0x00,
    0x00, 0x00, 0x00, 0x00, 0x00, 0x00, 0x00, 0x00, 0x00, 0x00, 0x00, 0x00,
    0x00, 0x00, 0x00, 0x00, 0x00, 0x00, 0x00, 0x00, 0x00, 0x00, 0x00, 0x00,
    0x00, 0x00, 0x00, 0x00, 0x00, 0x00, 0x00, 0x00, 0x00, 0x00, 0x00, 0x00,
    0x00, 0x00, 0x00, 0x00, 0x00, 0x00, 0x00, 0x00, 0x00, 0x00, 0x00, 0x00,
    0x00, 0x00, 0x00, 0x00, 0x00, 0x00, 0x00, 0x00, 0x00, 0x00, 0x00, 0x00,
    0x00, 0x00, 0x00, 0x00, 0x00, 0x00, 0x00, 0x00, 0x00, 0x00, 0x00, 0x00,
    0xf8, 0xfc, 0xf8, 0x0c, 0xf8, 0xfc, 0xf8, 0x1c, 0xf8, 0xfc, 0xf8, 0x2c,
    0xf8, 0xfc, 0xf8, 0x34, 0xf8, 0xfc, 0xf8, 0x34, 0xf8, 0xfc, 0xf8, 0x30,
    0xf8, 0xfc, 0xf8, 0x34, 0xf8, 0xfc, 0xf8, 0x34, 0xf8, 0xfc, 0xf8, 0x30,
    0xf8, 0xfc, 0xf8, 0x34, 0xf8, 0xfc, 0xf8, 0x34, 0xf8, 0xfc, 0xf8, 0x30,
    0xf8, 0xfc, 0xf8, 0x34, 0xf8, 0xfc, 0xf8, 0x34, 0xf8, 0xfc, 0xf8, 0x34,
    0xf8, 0xfc, 0xf8, 0x30, 0xf8, 0xfc, 0xf8, 0x34, 0xf8, 0xfc, 0xf8, 0x30,
    0xf8, 0xfc, 0xf8, 0x34, 0xf8, 0xfc, 0xf8, 0x34, 0xf8, 0xfc, 0xf8, 0x34,
    0xf8, 0xfc, 0xf8, 0x34, 0xf8, 0xfc, 0xf8, 0x34, 0xf8, 0xfc, 0xf8, 0x34,
    0xf8, 0xfc, 0xf8, 0x34, 0xf8, 0xfc, 0xf8, 0x34, 0xf8, 0xfc, 0xf8, 0x34,
    0xf8, 0xfc, 0xf8, 0x30, 0xf8, 0xfc, 0xf8, 0x34, 0xf8, 0xfc, 0xf8, 0x34,
    0xf8, 0xfc, 0xf8, 0x30, 0xf8, 0xfc, 0xf8, 0x34, 0xf8, 0xfc, 0xf8, 0x34,
    0xf8, 0xfc, 0xf8, 0x34, 0xf8, 0xfc, 0xf8, 0x34, 0xf8, 0xfc, 0xf8, 0x34,
    0xf8, 0xfc, 0xf8, 0x34, 0xf8, 0xfc, 0xf8, 0x34, 0xf8, 0xfc, 0xf8, 0x18,
    0x00, 0x00, 0x00, 0x00, 0x00, 0x00, 0x00, 0x00, 0x00, 0x00, 0x00, 0x00,
    0x00, 0x00, 0x00, 0x00, 0x00, 0x00, 0x00, 0x00, 0x00, 0x00, 0x00, 0x00,
    0x00, 0x00, 0x00, 0x00, 0x00, 0x00, 0x00, 0x00, 0x00, 0x00, 0x00, 0x00,
    0x00, 0x00, 0x00, 0x00, 0x00, 0x00, 0x00, 0x00, 0x00, 0x00, 0x00, 0x00,
    0x00, 0x00, 0x00, 0x00, 0x00, 0x00, 0x00, 0x00, 0x00, 0x00, 0x00, 0x00,
    0x00, 0x00, 0x00, 0x00, 0x00, 0x00, 0x00, 0x00, 0x00, 0x00, 0x00, 0x00,
    0x00, 0x00, 0x00, 0x00, 0x00, 0x00, 0x00, 0x00, 0x00, 0x00, 0x00, 0x00,
    0x00, 0x00, 0x00, 0x00, 0x00, 0x00, 0x00, 0x00, 0x00, 0x00, 0x00, 0x00,
    0x00, 0x00, 0x00, 0x00, 0x00, 0x00, 0x00, 0x00, 0x00, 0x00, 0x00, 0x00,
    0x00, 0x00, 0x00, 0x00, 0x00, 0x00, 0x00, 0x00, 0x00, 0x00, 0x00, 0x00,
    0x00, 0x00, 0x00, 0x00, 0x00, 0x00, 0x00, 0x00, 0x00, 0x00, 0x00, 0x00,
    0x00, 0x00, 0x00, 0x00, 0x00, 0x00, 0x00, 0x00, 0x00, 0x00, 0x00, 0x00,
    0x00, 0x00, 0x00, 0x00, 0x00, 0x00, 0x00, 0x00, 0x00, 0x00, 0x00, 0x00,
    0x00, 0x00, 0x00, 0x00, 0x00, 0x00, 0x00, 0x00, 0xf8, 0xfc, 0xf8, 0x18,
    0xf8, 0xfc, 0xf8, 0x34, 0xf8, 0xfc, 0xf8, 0x34, 0xf8, 0xfc, 0xf8, 0x34,
    0xf8, 0xfc, 0xf8, 0x30, 0xf8, 0xfc, 0xf8, 0x30, 0xf8, 0xfc, 0xf8, 0x34,
    0xf8, 0xfc, 0xf8, 0x34, 0xf8, 0xfc, 0xf8, 0x34, 0xf8, 0xfc, 0xf8, 0x30,
    0xf8, 0xfc, 0xf8, 0x34, 0xf8, 0xfc, 0xf8, 0x34, 0xf8, 0xfc, 0xf8, 0x30,
    0xf8, 0xfc, 0xf8, 0x34, 0xf8, 0xfc, 0xf8, 0x34, 0xf8, 0xfc, 0xf8, 0x34,
    0xf8, 0xfc, 0xf8, 0x34, 0xf8, 0xfc, 0xf8, 0x34, 0xf8, 0xfc, 0xf8, 0x34,
    0xf8, 0xfc, 0xf8, 0x30, 0xf8, 0xfc, 0xf8, 0x34, 0xf8, 0xfc, 0xf8, 0x34,
    0xf8, 0xfc, 0xf8, 0x34, 0xf8, 0xfc, 0xf8, 0x34, 0xf8, 0xfc, 0xf8, 0x34,
    0xf8, 0xfc, 0xf8, 0x34, 0xf8, 0xfc, 0xf8, 0x34, 0xf8, 0xfc, 0xf8, 0x34,
    0xf8, 0xfc, 0xf8, 0x34, 0xf8, 0xfc, 0xf8, 0x30, 0xf8, 0xfc, 0xf8, 0x34,
    0xf8, 0xfc, 0xf8, 0x34, 0xf8, 0xfc, 0xf8, 0x30, 0xf8, 0xfc, 0xf8, 0x34,
    0xf8, 0xfc, 0xf8, 0x30, 0xf8, 0xfc, 0xf8, 0x1c, 0xf8, 0xfc, 0xf8, 0x0c,
    0x00, 0x00, 0x00, 0x00, 0x00, 0x00, 0x00, 0x00, 0x00, 0x00, 0x00, 0x00,
    0x00, 0x00, 0x00, 0x00, 0x00, 0x00, 0x00, 0x00, 0x00, 0x00, 0x00, 0x00,
    0x00, 0x00, 0x00, 0x00, 0x00, 0x00, 0x00, 0x00, 0x00, 0x00, 0x00, 0x00,
    0x00, 0x00, 0x00, 0x00, 0x00, 0x00, 0x00, 0x00, 0x00, 0x00, 0x00, 0x00,
    0x00, 0x00, 0x00, 0x00, 0x00, 0x00, 0x00, 0x00, 0x00, 0x00, 0x00, 0x00,
    0x00, 0x00, 0x00, 0x00, 0x00, 0x00, 0x00, 0x00, 0x00, 0x00, 0x00, 0x00,
    0x00, 0x00, 0x00, 0x00, 0x00, 0x00, 0x00, 0x00, 0x00, 0x00, 0x00, 0x00,
    0x00, 0x00, 0x00, 0x00, 0x00, 0x00, 0x00, 0x00, 0x00, 0x00, 0x00, 0x00,
    0x00, 0x00, 0x00, 0x00, 0x00, 0x00, 0x00, 0x00, 0x00, 0x00, 0x00, 0x00,
    0x00, 0x00, 0x00, 0x00, 0x00, 0x00, 0x00, 0x00, 0x00, 0x00, 0x00, 0x00,
    0x00, 0x00, 0x00, 0x00, 0x00, 0x00, 0x00, 0x00, 0x00, 0x00, 0x00, 0x00,
    0x00, 0x00, 0x00, 0x00, 0x00, 0x00, 0x00, 0x00, 0x00, 0x00, 0x00, 0x00,
    0xf8, 0xfc, 0xf8, 0x08, 0xf8, 0xfc, 0xf8, 0x20, 0xf8, 0xfc, 0xf8, 0x2c,
    0xf8, 0xfc, 0xf8, 0x34, 0xf8, 0xfc, 0xf8, 0x34, 0xf8, 0xfc, 0xf8, 0x34,
    0xf8, 0xfc, 0xf8, 0x34, 0xf8, 0xfc, 0xf8, 0x34, 0xf8, 0xfc, 0xf8, 0x30,
    0xf8, 0xfc, 0xf8, 0x34, 0xf8, 0xfc, 0xf8, 0x34, 0xf8, 0xfc, 0xf8, 0x34,
    0xf8, 0xfc, 0xf8, 0x34, 0xf8, 0xfc, 0xf8, 0x34, 0xf8, 0xfc, 0xf8, 0x30,
    0xf8, 0xfc, 0xf8, 0x34, 0xf8, 0xfc, 0xf8, 0x34, 0xf8, 0xfc, 0xf8, 0x30,
    0xf8, 0xfc, 0xf8, 0x30, 0xf8, 0xfc, 0xf8, 0x34, 0xf8, 0xfc, 0xf8, 0x30,
    0xf8, 0xfc, 0xf8, 0x34, 0xf8, 0xfc, 0xf8, 0x34, 0xf8, 0xfc, 0xf8, 0x30,
    0xf8, 0xfc, 0xf8, 0x34, 0xf8, 0xfc, 0xf8, 0x34, 0xf8, 0xfc, 0xf8, 0x34,
    0xf8, 0xfc, 0xf8, 0x30, 0xf8, 0xfc, 0xf8, 0x34, 0xf8, 0xfc, 0xf8, 0x34,
    0xf8, 0xfc, 0xf8, 0x30, 0xf8, 0xfc, 0xf8, 0x34, 0xf8, 0xfc, 0xf8, 0x30,
    0xf8, 0xfc, 0xf8, 0x34, 0xf8, 0xfc, 0xf8, 0x34, 0xf8, 0xfc, 0xf8, 0x34,
    0xf8, 0xfc, 0xf8, 0x18, 0x00, 0x00, 0x00, 0x00, 0x00, 0x00, 0x00, 0x00,
    0x00, 0x00, 0x00, 0x00, 0x00, 0x00, 0x00, 0x00, 0x00, 0x00, 0x00, 0x00,
    0x00, 0x00, 0x00, 0x00, 0x00, 0x00, 0x00, 0x00, 0x00, 0x00, 0x00, 0x00,
    0x00, 0x00, 0x00, 0x00, 0x00, 0x00, 0x00, 0x00, 0x00, 0x00, 0x00, 0x00,
    0x00, 0x00, 0x00, 0x00, 0x00, 0x00, 0x00, 0x00, 0x00, 0x00, 0x00, 0x00,
    0x00, 0x00, 0x00, 0x00, 0x00, 0x00, 0x00, 0x00, 0x00, 0x00, 0x00, 0x00,
    0x00, 0x00, 0x00, 0x00, 0x00, 0x00, 0x00, 0x00, 0x00, 0x00, 0x00, 0x00,
    0x00, 0x00, 0x00, 0x00, 0x00, 0x00, 0x00, 0x00, 0x00, 0x00, 0x00, 0x00,
    0x00, 0x00, 0x00, 0x00, 0x00, 0x00, 0x00, 0x00, 0x00, 0x00, 0x00, 0x00,
    0x00, 0x00, 0x00, 0x00, 0x00, 0x00, 0x00, 0x00, 0x00, 0x00, 0x00, 0x00,
    0x00, 0x00, 0x00, 0x00, 0x00, 0x00, 0x00, 0x00, 0x00, 0x00, 0x00, 0x00,
    0x00, 0x00, 0x00, 0x00, 0x00, 0x00, 0x00, 0x00, 0x00, 0x00, 0x00, 0x00,
    0x00, 0x00, 0x00, 0x00, 0x00, 0x00, 0x00, 0x00, 0x00, 0x00, 0x00, 0x00,
    0x00, 0x00, 0x00, 0x00, 0xf8, 0xfc, 0xf8, 0x18, 0xf8, 0xfc, 0xf8, 0x34,
    0xf8, 0xfc, 0xf8, 0x34, 0xf8, 0xfc, 0xf8, 0x34, 0xf8, 0xfc, 0xf8, 0x34,
    0xf8, 0xfc, 0xf8, 0x34, 0xf8, 0xfc, 0xf8, 0x34, 0xf8, 0xfc, 0xf8, 0x30,
    0xf8, 0xfc, 0xf8, 0x34, 0xf8, 0xfc, 0xf8, 0x34, 0xf8, 0xfc, 0xf8, 0x34,
    0xf8, 0xfc, 0xf8, 0x34, 0xf8, 0xfc, 0xf8, 0x34, 0xf8, 0xfc, 0xf8, 0x30,
    0xf8, 0xfc, 0xf8, 0x34, 0xf8, 0xfc, 0xf8, 0x34, 0xf8, 0xfc, 0xf8, 0x30,
    0xf8, 0xfc, 0xf8, 0x34, 0xf8, 0xfc, 0xf8, 0x34, 0xf8, 0xfc, 0xf8, 0x30,
    0xf8, 0xfc, 0xf8, 0x34, 0xf8, 0xfc, 0xf8, 0x34, 0xf8, 0xfc, 0xf8, 0x34,
    0xf8, 0xfc, 0xf8, 0x34, 0xf8, 0xfc, 0xf8, 0x30, 0xf8, 0xfc, 0xf8, 0x34,
    0xf8, 0xfc, 0xf8, 0x34, 0xf8, 0xfc, 0xf8, 0x30, 0xf8, 0xfc, 0xf8, 0x34,
    0xf8, 0xfc, 0xf8, 0x34, 0xf8, 0xfc, 0xf8, 0x34, 0xf8, 0xfc, 0xf8, 0x30,
    0xf8, 0xfc, 0xf8, 0x34, 0xf8, 0xfc, 0xf8, 0x24, 0xf8, 0xfc, 0xf8, 0x14,
    0xf8, 0xfc, 0xf8, 0x04, 0x00, 0x00, 0x00, 0x00, 0x00, 0x00, 0x00, 0x00,
    0x00, 0x00, 0x00, 0x00, 0x00, 0x00, 0x00, 0x00, 0x00, 0x00, 0x00, 0x00,
    0x00, 0x00, 0x00, 0x00, 0x00, 0x00, 0x00, 0x00, 0x00, 0x00, 0x00, 0x00,
    0x00, 0x00, 0x00, 0x00, 0x00, 0x00, 0x00, 0x00, 0x00, 0x00, 0x00, 0x00,
    0x00, 0x00, 0x00, 0x00, 0x00, 0x00, 0x00, 0x00, 0x00, 0x00, 0x00, 0x00,
    0x00, 0x00, 0x00, 0x00, 0x00, 0x00, 0x00, 0x00, 0x00, 0x00, 0x00, 0x00,
    0x00, 0x00, 0x00, 0x00, 0x00, 0x00, 0x00, 0x00, 0x00, 0x00, 0x00, 0x00,
    0x00, 0x00, 0x00, 0x00, 0x00, 0x00, 0x00, 0x00, 0x00, 0x00, 0x00, 0x00,
    0x00, 0x00, 0x00, 0x00, 0x00, 0x00, 0x00, 0x00, 0x00, 0x00, 0x00, 0x00,
    0x00, 0x00, 0x00, 0x00, 0x00, 0x00, 0x00, 0x00, 0x00, 0x00, 0x00, 0x00,
    0x00, 0x00, 0x00, 0x00, 0x00, 0x00, 0x00, 0x00, 0x00, 0x00, 0x00, 0x00,
    0x00, 0x00, 0x00, 0x00, 0x00, 0x00, 0x00, 0x00, 0x00, 0x00, 0x00, 0x00,
    0x00, 0x00, 0x00, 0x00, 0x00, 0x00, 0x00, 0x00, 0x00, 0x00, 0x00, 0x00,
    0x00, 0x00, 0x00, 0x00, 0x00, 0x00, 0x00, 0x00, 0x00, 0x00, 0x00, 0x00,
    0xf8, 0xfc, 0xf8, 0x10, 0xf8, 0xfc, 0xf8, 0x2c, 0xf8, 0xfc, 0xf8, 0x34,
    0xf8, 0xfc, 0xf8, 0x30, 0xf8, 0xfc, 0xf8, 0x34, 0xf8, 0xfc, 0xf8, 0x34,
    0xf8, 0xfc, 0xf8, 0x34, 0xf8, 0xfc, 0xf8, 0x30, 0xf8, 0xfc, 0xf8, 0x30,
    0xf8, 0xfc, 0xf8, 0x34, 0xf8, 0xfc, 0xf8, 0x34, 0xf8, 0xfc, 0xf8, 0x34,
    0xf8, 0xfc, 0xf8, 0x34, 0xf8, 0xfc, 0xf8, 0x34, 0xf8, 0xfc, 0xf8, 0x34,
    0xf8, 0xfc, 0xf8, 0x34, 0xf8, 0xfc, 0xf8, 0x34, 0xf8, 0xfc, 0xf8, 0x30,
    0xf8, 0xfc, 0xf8, 0x34, 0xf8, 0xfc, 0xf8, 0x34, 0xf8, 0xfc, 0xf8, 0x34,
    0xf8, 0xfc, 0xf8, 0x34, 0xf8, 0xfc, 0xf8, 0x34, 0xf8, 0xfc, 0xf8, 0x30,
    0xf8, 0xfc, 0xf8, 0x34, 0xf8, 0xfc, 0xf8, 0x34, 0xf8, 0xfc, 0xf8, 0x30,
    0xf8, 0xfc, 0xf8, 0x34, 0xf8, 0xfc, 0xf8, 0x34, 0xf8, 0xfc, 0xf8, 0x34,
    0xf8, 0xfc, 0xf8, 0x30, 0xf8, 0xfc, 0xf8, 0x34, 0xf8, 0xfc, 0xf8, 0x34,
    0xf8, 0xfc, 0xf8, 0x34, 0xf8, 0xfc, 0xf8, 0x18, 0x00, 0x00, 0x00, 0x00,
    0x00, 0x00, 0x00, 0x00, 0x00, 0x00, 0x00, 0x00, 0x00, 0x00, 0x00, 0x00,
    0x00, 0x00, 0x00, 0x00, 0x00, 0x00, 0x00, 0x00, 0x00, 0x00, 0x00, 0x00,
    0x00, 0x00, 0x00, 0x00, 0x00, 0x00, 0x00, 0x00, 0x00, 0x00, 0x00, 0x00,
    0x00, 0x00, 0x00, 0x00, 0x00, 0x00, 0x00, 0x00, 0x00, 0x00, 0x00, 0x00,
    0x00, 0x00, 0x00, 0x00, 0x00, 0x00, 0x00, 0x00, 0x00, 0x00, 0x00, 0x00,
    0x00, 0x00, 0x00, 0x00, 0x00, 0x00, 0x00, 0x00, 0x00, 0x00, 0x00, 0x00,
    0x00, 0x00, 0x00, 0x00, 0x00, 0x00, 0x00, 0x00, 0x00, 0x00, 0x00, 0x00,
    0x00, 0x00, 0x00, 0x00, 0x00, 0x00, 0x00, 0x00, 0x00, 0x00, 0x00, 0x00,
    0x00, 0x00, 0x00, 0x00, 0x00, 0x00, 0x00, 0x00, 0x00, 0x00, 0x00, 0x00,
    0x00, 0x00, 0x00, 0x00, 0x00, 0x00, 0x00, 0x00, 0x00, 0x00, 0x00, 0x00,
    0x00, 0x00, 0x00, 0x00, 0x00, 0x00, 0x00, 0x00, 0x00, 0x00, 0x00, 0x00,
    0x00, 0x00, 0x00, 0x00, 0x00, 0x00, 0x00, 0x00, 0x00, 0x00, 0x00, 0x00,
    0xf8, 0xfc, 0xf8, 0x18, 0xf8, 0xfc, 0xf8, 0x34, 0xf8, 0xfc, 0xf8, 0x34,
    0xf8, 0xfc, 0xf8, 0x34, 0xf8, 0xfc, 0xf8, 0x30, 0xf8, 0xfc, 0xf8, 0x34,
    0xf8, 0xfc, 0xf8, 0x34, 0xf8, 0xfc, 0xf8, 0x34, 0xf8, 0xfc, 0xf8, 0x34,
    0xf8, 0xfc, 0xf8, 0x30, 0xf8, 0xfc, 0xf8, 0x34, 0xf8, 0xfc, 0xf8, 0x34,
    0xf8, 0xfc, 0xf8, 0x30, 0xf8, 0xfc, 0xf8, 0x34, 0xf8, 0xfc, 0xf8, 0x34,
    0xf8, 0xfc, 0xf8, 0x34, 0xf8, 0xfc, 0xf8, 0x30, 0xf8, 0xfc, 0xf8, 0x34,
    0xf8, 0xfc, 0xf8, 0x34, 0xf8, 0xfc, 0xf8, 0x30, 0xf8, 0xfc, 0xf8, 0x34,
    0xf8, 0xfc, 0xf8, 0x34, 0xf8, 0xfc, 0xf8, 0x30, 0xf8, 0xfc, 0xf8, 0x34,
    0xf8, 0xfc, 0xf8, 0x34, 0xf8, 0xfc, 0xf8, 0x30, 0xf8, 0xfc, 0xf8, 0x34,
    0xf8, 0xfc, 0xf8, 0x34, 0xf8, 0xfc, 0xf8, 0x30, 0xf8, 0xfc, 0xf8, 0x34,
    0xf8, 0xfc, 0xf8, 0x34, 0xf8, 0xfc, 0xf8, 0x30, 0xf8, 0xfc, 0xf8, 0x24,
    0xf8, 0xfc, 0xf8, 0x0c, 0x00, 0x00, 0x00, 0x00, 0x00, 0x00, 0x00, 0x00,
    0x00, 0x00, 0x00, 0x00, 0x00, 0x00, 0x00, 0x00, 0x00, 0x00, 0x00, 0x00,
    0x00, 0x00, 0x00, 0x00, 0x00, 0x00, 0x00, 0x00, 0x00, 0x00, 0x00, 0x00,
    0x00, 0x00, 0x00, 0x00, 0x00, 0x00, 0x00, 0x00, 0x00, 0x00, 0x00, 0x00,
    0x00, 0x00, 0x00, 0x00, 0x00, 0x00, 0x00, 0x00, 0x00, 0x00, 0x00, 0x00,
    0x00, 0x00, 0x00, 0x00, 0x00, 0x00, 0x00, 0x00, 0x00, 0x00, 0x00, 0x00,
    0x00, 0x00, 0x00, 0x00, 0x00, 0x00, 0x00, 0x00, 0x00, 0x00, 0x00, 0x00,
    0x00, 0x00, 0x00, 0x00, 0x00, 0x00, 0x00, 0x00, 0x00, 0x00, 0x00, 0x00,
    0x00, 0x00, 0x00, 0x00, 0x00, 0x00, 0x00, 0x00, 0x00, 0x00, 0x00, 0x00,
    0x00, 0x00, 0x00, 0x00, 0x00, 0x00, 0x00, 0x00, 0x00, 0x00, 0x00, 0x00,
    0x00, 0x00, 0x00, 0x00, 0x00, 0x00, 0x00, 0x00, 0x00, 0x00, 0x00, 0x00,
    0x00, 0x00, 0x00, 0x00, 0x00, 0x00, 0x00, 0x00, 0x00, 0x00, 0x00, 0x00,
    0x00, 0x00, 0x00, 0x00, 0x00, 0x00, 0x00, 0x00, 0x00, 0x00, 0x00, 0x00,
    0x00, 0x00, 0x00, 0x00, 0x00, 0x00, 0x00, 0x00, 0x00, 0x00, 0x00, 0x00,
    0x00, 0x00, 0x00, 0x00, 0x00, 0x00, 0x00, 0x00, 0x00, 0x00, 0x00, 0x00,
    0x00, 0x00, 0x00, 0x00, 0x00, 0x00, 0x00, 0x00, 0xf8, 0xfc, 0xf8, 0x0c,
    0xf8, 0xfc, 0xf8, 0x24, 0xf8, 0xfc, 0xf8, 0x34, 0xf8, 0xfc, 0xf8, 0x34,
    0xf8, 0xfc, 0xf8, 0x34, 0xf8, 0xfc, 0xf8, 0x34, 0xf8, 0xfc, 0xf8, 0x34,
    0xf8, 0xfc, 0xf8, 0x34, 0xf8, 0xfc, 0xf8, 0x30, 0xf8, 0xfc, 0xf8, 0x34,
    0xf8, 0xfc, 0xf8, 0x30, 0xf8, 0xfc, 0xf8, 0x34, 0xf8, 0xfc, 0xf8, 0x34,
    0xf8, 0xfc, 0xf8, 0x34, 0xf8, 0xfc, 0xf8, 0x34, 0xf8, 0xfc, 0xf8, 0x34,
    0xf8, 0xfc, 0xf8, 0x30, 0xf8, 0xfc, 0xf8, 0x34, 0xf8, 0xfc, 0xf8, 0x30,
    0xf8, 0xfc, 0xf8, 0x34, 0xf8, 0xfc, 0xf8, 0x34, 0xf8, 0xfc, 0xf8, 0x34,
    0xf8, 0xfc, 0xf8, 0x34, 0xf8, 0xfc, 0xf8, 0x34, 0xf8, 0xfc, 0xf8, 0x34,
    0xf8, 0xfc, 0xf8, 0x34, 0xf8, 0xfc, 0xf8, 0x34, 0xf8, 0xfc, 0xf8, 0x34,
    0xf8, 0xfc, 0xf8, 0x34, 0xf8, 0xfc, 0xf8, 0x30, 0xf8, 0xfc, 0xf8, 0x34,
    0xf8, 0xfc, 0xf8, 0x34, 0xf8, 0xfc, 0xf8, 0x34, 0xf8, 0xfc, 0xf8, 0x14,
    0x00, 0x00, 0x00, 0x00, 0x00, 0x00, 0x00, 0x00, 0x00, 0x00, 0x00, 0x00,
    0x00, 0x00, 0x00, 0x00, 0x00, 0x00, 0x00, 0x00, 0x00, 0x00, 0x00, 0x00,
    0x00, 0x00, 0x00, 0x00, 0x00, 0x00, 0x00, 0x00, 0x00, 0x00, 0x00, 0x00,
    0x00, 0x00, 0x00, 0x00, 0x00, 0x00, 0x00, 0x00, 0x00, 0x00, 0x00, 0x00,
    0x00, 0x00, 0x00, 0x00, 0x00, 0x00, 0x00, 0x00, 0x00, 0x00, 0x00, 0x00,
    0x00, 0x00, 0x00, 0x00, 0x00, 0x00, 0x00, 0x00, 0x00, 0x00, 0x00, 0x00,
    0x00, 0x00, 0x00, 0x00, 0x00, 0x00, 0x00, 0x00, 0x00, 0x00, 0x00, 0x00,
    0x00, 0x00, 0x00, 0x00, 0x00, 0x00, 0x00, 0x00, 0x00, 0x00, 0x00, 0x00,
    0x00, 0x00, 0x00, 0x00, 0x00, 0x00, 0x00, 0x00, 0x00, 0x00, 0x00, 0x00,
    0x00, 0x00, 0x00, 0x00, 0x00, 0x00, 0x00, 0x00, 0x00, 0x00, 0x00, 0x00,
    0x00, 0x00, 0x00, 0x00, 0x00, 0x00, 0x00, 0x00, 0x00, 0x00, 0x00, 0x00,
    0x00, 0x00, 0x00, 0x00, 0x00, 0x00, 0x00, 0x00, 0xf8, 0xfc, 0xf8, 0x08,
    0xf8, 0xfc, 0xf8, 0x34, 0xf8, 0xfc, 0xf8, 0x34, 0xf8, 0xfc, 0xf8, 0x34,
    0xf8, 0xfc, 0xf8, 0x30, 0xf8, 0xfc, 0xf8, 0x34, 0xf8, 0xfc, 0xf8, 0x34,
    0xf8, 0xfc, 0xf8, 0x30, 0xf8, 0xfc, 0xf8, 0x34, 0xf8, 0xfc, 0xf8, 0x34,
    0xf8, 0xfc, 0xf8, 0x34, 0xf8, 0xfc, 0xf8, 0x30, 0xf8, 0xfc, 0xf8, 0x34,
    0xf8, 0xfc, 0xf8, 0x34, 0xf8, 0xfc, 0xf8, 0x30, 0xf8, 0xfc, 0xf8, 0x34,
    0xf8, 0xfc, 0xf8, 0x34, 0xf8, 0xfc, 0xf8, 0x34, 0xf8, 0xfc, 0xf8, 0x34,
    0xf8, 0xfc, 0xf8, 0x34, 0xf8, 0xfc, 0xf8, 0x34, 0xf8, 0xfc, 0xf8, 0x34,
    0xf8, 0xfc, 0xf8, 0x34, 0xf8, 0xfc, 0xf8, 0x30, 0xf8, 0xfc, 0xf8, 0x34,
    0xf8, 0xfc, 0xf8, 0x34, 0xf8, 0xfc, 0xf8, 0x34, 0xf8, 0xfc, 0xf8, 0x34,
    0xf8, 0xfc, 0xf8, 0x34, 0xf8, 0xfc, 0xf8, 0x34, 0xf8, 0xfc, 0xf8, 0x30,
    0xf8, 0xfc, 0xf8, 0x24, 0xf8, 0xfc, 0xf8, 0x0c, 0x00, 0x00, 0x00, 0x00,
    0x00, 0x00, 0x00, 0x00, 0x00, 0x00, 0x00, 0x00, 0x00, 0x00, 0x00, 0x00,
    0x00, 0x00, 0x00, 0x00, 0x00, 0x00, 0x00, 0x00, 0x00, 0x00, 0x00, 0x00,
    0x00, 0x00, 0x00, 0x00, 0x00, 0x00, 0x00, 0x00, 0x00, 0x00, 0x00, 0x00,
    0x00, 0x00, 0x00, 0x00, 0x00, 0x00, 0x00, 0x00, 0x00, 0x00, 0x00, 0x00,
    0x00, 0x00, 0x00, 0x00, 0x00, 0x00, 0x00, 0x00, 0x00, 0x00, 0x00, 0x00,
    0x00, 0x00, 0x00, 0x00, 0x00, 0x00, 0x00, 0x00, 0x00, 0x00, 0x00, 0x00,
    0x00, 0x00, 0x00, 0x00, 0x00, 0x00, 0x00, 0x00, 0x00, 0x00, 0x00, 0x00,
    0x00, 0x00, 0x00, 0x00, 0x00, 0x00, 0x00, 0x00, 0x00, 0x00, 0x00, 0x00,
    0x00, 0x00, 0x00, 0x00, 0x00, 0x00, 0x00, 0x00, 0x00, 0x00, 0x00, 0x00,
    0x00, 0x00, 0x00, 0x00, 0x00, 0x00, 0x00, 0x00, 0x00, 0x00, 0x00, 0x00,
    0x00, 0x00, 0x00, 0x00, 0x00, 0x00, 0x00, 0x00, 0x00, 0x00, 0x00, 0x00,
    0x00, 0x00, 0x00, 0x00, 0x00, 0x00, 0x00, 0x00, 0x00, 0x00, 0x00, 0x00,
    0x00, 0x00, 0x00, 0x00, 0x00, 0x00, 0x00, 0x00, 0x00, 0x00, 0x00, 0x00,
    0x00, 0x00, 0x00, 0x00, 0x00, 0x00, 0x00, 0x00, 0x00, 0x00, 0x00, 0x00,
    0x00, 0x00, 0x00, 0x00, 0x00, 0x00, 0x00, 0x00, 0x00, 0x00, 0x00, 0x00,
    0x00, 0x00, 0x00, 0x00, 0x00, 0x00, 0x00, 0x00, 0x00, 0x00, 0x00, 0x00,
    0x00, 0x00, 0x00, 0x00, 0xf8, 0xfc, 0xf8, 0x0c, 0xf8, 0xfc, 0xf8, 0x2c,
    0xf8, 0xfc, 0xf8, 0x30, 0xf8, 0xfc, 0xf8, 0x34, 0xf8, 0xfc, 0xf8, 0x34,
    0xf8, 0xfc, 0xf8, 0x34, 0xf8, 0xfc, 0xf8, 0x34, 0xf8, 0xfc, 0xf8, 0x30,
    0xf8, 0xfc, 0xf8, 0x34, 0xf8, 0xfc, 0xf8, 0x30, 0xf8, 0xfc, 0xf8, 0x30,
    0xf8, 0xfc, 0xf8, 0x34, 0xf8, 0xfc, 0xf8, 0x30, 0xf8, 0xfc, 0xf8, 0x34,
    0xf8, 0xfc, 0xf8, 0x34, 0xf8, 0xfc, 0xf8, 0x34, 0xf8, 0xfc, 0xf8, 0x34,
    0xf8, 0xfc, 0xf8, 0x30, 0xf8, 0xfc, 0xf8, 0x34, 0xf8, 0xfc, 0xf8, 0x30,
    0xf8, 0xfc, 0xf8, 0x34, 0xf8, 0xfc, 0xf8, 0x30, 0xf8, 0xfc, 0xf8, 0x34,
    0xf8, 0xfc, 0xf8, 0x30, 0xf8, 0xfc, 0xf8, 0x30, 0xf8, 0xfc, 0xf8, 0x34,
    0xf8, 0xfc, 0xf8, 0x34, 0xf8, 0xfc, 0xf8, 0x34, 0xf8, 0xfc, 0xf8, 0x34,
    0xf8, 0xfc, 0xf8, 0x34, 0xf8, 0xfc, 0xf8, 0x34, 0xf8, 0xfc, 0xf8, 0x34,
    0xf8, 0xfc, 0xf8, 0x08, 0x00, 0x00, 0x00, 0x00, 0x00, 0x00, 0x00, 0x00,
    0x00, 0x00, 0x00, 0x00, 0x00, 0x00, 0x00, 0x00, 0x00, 0x00, 0x00, 0x00,
    0x00, 0x00, 0x00, 0x00, 0x00, 0x00, 0x00, 0x00, 0x00, 0x00, 0x00, 0x00,
    0x00, 0x00, 0x00, 0x00, 0x00, 0x00, 0x00, 0x00, 0x00, 0x00, 0x00, 0x00,
    0x00, 0x00, 0x00, 0x00, 0x00, 0x00, 0x00, 0x00, 0x00, 0x00, 0x00, 0x00,
    0x00, 0x00, 0x00, 0x00, 0x00, 0x00, 0x00, 0x00, 0x00, 0x00, 0x00, 0x00,
    0x00, 0x00, 0x00, 0x00, 0x00, 0x00, 0x00, 0x00, 0x00, 0x00, 0x00, 0x00,
    0x00, 0x00, 0x00, 0x00, 0x00, 0x00, 0x00, 0x00, 0x00, 0x00, 0x00, 0x00,
    0x00, 0x00, 0x00, 0x00, 0x00, 0x00, 0x00, 0x00, 0x00, 0x00, 0x00, 0x00,
    0x00, 0x00, 0x00, 0x00, 0x00, 0x00, 0x00, 0x00, 0x00, 0x00, 0x00, 0x00,
    0x00, 0x00, 0x00, 0x00, 0x00, 0x00, 0x00, 0x00, 0x00, 0x00, 0x00, 0x00,
    0x00, 0x00, 0x00, 0x00, 0xf8, 0xfc, 0xf8, 0x08, 0xf8, 0xfc, 0xf8, 0x2c,
    0xf8, 0xfc, 0xf8, 0x34, 0xf8, 0xfc, 0xf8, 0x34, 0xf8, 0xfc, 0xf8, 0x30,
    0xf8, 0xfc, 0xf8, 0x34, 0xf8, 0xfc, 0xf8, 0x34, 0xf8, 0xfc, 0xf8, 0x34,
    0xf8, 0xfc, 0xf8, 0x30, 0xf8, 0xfc, 0xf8, 0x34, 0xf8, 0xfc, 0xf8, 0x34,
    0xf8, 0xfc, 0xf8, 0x34, 0xf8, 0xfc, 0xf8, 0x34, 0xf8, 0xfc, 0xf8, 0x34,
    0xf8, 0xfc, 0xf8, 0x34, 0xf8, 0xfc, 0xf8, 0x34, 0xf8, 0xfc, 0xf8, 0x30,
    0xf8, 0xfc, 0xf8, 0x34, 0xf8, 0xfc, 0xf8, 0x30, 0xf8, 0xfc, 0xf8, 0x34,
    0xf8, 0xfc, 0xf8, 0x30, 0xf8, 0xfc, 0xf8, 0x34, 0xf8, 0xfc, 0xf8, 0x34,
    0xf8, 0xfc, 0xf8, 0x30, 0xf8, 0xfc, 0xf8, 0x34, 0xf8, 0xfc, 0xf8, 0x34,
    0xf8, 0xfc, 0xf8, 0x30, 0xf8, 0xfc, 0xf8, 0x34, 0xf8, 0xfc, 0xf8, 0x30,
    0xf8, 0xfc, 0xf8, 0x34, 0xf8, 0xfc, 0xf8, 0x30, 0xf8, 0xfc, 0xf8, 0x14,
    0x00, 0x00, 0x00, 0x00, 0x00, 0x00, 0x00, 0x00, 0x00, 0x00, 0x00, 0x00,
    0x00, 0x00, 0x00, 0x00, 0x00, 0x00, 0x00, 0x00, 0x00, 0x00, 0x00, 0x00,
    0x00, 0x00, 0x00, 0x00, 0x00, 0x00, 0x00, 0x00, 0x00, 0x00, 0x00, 0x00,
    0x00, 0x00, 0x00, 0x00, 0x00, 0x00, 0x00, 0x00, 0x00, 0x00, 0x00, 0x00,
    0x00, 0x00, 0x00, 0x00, 0x00, 0x00, 0x00, 0x00, 0x00, 0x00, 0x00, 0x00,
    0x00, 0x00, 0x00, 0x00, 0x00, 0x00, 0x00, 0x00, 0x00, 0x00, 0x00, 0x00,
    0x00, 0x00, 0x00, 0x00, 0x00, 0x00, 0x00, 0x00, 0x00, 0x00, 0x00, 0x00,
    0x00, 0x00, 0x00, 0x00, 0x00, 0x00, 0x00, 0x00, 0x00, 0x00, 0x00, 0x00,
    0x00, 0x00, 0x00, 0x00, 0x00, 0x00, 0x00, 0x00, 0x00, 0x00, 0x00, 0x00,
    0x00, 0x00, 0x00, 0x00, 0x00, 0x00, 0x00, 0x00, 0x00, 0x00, 0x00, 0x00,
    0x00, 0x00, 0x00, 0x00, 0x00, 0x00, 0x00, 0x00, 0x00, 0x00, 0x00, 0x00,
    0x00, 0x00, 0x00, 0x00, 0x00, 0x00, 0x00, 0x00, 0x00, 0x00, 0x00, 0x00,
    0x00, 0x00, 0x00, 0x00, 0x00, 0x00, 0x00, 0x00, 0x00, 0x00, 0x00, 0x00,
    0x00, 0x00, 0x00, 0x00, 0x00, 0x00, 0x00, 0x00, 0x00, 0x00, 0x00, 0x00,
    0x00, 0x00, 0x00, 0x00, 0x00, 0x00, 0x00, 0x00, 0x00, 0x00, 0x00, 0x00,
    0x00, 0x00, 0x00, 0x00, 0x00, 0x00, 0x00, 0x00, 0x00, 0x00, 0x00, 0x00,
    0x00, 0x00, 0x00, 0x00, 0x00, 0x00, 0x00, 0x00, 0x00, 0x00, 0x00, 0x00,
    0x00, 0x00, 0x00, 0x00, 0x00, 0x00, 0x00, 0x00, 0x00, 0x00, 0x00, 0x00,
    0xf8, 0xfc, 0xf8, 0x14, 0xf8, 0xfc, 0xf8, 0x2c, 0xf8, 0xfc, 0xf8, 0x30,
    0xf8, 0xfc, 0xf8, 0x34, 0xf8, 0xfc, 0xf8, 0x34, 0xf8, 0xfc, 0xf8, 0x34,
    0xf8, 0xfc, 0xf8, 0x34, 0xf8, 0xfc, 0xf8, 0x34, 0xf8, 0xfc, 0xf8, 0x34,
    0xf8, 0xfc, 0xf8, 0x34, 0xf8, 0xfc, 0xf8, 0x34, 0xf8, 0xfc, 0xf8, 0x30,
    0xf8, 0xfc, 0xf8, 0x34, 0xf8, 0xfc, 0xf8, 0x34, 0xf8, 0xfc, 0xf8, 0x34,
    0xf8, 0xfc, 0xf8, 0x34, 0xf8, 0xfc, 0xf8, 0x34, 0xf8, 0xfc, 0xf8, 0x34,
    0xf8, 0xfc, 0xf8, 0x30, 0xf8, 0xfc, 0xf8, 0x34, 0xf8, 0xfc, 0xf8, 0x34,
    0xf8, 0xfc, 0xf8, 0x34, 0xf8, 0xfc, 0xf8, 0x34, 0xf8, 0xfc, 0xf8, 0x30,
    0xf8, 0xfc, 0xf8, 0x34, 0xf8, 0xfc, 0xf8, 0x34, 0xf8, 0xfc, 0xf8, 0x30,
    0xf8, 0xfc, 0xf8, 0x30, 0xf8, 0xfc, 0xf8, 0x34, 0xf8, 0xfc, 0xf8, 0x34,
    0xf8, 0xfc, 0xf8, 0x2c, 0xf8, 0xfc, 0xf8, 0x08, 0x00, 0x00, 0x00, 0x00,
    0x00, 0x00, 0x00, 0x00, 0x00, 0x00, 0x00, 0x00, 0x00, 0x00, 0x00, 0x00,
    0x00, 0x00, 0x00, 0x00, 0x00, 0x00, 0x00, 0x00, 0x00, 0x00, 0x00, 0x00,
    0x00, 0x00, 0x00, 0x00, 0x00, 0x00, 0x00, 0x00, 0x00, 0x00, 0x00, 0x00,
    0x00, 0x00, 0x00, 0x00, 0x00, 0x00, 0x00, 0x00, 0x00, 0x00, 0x00, 0x00,
    0x00, 0x00, 0x00, 0x00, 0x00, 0x00, 0x00, 0x00, 0x00, 0x00, 0x00, 0x00,
    0x00, 0x00, 0x00, 0x00, 0x00, 0x00, 0x00, 0x00, 0x00, 0x00, 0x00, 0x00,
    0x00, 0x00, 0x00, 0x00, 0x00, 0x00, 0x00, 0x00, 0x00, 0x00, 0x00, 0x00,
    0x00, 0x00, 0x00, 0x00, 0x00, 0x00, 0x00, 0x00, 0x00, 0x00, 0x00, 0x00,
    0x00, 0x00, 0x00, 0x00, 0x00, 0x00, 0x00, 0x00, 0x00, 0x00, 0x00, 0x00,
    0x00, 0x00, 0x00, 0x00, 0x00, 0x00, 0x00, 0x00, 0x00, 0x00, 0x00, 0x00,
    0xf8, 0xfc, 0xf8, 0x04, 0xf8, 0xfc, 0xf8, 0x2c, 0xf8, 0xfc, 0xf8, 0x34,
    0xf8, 0xfc, 0xf8, 0x34, 0xf8, 0xfc, 0xf8, 0x34, 0xf8, 0xfc, 0xf8, 0x34,
    0xf8, 0xfc, 0xf8, 0x34, 0xf8, 0xfc, 0xf8, 0x34, 0xf8, 0xfc, 0xf8, 0x30,
    0xf8, 0xfc, 0xf8, 0x34, 0xf8, 0xfc, 0xf8, 0x34, 0xf8, 0xfc, 0xf8, 0x30,
    0xf8, 0xfc, 0xf8, 0x30, 0xf8, 0xfc, 0xf8, 0x34, 0xf8, 0xfc, 0xf8, 0x30,
    0xf8, 0xfc, 0xf8, 0x34, 0xf8, 0xfc, 0xf8, 0x34, 0xf8, 0xfc, 0xf8, 0x34,
    0xf8, 0xfc, 0xf8, 0x34, 0xf8, 0xfc, 0xf8, 0x34, 0xf8, 0xfc, 0xf8, 0x30,
    0xf8, 0xfc, 0xf8, 0x34, 0xf8, 0xfc, 0xf8, 0x34, 0xf8, 0xfc, 0xf8, 0x30,
    0xf8, 0xfc, 0xf8, 0x34, 0xf8, 0xfc, 0xf8, 0x34, 0xf8, 0xfc, 0xf8, 0x34,
    0xf8, 0xfc, 0xf8, 0x34, 0xf8, 0xfc, 0xf8, 0x34, 0xf8, 0xfc, 0xf8, 0x30,
    0xf8, 0xfc, 0xf8, 0x1c, 0xf8, 0xfc, 0xf8, 0x04, 0x00, 0x00, 0x00, 0x00,
    0x00, 0x00, 0x00, 0x00, 0x00, 0x00, 0x00, 0x00, 0x00, 0x00, 0x00, 0x00,
    0x00, 0x00, 0x00, 0x00, 0x00, 0x00, 0x00, 0x00, 0x00, 0x00, 0x00, 0x00,
    0x00, 0x00, 0x00, 0x00, 0x00, 0x00, 0x00, 0x00, 0x00, 0x00, 0x00, 0x00,
    0x00, 0x00, 0x00, 0x00, 0x00, 0x00, 0x00, 0x00, 0x00, 0x00, 0x00, 0x00,
    0x00, 0x00, 0x00, 0x00, 0x00, 0x00, 0x00, 0x00, 0x00, 0x00, 0x00, 0x00,
    0x00, 0x00, 0x00, 0x00, 0x00, 0x00, 0x00, 0x00, 0x00, 0x00, 0x00, 0x00,
    0x00, 0x00, 0x00, 0x00, 0x00, 0x00, 0x00, 0x00, 0x00, 0x00, 0x00, 0x00,
    0x00, 0x00, 0x00, 0x00, 0x00, 0x00, 0x00, 0x00, 0x00, 0x00, 0x00, 0x00,
    0x00, 0x00, 0x00, 0x00, 0x00, 0x00, 0x00, 0x00, 0x00, 0x00, 0x00, 0x00,
    0x00, 0x00, 0x00, 0x00, 0x00, 0x00, 0x00, 0x00, 0x00, 0x00, 0x00, 0x00,
    0x00, 0x00, 0x00, 0x00, 0x00, 0x00, 0x00, 0x00, 0x00, 0x00, 0x00, 0x00,
    0x00, 0x00, 0x00, 0x00, 0x00, 0x00, 0x00, 0x00, 0x00, 0x00, 0x00, 0x00,
    0x00, 0x00, 0x00, 0x00, 0x00, 0x00, 0x00, 0x00, 0x00, 0x00, 0x00, 0x00,
    0x00, 0x00, 0x00, 0x00, 0x00, 0x00, 0x00, 0x00, 0x00, 0x00, 0x00, 0x00,
    0x00, 0x00, 0x00, 0x00, 0x00, 0x00, 0x00, 0x00, 0x00, 0x00, 0x00, 0x00,
    0x00, 0x00, 0x00, 0x00, 0x00, 0x00, 0x00, 0x00, 0x00, 0x00, 0x00, 0x00,
    0x00, 0x00, 0x00, 0x00, 0x00, 0x00, 0x00, 0x00, 0x00, 0x00, 0x00, 0x00,
    0x00, 0x00, 0x00, 0x00, 0x00, 0x00, 0x00, 0x00, 0x00, 0x00, 0x00, 0x00,
    0x00, 0x00, 0x00, 0x00, 0xf8, 0xfc, 0xf8, 0x04, 0xf8, 0xfc, 0xf8, 0x1c,
    0xf8, 0xfc, 0xf8, 0x34, 0xf8, 0xfc, 0xf8, 0x30, 0xf8, 0xfc, 0xf8, 0x34,
    0xf8, 0xfc, 0xf8, 0x34, 0xf8, 0xfc, 0xf8, 0x34, 0xf8, 0xfc, 0xf8, 0x34,
    0xf8, 0xfc, 0xf8, 0x34, 0xf8, 0xfc, 0xf8, 0x34, 0xf8, 0xfc, 0xf8, 0x34,
    0xf8, 0xfc, 0xf8, 0x30, 0xf8, 0xfc, 0xf8, 0x34, 0xf8, 0xfc, 0xf8, 0x30,
    0xf8, 0xfc, 0xf8, 0x34, 0xf8, 0xfc, 0xf8, 0x34, 0xf8, 0xfc, 0xf8, 0x34,
    0xf8, 0xfc, 0xf8, 0x34, 0xf8, 0xfc, 0xf8, 0x34, 0xf8, 0xfc, 0xf8, 0x34,
    0xf8, 0xfc, 0xf8, 0x34, 0xf8, 0xfc, 0xf8, 0x34, 0xf8, 0xfc, 0xf8, 0x34,
    0xf8, 0xfc, 0xf8, 0x30, 0xf8, 0xfc, 0xf8, 0x34, 0xf8, 0xfc, 0xf8, 0x34,
    0xf8, 0xfc, 0xf8, 0x34, 0xf8, 0xfc, 0xf8, 0x34, 0xf8, 0xfc, 0xf8, 0x30,
    0xf8, 0xfc, 0xf8, 0x34, 0xf8, 0xfc, 0xf8, 0x28, 0xf8, 0xfc, 0xf8, 0x04,
    0x00, 0x00, 0x00, 0x00, 0x00, 0x00, 0x00, 0x00, 0x00, 0x00, 0x00, 0x00,
    0x00, 0x00, 0x00, 0x00, 0x00, 0x00, 0x00, 0x00, 0x00, 0x00, 0x00, 0x00,
    0x00, 0x00, 0x00, 0x00, 0x00, 0x00, 0x00, 0x00, 0x00, 0x00, 0x00, 0x00,
    0x00, 0x00, 0x00, 0x00, 0x00, 0x00, 0x00, 0x00, 0x00, 0x00, 0x00, 0x00,
    0x00, 0x00, 0x00, 0x00, 0x00, 0x00, 0x00, 0x00, 0x00, 0x00, 0x00, 0x00,
    0x00, 0x00, 0x00, 0x00, 0x00, 0x00, 0x00, 0x00, 0x00, 0x00, 0x00, 0x00,
    0x00, 0x00, 0x00, 0x00, 0x00, 0x00, 0x00, 0x00, 0x00, 0x00, 0x00, 0x00,
    0x00, 0x00, 0x00, 0x00, 0x00, 0x00, 0x00, 0x00, 0x00, 0x00, 0x00, 0x00,
    0x00, 0x00, 0x00, 0x00, 0x00, 0x00, 0x00, 0x00, 0x00, 0x00, 0x00, 0x00,
    0x00, 0x00, 0x00, 0x00, 0x00, 0x00, 0x00, 0x00, 0x00, 0x00, 0x00, 0x00,
    0xf8, 0xfc, 0xf8, 0x1c, 0xf8, 0xfc, 0xf8, 0x34, 0xf8, 0xfc, 0xf8, 0x34,
    0xf8, 0xfc, 0xf8, 0x30, 0xf8, 0xfc, 0xf8, 0x34, 0xf8, 0xfc, 0xf8, 0x30,
    0xf8, 0xfc, 0xf8, 0x34, 0xf8, 0xfc, 0xf8, 0x34, 0xf8, 0xfc, 0xf8, 0x34,
    0xf8, 0xfc, 0xf8, 0x34, 0xf8, 0xfc, 0xf8, 0x34, 0xf8, 0xfc, 0xf8, 0x34,
    0xf8, 0xfc, 0xf8, 0x34, 0xf8, 0xfc, 0xf8, 0x34, 0xf8, 0xfc, 0xf8, 0x30,
    0xf8, 0xfc, 0xf8, 0x34, 0xf8, 0xfc, 0xf8, 0x34, 0xf8, 0xfc, 0xf8, 0x30,
    0xf8, 0xfc, 0xf8, 0x34, 0xf8, 0xfc, 0xf8, 0x34, 0xf8, 0xfc, 0xf8, 0x34,
    0xf8, 0xfc, 0xf8, 0x34, 0xf8, 0xfc, 0xf8, 0x34, 0xf8, 0xfc, 0xf8, 0x34,
    0xf8, 0xfc, 0xf8, 0x34, 0xf8, 0xfc, 0xf8, 0x30, 0xf8, 0xfc, 0xf8, 0x34,
    0xf8, 0xfc, 0xf8, 0x34, 0xf8, 0xfc, 0xf8, 0x2c, 0xf8, 0xfc, 0xf8, 0x0c,
    0x00, 0x00, 0x00, 0x00, 0x00, 0x00, 0x00, 0x00, 0x00, 0x00, 0x00, 0x00,
    0x00, 0x00, 0x00, 0x00, 0x00, 0x00, 0x00, 0x00, 0x00, 0x00, 0x00, 0x00,
    0x00, 0x00, 0x00, 0x00, 0x00, 0x00, 0x00, 0x00, 0x00, 0x00, 0x00, 0x00,
    0x00, 0x00, 0x00, 0x00, 0x00, 0x00, 0x00, 0x00, 0x00, 0x00, 0x00, 0x00,
    0x00, 0x00, 0x00, 0x00, 0x00, 0x00, 0x00, 0x00, 0x00, 0x00, 0x00, 0x00,
    0x00, 0x00, 0x00, 0x00, 0x00, 0x00, 0x00, 0x00, 0x00, 0x00, 0x00, 0x00,
    0x00, 0x00, 0x00, 0x00, 0x00, 0x00, 0x00, 0x00, 0x00, 0x00, 0x00, 0x00,
    0x00, 0x00, 0x00, 0x00, 0x00, 0x00, 0x00, 0x00, 0x00, 0x00, 0x00, 0x00,
    0x00, 0x00, 0x00, 0x00, 0x00, 0x00, 0x00, 0x00, 0x00, 0x00, 0x00, 0x00,
    0x00, 0x00, 0x00, 0x00, 0x00, 0x00, 0x00, 0x00, 0x00, 0x00, 0x00, 0x00,
    0x00, 0x00, 0x00, 0x00, 0x00, 0x00, 0x00, 0x00, 0x00, 0x00, 0x00, 0x00,
    0x00, 0x00, 0x00, 0x00, 0x00, 0x00, 0x00, 0x00, 0x00, 0x00, 0x00, 0x00,
    0x00, 0x00, 0x00, 0x00, 0x00, 0x00, 0x00, 0x00, 0x00, 0x00, 0x00, 0x00,
    0x00, 0x00, 0x00, 0x00, 0x00, 0x00, 0x00, 0x00, 0x00, 0x00, 0x00, 0x00,
    0x00, 0x00, 0x00, 0x00, 0x00, 0x00, 0x00, 0x00, 0x00, 0x00, 0x00, 0x00,
    0x00, 0x00, 0x00, 0x00, 0x00, 0x00, 0x00, 0x00, 0x00, 0x00, 0x00, 0x00,
    0x00, 0x00, 0x00, 0x00, 0x00, 0x00, 0x00, 0x00, 0x00, 0x00, 0x00, 0x00,
    0x00, 0x00, 0x00, 0x00, 0x00, 0x00, 0x00, 0x00, 0x00, 0x00, 0x00, 0x00,
    0x00, 0x00, 0x00, 0x00, 0x00, 0x00, 0x00, 0x00, 0x00, 0x00, 0x00, 0x00,
    0x00, 0x00, 0x00, 0x00, 0x00, 0x00, 0x00, 0x00, 0x00, 0x00, 0x00, 0x00,
    0xf8, 0xfc, 0xf8, 0x04, 0xf8, 0xfc, 0xf8, 0x2c, 0xf8, 0xfc, 0xf8, 0x34,
    0xf8, 0xfc, 0xf8, 0x30, 0xf8, 0xfc, 0xf8, 0x30, 0xf8, 0xfc, 0xf8, 0x34,
    0xf8, 0xfc, 0xf8, 0x30, 0xf8, 0xfc, 0xf8, 0x34, 0xf8, 0xfc, 0xf8, 0x34,
    0xf8, 0xfc, 0xf8, 0x34, 0xf8, 0xfc, 0xf8, 0x34, 0xf8, 0xfc, 0xf8, 0x30,
    0xf8, 0xfc, 0xf8, 0x34, 0xf8, 0xfc, 0xf8, 0x30, 0xf8, 0xfc, 0xf8, 0x30,
    0xf8, 0xfc, 0xf8, 0x34, 0xf8, 0xfc, 0xf8, 0x30, 0xf8, 0xfc, 0xf8, 0x30,
    0xf8, 0xfc, 0xf8, 0x34, 0xf8, 0xfc, 0xf8, 0x34, 0xf8, 0xfc, 0xf8, 0x34,
    0xf8, 0xfc, 0xf8, 0x34, 0xf8, 0xfc, 0xf8, 0x30, 0xf8, 0xfc, 0xf8, 0x34,
    0xf8, 0xfc, 0xf8, 0x34, 0xf8, 0xfc, 0xf8, 0x34, 0xf8, 0xfc, 0xf8, 0x34,
    0xf8, 0xfc, 0xf8, 0x34, 0xf8, 0xfc, 0xf8, 0x34, 0xf8, 0xfc, 0xf8, 0x1c,
    0x00, 0x00, 0x00, 0x00, 0x00, 0x00, 0x00, 0x00, 0x00, 0x00, 0x00, 0x00,
    0x00, 0x00, 0x00, 0x00, 0x00, 0x00, 0x00, 0x00, 0x00, 0x00, 0x00, 0x00,
    0x00, 0x00, 0x00, 0x00, 0x00, 0x00, 0x00, 0x00, 0x00, 0x00, 0x00, 0x00,
    0x00, 0x00, 0x00, 0x00, 0x00, 0x00, 0x00, 0x00, 0x00, 0x00, 0x00, 0x00,
    0x00, 0x00, 0x00, 0x00, 0x00, 0x00, 0x00, 0x00, 0x00, 0x00, 0x00, 0x00,
    0x00, 0x00, 0x00, 0x00, 0x00, 0x00, 0x00, 0x00, 0x00, 0x00, 0x00, 0x00,
    0x00, 0x00, 0x00, 0x00, 0x00, 0x00, 0x00, 0x00, 0x00, 0x00, 0x00, 0x00,
    0x00, 0x00, 0x00, 0x00, 0x00, 0x00, 0x00, 0x00, 0x00, 0x00, 0x00, 0x00,
    0x00, 0x00, 0x00, 0x00, 0x00, 0x00, 0x00, 0x00, 0x00, 0x00, 0x00, 0x00,
    0x00, 0x00, 0x00, 0x00, 0x00, 0x00, 0x00, 0x00, 0xf8, 0xfc, 0xf8, 0x18,
    0xf8, 0xfc, 0xf8, 0x34, 0xf8, 0xfc, 0xf8, 0x34, 0xf8, 0xfc, 0xf8, 0x34,
    0xf8, 0xfc, 0xf8, 0x34, 0xf8, 0xfc, 0xf8, 0x30, 0xf8, 0xfc, 0xf8, 0x34,
    0xf8, 0xfc, 0xf8, 0x34, 0xf8, 0xfc, 0xf8, 0x30, 0xf8, 0xfc, 0xf8, 0x34,
    0xf8, 0xfc, 0xf8, 0x30, 0xf8, 0xfc, 0xf8, 0x34, 0xf8, 0xfc, 0xf8, 0x34,
    0xf8, 0xfc, 0xf8, 0x34, 0xf8, 0xfc, 0xf8, 0x34, 0xf8, 0xfc, 0xf8, 0x34,
    0xf8, 0xfc, 0xf8, 0x34, 0xf8, 0xfc, 0xf8, 0x30, 0xf8, 0xfc, 0xf8, 0x34,
    0xf8, 0xfc, 0xf8, 0x34, 0xf8, 0xfc, 0xf8, 0x30, 0xf8, 0xfc, 0xf8, 0x34,
    0xf8, 0xfc, 0xf8, 0x30, 0xf8, 0xfc, 0xf8, 0x34, 0xf8, 0xfc, 0xf8, 0x34,
    0xf8, 0xfc, 0xf8, 0x30, 0xf8, 0xfc, 0xf8, 0x34, 0xf8, 0xfc, 0xf8, 0x34,
    0xf8, 0xfc, 0xf8, 0x1c, 0xf8, 0xfc, 0xf8, 0x00, 0x00, 0x00, 0x00, 0x00,
    0x00, 0x00, 0x00, 0x00, 0x00, 0x00, 0x00, 0x00, 0x00, 0x00, 0x00, 0x00,
    0x00, 0x00, 0x00, 0x00, 0x00, 0x00, 0x00, 0x00, 0x00, 0x00, 0x00, 0x00,
    0x00, 0x00, 0x00, 0x00, 0x00, 0x00, 0x00, 0x00, 0x00, 0x00, 0x00, 0x00,
    0x00, 0x00, 0x00, 0x00, 0x00, 0x00, 0x00, 0x00, 0x00, 0x00, 0x00, 0x00,
    0x00, 0x00, 0x00, 0x00, 0x00, 0x00, 0x00, 0x00, 0x00, 0x00, 0x00, 0x00,
    0x00, 0x00, 0x00, 0x00, 0x00, 0x00, 0x00, 0x00, 0x00, 0x00, 0x00, 0x00,
    0x00, 0x00, 0x00, 0x00, 0x00, 0x00, 0x00, 0x00, 0x00, 0x00, 0x00, 0x00,
    0x00, 0x00, 0x00, 0x00, 0x00, 0x00, 0x00, 0x00, 0x00, 0x00, 0x00, 0x00,
    0x00, 0x00, 0x00, 0x00, 0x00, 0x00, 0x00, 0x00, 0x00, 0x00, 0x00, 0x00,
    0x00, 0x00, 0x00, 0x00, 0x00, 0x00, 0x00, 0x00, 0x00, 0x00, 0x00, 0x00,
    0x00, 0x00, 0x00, 0x00, 0x00, 0x00, 0x00, 0x00, 0x00, 0x00, 0x00, 0x00,
    0x00, 0x00, 0x00, 0x00, 0x00, 0x00, 0x00, 0x00, 0x00, 0x00, 0x00, 0x00,
    0x00, 0x00, 0x00, 0x00, 0x00, 0x00, 0x00, 0x00, 0x00, 0x00, 0x00, 0x00,
    0x00, 0x00, 0x00, 0x00, 0x00, 0x00, 0x00, 0x00, 0x00, 0x00, 0x00, 0x00,
    0x00, 0x00, 0x00, 0x00, 0x00, 0x00, 0x00, 0x00, 0x00, 0x00, 0x00, 0x00,
    0x00, 0x00, 0x00, 0x00, 0x00, 0x00, 0x00, 0x00, 0x00, 0x00, 0x00, 0x00,
    0x00, 0x00, 0x00, 0x00, 0x00, 0x00, 0x00, 0x00, 0x00, 0x00, 0x00, 0x00,
    0x00, 0x00, 0x00, 0x00, 0x00, 0x00, 0x00, 0x00, 0x00, 0x00, 0x00, 0x00,
    0x00, 0x00, 0x00, 0x00, 0x00, 0x00, 0x00, 0x00, 0x00, 0x00, 0x00, 0x00,
    0x00, 0x00, 0x00, 0x00, 0x00, 0x00, 0x00, 0x00, 0x00, 0x00, 0x00, 0x00,
    0x00, 0x00, 0x00, 0x00, 0xf8, 0xfc, 0xf8, 0x04, 0xf8, 0xfc, 0xf8, 0x1c,
    0xf8, 0xfc, 0xf8, 0x34, 0xf8, 0xfc, 0xf8, 0x34, 0xf8, 0xfc, 0xf8, 0x34,
    0xf8, 0xfc, 0xf8, 0x30, 0xf8, 0xfc, 0xf8, 0x34, 0xf8, 0xfc, 0xf8, 0x30,
    0xf8, 0xfc, 0xf8, 0x34, 0xf8, 0xfc, 0xf8, 0x34, 0xf8, 0xfc, 0xf8, 0x34,
    0xf8, 0xfc, 0xf8, 0x34, 0xf8, 0xfc, 0xf8, 0x34, 0xf8, 0xfc, 0xf8, 0x34,
    0xf8, 0xfc, 0xf8, 0x34, 0xf8, 0xfc, 0xf8, 0x34, 0xf8, 0xfc, 0xf8, 0x34,
    0xf8, 0xfc, 0xf8, 0x30, 0xf8, 0xfc, 0xf8, 0x34, 0xf8, 0xfc, 0xf8, 0x34,
    0xf8, 0xfc, 0xf8, 0x30, 0xf8, 0xfc, 0xf8, 0x34, 0xf8, 0xfc, 0xf8, 0x34,
    0xf8, 0xfc, 0xf8, 0x30, 0xf8, 0xfc, 0xf8, 0x34, 0xf8, 0xfc, 0xf8, 0x34,
    0xf8, 0xfc, 0xf8, 0x30, 0xf8, 0xfc, 0xf8, 0x34, 0xf8, 0xfc, 0xf8, 0x34,
    0xf8, 0xfc, 0xf8, 0x14, 0x00, 0x00, 0x00, 0x00, 0x00, 0x00, 0x00, 0x00,
    0x00, 0x00, 0x00, 0x00, 0x00, 0x00, 0x00, 0x00, 0x00, 0x00, 0x00, 0x00,
    0x00, 0x00, 0x00, 0x00, 0x00, 0x00, 0x00, 0x00, 0x00, 0x00, 0x00, 0x00,
    0x00, 0x00, 0x00, 0x00, 0x00, 0x00, 0x00, 0x00, 0x00, 0x00, 0x00, 0x00,
    0x00, 0x00, 0x00, 0x00, 0x00, 0x00, 0x00, 0x00, 0x00, 0x00, 0x00, 0x00,
    0x00, 0x00, 0x00, 0x00, 0x00, 0x00, 0x00, 0x00, 0x00, 0x00, 0x00, 0x00,
    0x00, 0x00, 0x00, 0x00, 0x00, 0x00, 0x00, 0x00, 0x00, 0x00, 0x00, 0x00,
    0x00, 0x00, 0x00, 0x00, 0x00, 0x00, 0x00, 0x00, 0x00, 0x00, 0x00, 0x00,
    0x00, 0x00, 0x00, 0x00, 0x00, 0x00, 0x00, 0x00, 0x00, 0x00, 0x00, 0x00,
    0x00, 0x00, 0x00, 0x00, 0xf8, 0xfc, 0xf8, 0x08, 0xf8, 0xfc, 0xf8, 0x30,
    0xf8, 0xfc, 0xf8, 0x30, 0xf8, 0xfc, 0xf8, 0x34, 0xf8, 0xfc, 0xf8, 0x34,
    0xf8, 0xfc, 0xf8, 0x30, 0xf8, 0xfc, 0xf8, 0x34, 0xf8, 0xfc, 0xf8, 0x34,
    0xf8, 0xfc, 0xf8, 0x34, 0xf8, 0xfc, 0xf8, 0x34, 0xf8, 0xfc, 0xf8, 0x30,
    0xf8, 0xfc, 0xf8, 0x34, 0xf8, 0xfc, 0xf8, 0x34, 0xf8, 0xfc, 0xf8, 0x30,
    0xf8, 0xfc, 0xf8, 0x30, 0xf8, 0xfc, 0xf8, 0x34, 0xf8, 0xfc, 0xf8, 0x34,
    0xf8, 0xfc, 0xf8, 0x30, 0xf8, 0xfc, 0xf8, 0x34, 0xf8, 0xfc, 0xf8, 0x34,
    0xf8, 0xfc, 0xf8, 0x34, 0xf8, 0xfc, 0xf8, 0x34, 0xf8, 0xfc, 0xf8, 0x30,
    0xf8, 0xfc, 0xf8, 0x34, 0xf8, 0xfc, 0xf8, 0x34, 0xf8, 0xfc, 0xf8, 0x30,
    0xf8, 0xfc, 0xf8, 0x34, 0xf8, 0xfc, 0xf8, 0x30, 0xf8, 0xfc, 0xf8, 0x14,
    0x00, 0x00, 0x00, 0x00, 0x00, 0x00, 0x00, 0x00, 0x00, 0x00, 0x00, 0x00,
    0x00, 0x00, 0x00, 0x00, 0x00, 0x00, 0x00, 0x00, 0x00, 0x00, 0x00, 0x00,
    0x00, 0x00, 0x00, 0x00, 0x00, 0x00, 0x00, 0x00, 0x00, 0x00, 0x00, 0x00,
    0x00, 0x00, 0x00, 0x00, 0x00, 0x00, 0x00, 0x00, 0x00, 0x00, 0x00, 0x00,
    0x00, 0x00, 0x00, 0x00, 0x00, 0x00, 0x00, 0x00, 0x00, 0x00, 0x00, 0x00,
    0x00, 0x00, 0x00, 0x00, 0x00, 0x00, 0x00, 0x00, 0x00, 0x00, 0x00, 0x00,
    0x00, 0x00, 0x00, 0x00, 0x00, 0x00, 0x00, 0x00, 0x00, 0x00, 0x00, 0x00,
    0x00, 0x00, 0x00, 0x00, 0x00, 0x00, 0x00, 0x00, 0x00, 0x00, 0x00, 0x00,
    0x00, 0x00, 0x00, 0x00, 0x00, 0x00, 0x00, 0x00, 0x00, 0x00, 0x00, 0x00,
    0x00, 0x00, 0x00, 0x00, 0x00, 0x00, 0x00, 0x00, 0x00, 0x00, 0x00, 0x00,
    0x00, 0x00, 0x00, 0x00, 0x00, 0x00, 0x00, 0x00, 0x00, 0x00, 0x00, 0x00,
    0x00, 0x00, 0x00, 0x00, 0x00, 0x00, 0x00, 0x00, 0x00, 0x00, 0x00, 0x00,
    0x00, 0x00, 0x00, 0x00, 0x00, 0x00, 0x00, 0x00, 0x00, 0x00, 0x00, 0x00,
    0x00, 0x00, 0x00, 0x00, 0x00, 0x00, 0x00, 0x00, 0x00, 0x00, 0x00, 0x00,
    0x00, 0x00, 0x00, 0x00, 0x00, 0x00, 0x00, 0x00, 0x00, 0x00, 0x00, 0x00,
    0x00, 0x00, 0x00, 0x00, 0x00, 0x00, 0x00, 0x00, 0x00, 0x00, 0x00, 0x00,
    0x00, 0x00, 0x00, 0x00, 0x00, 0x00, 0x00, 0x00, 0x00, 0x00, 0x00, 0x00,
    0x00, 0x00, 0x00, 0x00, 0x00, 0x00, 0x00, 0x00, 0x00, 0x00, 0x00, 0x00,
    0x00, 0x00, 0x00, 0x00, 0x00, 0x00, 0x00, 0x00, 0x00, 0x00, 0x00, 0x00,
    0x00, 0x00, 0x00, 0x00, 0x00, 0x00, 0x00, 0x00, 0x00, 0x00, 0x00, 0x00,
    0x00, 0x00, 0x00, 0x00, 0x00, 0x00, 0x00, 0x00, 0x00, 0x00, 0x00, 0x00,
    0x00, 0x00, 0x00, 0x00, 0x00, 0x00, 0x00, 0x00, 0x00, 0x00, 0x00, 0x00,
    0xf8, 0xfc, 0xf8, 0x14, 0xf8, 0xfc, 0xf8, 0x34, 0xf8, 0xfc, 0xf8, 0x34,
    0xf8, 0xfc, 0xf8, 0x34, 0xf8, 0xfc, 0xf8, 0x34, 0xf8, 0xfc, 0xf8, 0x34,
    0xf8, 0xfc, 0xf8, 0x30, 0xf8, 0xfc, 0xf8, 0x34, 0xf8, 0xfc, 0xf8, 0x34,
    0xf8, 0xfc, 0xf8, 0x30, 0xf8, 0xfc, 0xf8, 0x34, 0xf8, 0xfc, 0xf8, 0x34,
    0xf8, 0xfc, 0xf8, 0x34, 0xf8, 0xfc, 0xf8, 0x34, 0xf8, 0xfc, 0xf8, 0x34,
    0xf8, 0xfc, 0xf8, 0x34, 0xf8, 0xfc, 0xf8, 0x30, 0xf8, 0xfc, 0xf8, 0x34,
    0xf8, 0xfc, 0xf8, 0x34, 0xf8, 0xfc, 0xf8, 0x34, 0xf8, 0xfc, 0xf8, 0x34,
    0xf8, 0xfc, 0xf8, 0x30, 0xf8, 0xfc, 0xf8, 0x34, 0xf8, 0xfc, 0xf8, 0x34,
    0xf8, 0xfc, 0xf8, 0x30, 0xf8, 0xfc, 0xf8, 0x34, 0xf8, 0xfc, 0xf8, 0x34,
    0xf8, 0xfc, 0xf8, 0x30, 0xf8, 0xfc, 0xf8, 0x08, 0x00, 0x00, 0x00, 0x00,
    0x00, 0x00, 0x00, 0x00, 0x00, 0x00, 0x00, 0x00, 0x00, 0x00, 0x00, 0x00,
    0x00, 0x00, 0x00, 0x00, 0x00, 0x00, 0x00, 0x00, 0x00, 0x00, 0x00, 0x00,
    0x00, 0x00, 0x00, 0x00, 0x00, 0x00, 0x00, 0x00, 0x00, 0x00, 0x00, 0x00,
    0x00, 0x00, 0x00, 0x00, 0x00, 0x00, 0x00, 0x00, 0x00, 0x00, 0x00, 0x00,
    0x00, 0x00, 0x00, 0x00, 0x00, 0x00, 0x00, 0x00, 0x00, 0x00, 0x00, 0x00,
    0x00, 0x00, 0x00, 0x00, 0x00, 0x00, 0x00, 0x00, 0x00, 0x00, 0x00, 0x00,
    0x00, 0x00, 0x00, 0x00, 0x00, 0x00, 0x00, 0x00, 0x00, 0x00, 0x00, 0x00,
    0x00, 0x00, 0x00, 0x00, 0x00, 0x00, 0x00, 0x00, 0x00, 0x00, 0x00, 0x00,
    0x00, 0x00, 0x00, 0x00, 0xf8, 0xfc, 0xf8, 0x2c, 0xf8, 0xfc, 0xf8, 0x34,
    0xf8, 0xfc, 0xf8, 0x34, 0xf8, 0xfc, 0xf8, 0x30, 0xf8, 0xfc, 0xf8, 0x34,
    0xf8, 0xfc, 0xf8, 0x34, 0xf8, 0xfc, 0xf8, 0x34, 0xf8, 0xfc, 0xf8, 0x30,
    0xf8, 0xfc, 0xf8, 0x34, 0xf8, 0xfc, 0xf8, 0x34, 0xf8, 0xfc, 0xf8, 0x34,
    0xf8, 0xfc, 0xf8, 0x34, 0xf8, 0xfc, 0xf8, 0x34, 0xf8, 0xfc, 0xf8, 0x34,
    0xf8, 0xfc, 0xf8, 0x34, 0xf8, 0xfc, 0xf8, 0x30, 0xf8, 0xfc, 0xf8, 0x34,
    0xf8, 0xfc, 0xf8, 0x34, 0xf8, 0xfc, 0xf8, 0x34, 0xf8, 0xfc, 0xf8, 0x30,
    0xf8, 0xfc, 0xf8, 0x34, 0xf8, 0xfc, 0xf8, 0x34, 0xf8, 0xfc, 0xf8, 0x34,
    0xf8, 0xfc, 0xf8, 0x34, 0xf8, 0xfc, 0xf8, 0x34, 0xf8, 0xfc, 0xf8, 0x34,
    0xf8, 0xfc, 0xf8, 0x2c, 0xf8, 0xfc, 0xf8, 0x08, 0x00, 0x00, 0x00, 0x00,
    0x00, 0x00, 0x00, 0x00, 0x00, 0x00, 0x00, 0x00, 0x00, 0x00, 0x00, 0x00,
    0x00, 0x00, 0x00, 0x00, 0x00, 0x00, 0x00, 0x00, 0x00, 0x00, 0x00, 0x00,
    0x00, 0x00, 0x00, 0x00, 0x00, 0x00, 0x00, 0x00, 0x00, 0x00, 0x00, 0x00,
    0x00, 0x00, 0x00, 0x00, 0x00, 0x00, 0x00, 0x00, 0x00, 0x00, 0x00, 0x00,
    0x00, 0x00, 0x00, 0x00, 0x00, 0x00, 0x00, 0x00, 0x00, 0x00, 0x00, 0x00,
    0x00, 0x00, 0x00, 0x00, 0x00, 0x00, 0x00, 0x00, 0x00, 0x00, 0x00, 0x00,
    0x00, 0x00, 0x00, 0x00, 0x00, 0x00, 0x00, 0x00, 0x00, 0x00, 0x00, 0x00,
    0x00, 0x00, 0x00, 0x00, 0x00, 0x00, 0x00, 0x00, 0x00, 0x00, 0x00, 0x00,
    0x00, 0x00, 0x00, 0x00, 0x00, 0x00, 0x00, 0x00, 0x00, 0x00, 0x00, 0x00,
    0x00, 0x00, 0x00, 0x00, 0x00, 0x00, 0x00, 0x00, 0x00, 0x00, 0x00, 0x00,
    0x00, 0x00, 0x00, 0x00, 0x00, 0x00, 0x00, 0x00, 0x00, 0x00, 0x00, 0x00,
    0x00, 0x00, 0x00, 0x00, 0x00, 0x00, 0x00, 0x00, 0x00, 0x00, 0x00, 0x00,
    0x00, 0x00, 0x00, 0x00, 0x00, 0x00, 0x00, 0x00, 0x00, 0x00, 0x00, 0x00,
    0x00, 0x00, 0x00, 0x00, 0x00, 0x00, 0x00, 0x00, 0x00, 0x00, 0x00, 0x00,
    0x00, 0x00, 0x00, 0x00, 0x00, 0x00, 0x00, 0x00, 0x00, 0x00, 0x00, 0x00,
    0x00, 0x00, 0x00, 0x00, 0x00, 0x00, 0x00, 0x00, 0x00, 0x00, 0x00, 0x00,
    0x00, 0x00, 0x00, 0x00, 0x00, 0x00, 0x00, 0x00, 0x00, 0x00, 0x00, 0x00,
    0x00, 0x00, 0x00, 0x00, 0x00, 0x00, 0x00, 0x00, 0x00, 0x00, 0x00, 0x00,
    0x00, 0x00, 0x00, 0x00, 0x00, 0x00, 0x00, 0x00, 0x00, 0x00, 0x00, 0x00,
    0x00, 0x00, 0x00, 0x00, 0x00, 0x00, 0x00, 0x00, 0x00, 0x00, 0x00, 0x00,
    0x00, 0x00, 0x00, 0x00, 0x00, 0x00, 0x00, 0x00, 0x00, 0x00, 0x00, 0x00,
    0x00, 0x00, 0x00, 0x00, 0x00, 0x00, 0x00, 0x00, 0x00, 0x00, 0x00, 0x00,
    0x00, 0x00, 0x00, 0x00, 0xf8, 0xfc, 0xf8, 0x04, 0xf8, 0xfc, 0xf8, 0x2c,
    0xf8, 0xfc, 0xf8, 0x34, 0xf8, 0xfc, 0xf8, 0x34, 0xf8, 0xfc, 0xf8, 0x34,
    0xf8, 0xfc, 0xf8, 0x30, 0xf8, 0xfc, 0xf8, 0x34, 0xf8, 0xfc, 0xf8, 0x34,
    0xf8, 0xfc, 0xf8, 0x30, 0xf8, 0xfc, 0xf8, 0x34, 0xf8, 0xfc, 0xf8, 0x30,
    0xf8, 0xfc, 0xf8, 0x30, 0xf8, 0xfc, 0xf8, 0x34, 0xf8, 0xfc, 0xf8, 0x34,
    0xf8, 0xfc, 0xf8, 0x30, 0xf8, 0xfc, 0xf8, 0x34, 0xf8, 0xfc, 0xf8, 0x34,
    0xf8, 0xfc, 0xf8, 0x30, 0xf8, 0xfc, 0xf8, 0x34, 0xf8, 0xfc, 0xf8, 0x34,
    0xf8, 0xfc, 0xf8, 0x34, 0xf8, 0xfc, 0xf8, 0x34, 0xf8, 0xfc, 0xf8, 0x34,
    0xf8, 0xfc, 0xf8, 0x34, 0xf8, 0xfc, 0xf8, 0x34, 0xf8, 0xfc, 0xf8, 0x30,
    0xf8, 0xfc, 0xf8, 0x34, 0xf8, 0xfc, 0xf8, 0x24, 0x00, 0x00, 0x00, 0x00,
    0x00, 0x00, 0x00, 0x00, 0x00, 0x00, 0x00, 0x00, 0x00, 0x00, 0x00, 0x00,
    0x00, 0x00, 0x00, 0x00, 0x00, 0x00, 0x00, 0x00, 0x00, 0x00, 0x00, 0x00,
    0x00, 0x00, 0x00, 0x00, 0x00, 0x00, 0x00, 0x00, 0x00, 0x00, 0x00, 0x00,
    0x00, 0x00, 0x00, 0x00, 0x00, 0x00, 0x00, 0x00, 0x00, 0x00, 0x00, 0x00,
    0x00, 0x00, 0x00, 0x00, 0x00, 0x00, 0x00, 0x00, 0x00, 0x00, 0x00, 0x00,
    0x00, 0x00, 0x00, 0x00, 0x00, 0x00, 0x00, 0x00, 0x00, 0x00, 0x00, 0x00,
    0x00, 0x00, 0x00, 0x00, 0x00, 0x00, 0x00, 0x00, 0x00, 0x00, 0x00, 0x00,
    0x00, 0x00, 0x00, 0x00, 0x00, 0x00, 0x00, 0x00, 0x00, 0x00, 0x00, 0x00,
    0xf8, 0xfc, 0xf8, 0x18, 0xf8, 0xfc, 0xf8, 0x34, 0xf8, 0xfc, 0xf8, 0x34,
    0xf8, 0xfc, 0xf8, 0x34, 0xf8, 0xfc, 0xf8, 0x34, 0xf8, 0xfc, 0xf8, 0x30,
    0xf8, 0xfc, 0xf8, 0x34, 0xf8, 0xfc, 0xf8, 0x34, 0xf8, 0xfc, 0xf8, 0x30,
    0xf8, 0xfc, 0xf8, 0x34, 0xf8, 0xfc, 0xf8, 0x34, 0xf8, 0xfc, 0xf8, 0x30,
    0xf8, 0xfc, 0xf8, 0x34, 0xf8, 0xfc, 0xf8, 0x30, 0xf8, 0xfc, 0xf8, 0x34,
    0xf8, 0xfc, 0xf8, 0x34, 0xf8, 0xfc, 0xf8, 0x34, 0xf8, 0xfc, 0xf8, 0x34,
    0xf8, 0xfc, 0xf8, 0x34, 0xf8, 0xfc, 0xf8, 0x30, 0xf8, 0xfc, 0xf8, 0x34,
    0xf8, 0xfc, 0xf8, 0x34, 0xf8, 0xfc, 0xf8, 0x30, 0xf8, 0xfc, 0xf8, 0x34,
    0xf8, 0xfc, 0xf8, 0x30, 0xf8, 0xfc, 0xf8, 0x34, 0xf8, 0xfc, 0xf8, 0x28,
    0xf8, 0xfc, 0xf8, 0x04, 0x00, 0x00, 0x00, 0x00, 0x00, 0x00, 0x00, 0x00,
    0x00, 0x00, 0x00, 0x00, 0x00, 0x00, 0x00, 0x00, 0x00, 0x00, 0x00, 0x00,
    0x00, 0x00, 0x00, 0x00, 0x00, 0x00, 0x00, 0x00, 0x00, 0x00, 0x00, 0x00,
    0x00, 0x00, 0x00, 0x00, 0x00, 0x00, 0x00, 0x00, 0x00, 0x00, 0x00, 0x00,
    0x00, 0x00, 0x00, 0x00, 0x00, 0x00, 0x00, 0x00, 0x00, 0x00, 0x00, 0x00,
    0x00, 0x00, 0x00, 0x00, 0x00, 0x00, 0x00, 0x00, 0x00, 0x00, 0x00, 0x00,
    0x00, 0x00, 0x00, 0x00, 0x00, 0x00, 0x00, 0x00, 0x00, 0x00, 0x00, 0x00,
    0x00, 0x00, 0x00, 0x00, 0x00, 0x00, 0x00, 0x00, 0x00, 0x00, 0x00, 0x00,
    0x00, 0x00, 0x00, 0x00, 0x00, 0x00, 0x00, 0x00, 0x00, 0x00, 0x00, 0x00,
    0x00, 0x00, 0x00, 0x00, 0x00, 0x00, 0x00, 0x00, 0x00, 0x00, 0x00, 0x00,
    0x00, 0x00, 0x00, 0x00, 0x00, 0x00, 0x00, 0x00, 0x00, 0x00, 0x00, 0x00,
    0x00, 0x00, 0x00, 0x00, 0x00, 0x00, 0x00, 0x00, 0x00, 0x00, 0x00, 0x00,
    0x00, 0x00, 0x00, 0x00, 0x00, 0x00, 0x00, 0x00, 0x00, 0x00, 0x00, 0x00,
    0x00, 0x00, 0x00, 0x00, 0x00, 0x00, 0x00, 0x00, 0x00, 0x00, 0x00, 0x00,
    0x00, 0x00, 0x00, 0x00, 0x00, 0x00, 0x00, 0x00, 0x00, 0x00, 0x00, 0x00,
    0x00, 0x00, 0x00, 0x00, 0x00, 0x00, 0x00, 0x00, 0x00, 0x00, 0x00, 0x00,
    0x00, 0x00, 0x00, 0x00, 0x00, 0x00, 0x00, 0x00, 0x00, 0x00, 0x00, 0x00,
    0x00, 0x00, 0x00, 0x00, 0x00, 0x00, 0x00, 0x00, 0x00, 0x00, 0x00, 0x00,
    0x00, 0x00, 0x00, 0x00, 0x00, 0x00, 0x00, 0x00, 0x00, 0x00, 0x00, 0x00,
    0x00, 0x00, 0x00, 0x00, 0x00, 0x00, 0x00, 0x00, 0x00, 0x00, 0x00, 0x00,
    0x00, 0x00, 0x00, 0x00, 0x00, 0x00, 0x00, 0x00, 0x00, 0x00, 0x00, 0x00,
    0x00, 0x00, 0x00, 0x00, 0x00, 0x00, 0x00, 0x00, 0x00, 0x00, 0x00, 0x00,
    0x00, 0x00, 0x00, 0x00, 0x00, 0x00, 0x00, 0x00, 0x00, 0x00, 0x00, 0x00,
    0x00, 0x00, 0x00, 0x00, 0x00, 0x00, 0x00, 0x00, 0xf8, 0xfc, 0xf8, 0x04,
    0xf8, 0xfc, 0xf8, 0x2c, 0xf8, 0xfc, 0xf8, 0x34, 0xf8, 0xfc, 0xf8, 0x30,
    0xf8, 0xfc, 0xf8, 0x34, 0xf8, 0xfc, 0xf8, 0x34, 0xf8, 0xfc, 0xf8, 0x34,
    0xf8, 0xfc, 0xf8, 0x34, 0xf8, 0xfc, 0xf8, 0x34, 0xf8, 0xfc, 0xf8, 0x34,
    0xf8, 0xfc, 0xf8, 0x34, 0xf8, 0xfc, 0xf8, 0x34, 0xf8, 0xfc, 0xf8, 0x30,
    0xf8, 0xfc, 0xf8, 0x34, 0xf8, 0xfc, 0xf8, 0x34, 0xf8, 0xfc, 0xf8, 0x34,
    0xf8, 0xfc, 0xf8, 0x30, 0xf8, 0xfc, 0xf8, 0x34, 0xf8, 0xfc, 0xf8, 0x34,
    0xf8, 0xfc, 0xf8, 0x30, 0xf8, 0xfc, 0xf8, 0x30, 0xf8, 0xfc, 0xf8, 0x34,
    0xf8, 0xfc, 0xf8, 0x34, 0xf8, 0xfc, 0xf8, 0x30, 0xf8, 0xfc, 0xf8, 0x34,
    0xf8, 0xfc, 0xf8, 0x34, 0xf8, 0xfc, 0xf8, 0x34, 0xf8, 0xfc, 0xf8, 0x18,
    0x00, 0x00, 0x00, 0x00, 0x00, 0x00, 0x00, 0x00, 0x00, 0x00, 0x00, 0x00,
    0x00, 0x00, 0x00, 0x00, 0x00, 0x00, 0x00, 0x00, 0x00, 0x00, 0x00, 0x00,
    0x00, 0x00, 0x00, 0x00, 0x00, 0x00, 0x00, 0x00, 0x00, 0x00, 0x00, 0x00,
    0x00, 0x00, 0x00, 0x00, 0x00, 0x00, 0x00, 0x00, 0x00, 0x00, 0x00, 0x00,
    0x00, 0x00, 0x00, 0x00, 0x00, 0x00, 0x00, 0x00, 0x00, 0x00, 0x00, 0x00,
    0x00, 0x00, 0x00, 0x00, 0x00, 0x00, 0x00, 0x00, 0x00, 0x00, 0x00, 0x00,
    0x00, 0x00, 0x00, 0x00, 0x00, 0x00, 0x00, 0x00, 0x00, 0x00, 0x00, 0x00,
    0x00, 0x00, 0x00, 0x00, 0x00, 0x00, 0x00, 0x00, 0xf8, 0xfc, 0xf8, 0x08,
    0xf8, 0xfc, 0xf8, 0x34, 0xf8, 0xfc, 0xf8, 0x34, 0xf8, 0xfc, 0xf8, 0x30,
    0xf8, 0xfc, 0xf8, 0x34, 0xf8, 0xfc, 0xf8, 0x34, 0xf8, 0xfc, 0xf8, 0x34,
    0xf8, 0xfc, 0xf8, 0x34, 0xf8, 0xfc, 0xf8, 0x34, 0xf8, 0xfc, 0xf8, 0x34,
    0xf8, 0xfc, 0xf8, 0x34, 0xf8, 0xfc, 0xf8, 0x30, 0xf8, 0xfc, 0xf8, 0x34,
    0xf8, 0xfc, 0xf8, 0x34, 0xf8, 0xfc, 0xf8, 0x34, 0xf8, 0xfc, 0xf8, 0x30,
    0xf8, 0xfc, 0xf8, 0x34, 0xf8, 0xfc, 0xf8, 0x34, 0xf8, 0xfc, 0xf8, 0x30,
    0xf8, 0xfc, 0xf8, 0x34, 0xf8, 0xfc, 0xf8, 0x34, 0xf8, 0xfc, 0xf8, 0x34,
    0xf8, 0xfc, 0xf8, 0x34, 0xf8, 0xfc, 0xf8, 0x34, 0xf8, 0xfc, 0xf8, 0x30,
    0xf8, 0xfc, 0xf8, 0x34, 0xf8, 0xfc, 0xf8, 0x28, 0xf8, 0xfc, 0xf8, 0x04,
    0x00, 0x00, 0x00, 0x00, 0x00, 0x00, 0x00, 0x00, 0x00, 0x00, 0x00, 0x00,
    0x00, 0x00, 0x00, 0x00, 0x00, 0x00, 0x00, 0x00, 0x00, 0x00, 0x00, 0x00,
    0x00, 0x00, 0x00, 0x00, 0x00, 0x00, 0x00, 0x00, 0x00, 0x00, 0x00, 0x00,
    0x00, 0x00, 0x00, 0x00, 0x00, 0x00, 0x00, 0x00, 0x00, 0x00, 0x00, 0x00,
    0x00, 0x00, 0x00, 0x00, 0x00, 0x00, 0x00, 0x00, 0x00, 0x00, 0x00, 0x00,
    0x00, 0x00, 0x00, 0x00, 0x00, 0x00, 0x00, 0x00, 0x00, 0x00, 0x00, 0x00,
    0x00, 0x00, 0x00, 0x00, 0x00, 0x00, 0x00, 0x00, 0x00, 0x00, 0x00, 0x00,
    0x00, 0x00, 0x00, 0x00, 0x00, 0x00, 0x00, 0x00, 0x00, 0x00, 0x00, 0x00,
    0x00, 0x00, 0x00, 0x00, 0x00, 0x00, 0x00, 0x00, 0x00, 0x00, 0x00, 0x00,
    0x00, 0x00, 0x00, 0x00, 0x00, 0x00, 0x00, 0x00, 0x00, 0x00, 0x00, 0x00,
    0x00, 0x00, 0x00, 0x00, 0x00, 0x00, 0x00, 0x00, 0x00, 0x00, 0x00, 0x00,
    0x00, 0x00, 0x00, 0x00, 0x00, 0x00, 0x00, 0x00, 0x00, 0x00, 0x00, 0x00,
    0x00, 0x00, 0x00, 0x00, 0x00, 0x00, 0x00, 0x00, 0x00, 0x00, 0x00, 0x00,
    0x00, 0x00, 0x00, 0x00, 0x00, 0x00, 0x00, 0x00, 0x00, 0x00, 0x00, 0x00,
    0x00, 0x00, 0x00, 0x00, 0x00, 0x00, 0x00, 0x00, 0x00, 0x00, 0x00, 0x00,
    0x00, 0x00, 0x00, 0x00, 0x00, 0x00, 0x00, 0x00, 0x00, 0x00, 0x00, 0x00,
    0x00, 0x00, 0x00, 0x00, 0x00, 0x00, 0x00, 0x00, 0x00, 0x00, 0x00, 0x00,
    0x00, 0x00, 0x00, 0x00, 0x00, 0x00, 0x00, 0x00, 0x00, 0x00, 0x00, 0x00,
    0x00, 0x00, 0x00, 0x00, 0x00, 0x00, 0x00, 0x00, 0x00, 0x00, 0x00, 0x00,
    0x00, 0x00, 0x00, 0x00, 0x00, 0x00, 0x00, 0x00, 0x00, 0x00, 0x00, 0x00,
    0x00, 0x00, 0x00, 0x00, 0x00, 0x00, 0x00, 0x00, 0x00, 0x00, 0x00, 0x00,
    0x00, 0x00, 0x00, 0x00, 0x00, 0x00, 0x00, 0x00, 0x00, 0x00, 0x00, 0x00,
    0x00, 0x00, 0x00, 0x00, 0x00, 0x00, 0x00, 0x00, 0x00, 0x00, 0x00, 0x00,
    0x00, 0x00, 0x00, 0x00, 0x00, 0x00, 0x00, 0x00, 0x00, 0x00, 0x00, 0x00,
    0xf8, 0xfc, 0xf8, 0x04, 0xf8, 0xfc, 0xf8, 0x28, 0xf8, 0xfc, 0xf8, 0x34,
    0xf8, 0xfc, 0xf8, 0x34, 0xf8, 0xfc, 0xf8, 0x30, 0xf8, 0xfc, 0xf8, 0x34,
    0xf8, 0xfc, 0xf8, 0x34, 0xf8, 0xfc, 0xf8, 0x30, 0xf8, 0xfc, 0xf8, 0x34,
    0xf8, 0xfc, 0xf8, 0x34, 0xf8, 0xfc, 0xf8, 0x34, 0xf8, 0xfc, 0xf8, 0x34,
    0xf8, 0xfc, 0xf8, 0x34, 0xf8, 0xfc, 0xf8, 0x34, 0xf8, 0xfc, 0xf8, 0x34,
    0xf8, 0xfc, 0xf8, 0x34, 0xf8, 0xfc, 0xf8, 0x34, 0xf8, 0xfc, 0xf8, 0x34,
    0xf8, 0xfc, 0xf8, 0x34, 0xf8, 0xfc, 0xf8, 0x34, 0xf8, 0xfc, 0xf8, 0x30,
    0xf8, 0xfc, 0xf8, 0x34, 0xf8, 0xfc, 0xf8, 0x34, 0xf8, 0xfc, 0xf8, 0x34,
    0xf8, 0xfc, 0xf8, 0x34, 0xf8, 0xfc, 0xf8, 0x34, 0xf8, 0xfc, 0xf8, 0x30,
    0xf8, 0xfc, 0xf8, 0x08, 0x00, 0x00, 0x00, 0x00, 0x00, 0x00, 0x00, 0x00,
    0x00, 0x00, 0x00, 0x00, 0x00, 0x00, 0x00, 0x00, 0x00, 0x00, 0x00, 0x00,
    0x00, 0x00, 0x00, 0x00, 0x00, 0x00, 0x00, 0x00, 0x00, 0x00, 0x00, 0x00,
    0x00, 0x00, 0x00, 0x00, 0x00, 0x00, 0x00, 0x00, 0x00, 0x00, 0x00, 0x00,
    0x00, 0x00, 0x00, 0x00, 0x00, 0x00, 0x00, 0x00, 0x00, 0x00, 0x00, 0x00,
    0x00, 0x00, 0x00, 0x00, 0x00, 0x00, 0x00, 0x00, 0x00, 0x00, 0x00, 0x00,
    0x00, 0x00, 0x00, 0x00, 0x00, 0x00, 0x00, 0x00, 0x00, 0x00, 0x00, 0x00,
    0x00, 0x00, 0x00, 0x00, 0x00, 0x00, 0x00, 0x00, 0xf8, 0xfc, 0xf8, 0x28,
    0xf8, 0xfc, 0xf8, 0x34, 0xf8, 0xfc, 0xf8, 0x34, 0xf8, 0xfc, 0xf8, 0x30,
    0xf8, 0xfc, 0xf8, 0x34, 0xf8, 0xfc, 0xf8, 0x34, 0xf8, 0xfc, 0xf8, 0x30,
    0xf8, 0xfc, 0xf8, 0x34, 0xf8, 0xfc, 0xf8, 0x30, 0xf8, 0xfc, 0xf8, 0x34,
    0xf8, 0xfc, 0xf8, 0x34, 0xf8, 0xfc, 0xf8, 0x34, 0xf8, 0xfc, 0xf8, 0x34,
    0xf8, 0xfc, 0xf8, 0x34, 0xf8, 0xfc, 0xf8, 0x34, 0xf8, 0xfc, 0xf8, 0x30,
    0xf8, 0xfc, 0xf8, 0x34, 0xf8, 0xfc, 0xf8, 0x34, 0xf8, 0xfc, 0xf8, 0x30,
    0xf8, 0xfc, 0xf8, 0x34, 0xf8, 0xfc, 0xf8, 0x34, 0xf8, 0xfc, 0xf8, 0x30,
    0xf8, 0xfc, 0xf8, 0x34, 0xf8, 0xfc, 0xf8, 0x34, 0xf8, 0xfc, 0xf8, 0x34,
    0xf8, 0xfc, 0xf8, 0x20, 0x00, 0x00, 0x00, 0x00, 0x00, 0x00, 0x00, 0x00,
    0x00, 0x00, 0x00, 0x00, 0x00, 0x00, 0x00, 0x00, 0x00, 0x00, 0x00, 0x00,
    0x00, 0x00, 0x00, 0x00, 0x00, 0x00, 0x00, 0x00, 0x00, 0x00, 0x00, 0x00,
    0x00, 0x00, 0x00, 0x00, 0x00, 0x00, 0x00, 0x00, 0x00, 0x00, 0x00, 0x00,
    0x00, 0x00, 0x00, 0x00, 0x00, 0x00, 0x00, 0x00, 0x00, 0x00, 0x00, 0x00,
    0x00, 0x00, 0x00, 0x00, 0x00, 0x00, 0x00, 0x00, 0x00, 0x00, 0x00, 0x00,
    0x00, 0x00, 0x00, 0x00, 0x00, 0x00, 0x00, 0x00, 0x00, 0x00, 0x00, 0x00,
    0x00, 0x00, 0x00, 0x00, 0x00, 0x00, 0x00, 0x00, 0x00, 0x00, 0x00, 0x00,
    0x00, 0x00, 0x00, 0x00, 0x00, 0x00, 0x00, 0x00, 0x00, 0x00, 0x00, 0x00,
    0x00, 0x00, 0x00, 0x00, 0x00, 0x00, 0x00, 0x00, 0x00, 0x00, 0x00, 0x00,
    0x00, 0x00, 0x00, 0x00, 0x00, 0x00, 0x00, 0x00, 0x00, 0x00, 0x00, 0x00,
    0x00, 0x00, 0x00, 0x00, 0x00, 0x00, 0x00, 0x00, 0x00, 0x00, 0x00, 0x00,
    0x00, 0x00, 0x00, 0x00, 0x00, 0x00, 0x00, 0x00, 0x00, 0x00, 0x00, 0x00,
    0x00, 0x00, 0x00, 0x00, 0x00, 0x00, 0x00, 0x00, 0x00, 0x00, 0x00, 0x00,
    0x00, 0x00, 0x00, 0x00, 0x00, 0x00, 0x00, 0x00, 0x00, 0x00, 0x00, 0x00,
    0x00, 0x00, 0x00, 0x00, 0x00, 0x00, 0x00, 0x00, 0x00, 0x00, 0x00, 0x00,
    0x00, 0x00, 0x00, 0x00, 0x00, 0x00, 0x00, 0x00, 0x00, 0x00, 0x00, 0x00,
    0x00, 0x00, 0x00, 0x00, 0x00, 0x00, 0x00, 0x00, 0x00, 0x00, 0x00, 0x00,
    0x00, 0x00, 0x00, 0x00, 0x00, 0x00, 0x00, 0x00, 0x00, 0x00, 0x00, 0x00,
    0x00, 0x00, 0x00, 0x00, 0x00, 0x00, 0x00, 0x00, 0x00, 0x00, 0x00, 0x00,
    0x00, 0x00, 0x00, 0x00, 0x00, 0x00, 0x00, 0x00, 0x00, 0x00, 0x00, 0x00,
    0x00, 0x00, 0x00, 0x00, 0x00, 0x00, 0x00, 0x00, 0x00, 0x00, 0x00, 0x00,
    0x00, 0x00, 0x00, 0x00, 0x00, 0x00, 0x00, 0x00, 0x00, 0x00, 0x00, 0x00,
    0x00, 0x00, 0x00, 0x00, 0x00, 0x00, 0x00, 0x00, 0x00, 0x00, 0x00, 0x00,
    0x00, 0x00, 0x00, 0x00, 0x00, 0x00, 0x00, 0x00, 0x00, 0x00, 0x00, 0x00,
    0x00, 0x00, 0x00, 0x00, 0x00, 0x00, 0x00, 0x00, 0xf8, 0xfc, 0xf8, 0x20,
    0xf8, 0xfc, 0xf8, 0x34, 0xf8, 0xfc, 0xf8, 0x34, 0xf8, 0xfc, 0xf8, 0x30,
    0xf8, 0xfc, 0xf8, 0x34, 0xf8, 0xfc, 0xf8, 0x34, 0xf8, 0xfc, 0xf8, 0x30,
    0xf8, 0xfc, 0xf8, 0x34, 0xf8, 0xfc, 0xf8, 0x30, 0xf8, 0xfc, 0xf8, 0x34,
    0xf8, 0xfc, 0xf8, 0x30, 0xf8, 0xfc, 0xf8, 0x30, 0xf8, 0xfc, 0xf8, 0x34,
    0xf8, 0xfc, 0xf8, 0x30, 0xf8, 0xfc, 0xf8, 0x34, 0xf8, 0xfc, 0xf8, 0x30,
    0xf8, 0xfc, 0xf8, 0x34, 0xf8, 0xfc, 0xf8, 0x34, 0xf8, 0xfc, 0xf8, 0x34,
    0xf8, 0xfc, 0xf8, 0x34, 0xf8, 0xfc, 0xf8, 0x30, 0xf8, 0xfc, 0xf8, 0x34,
    0xf8, 0xfc, 0xf8, 0x30, 0xf8, 0xfc, 0xf8, 0x34, 0xf8, 0xfc, 0xf8, 0x34,
    0xf8, 0xfc, 0xf8, 0x24, 0x00, 0x00, 0x00, 0x00, 0x00, 0x00, 0x00, 0x00,
    0x00, 0x00, 0x00, 0x00, 0x00, 0x00, 0x00, 0x00, 0x00, 0x00, 0x00, 0x00,
    0x00, 0x00, 0x00, 0x00, 0x00, 0x00, 0x00, 0x00, 0x00, 0x00, 0x00, 0x00,
    0x00, 0x00, 0x00, 0x00, 0x00, 0x00, 0x00, 0x00, 0x00, 0x00, 0x00, 0x00,
    0x00, 0x00, 0x00, 0x00, 0x00, 0x00, 0x00, 0x00, 0x00, 0x00, 0x00, 0x00,
    0x00, 0x00, 0x00, 0x00, 0x00, 0x00, 0x00, 0x00, 0x00, 0x00, 0x00, 0x00,
    0x00, 0x00, 0x00, 0x00, 0x00, 0x00, 0x00, 0x00, 0x00, 0x00, 0x00, 0x00,
    0x00, 0x00, 0x00, 0x00, 0xf8, 0xfc, 0xf8, 0x14, 0xf8, 0xfc, 0xf8, 0x34,
    0xf8, 0xfc, 0xf8, 0x30, 0xf8, 0xfc, 0xf8, 0x34, 0xf8, 0xfc, 0xf8, 0x34,
    0xf8, 0xfc, 0xf8, 0x34, 0xf8, 0xfc, 0xf8, 0x30, 0xf8, 0xfc, 0xf8, 0x34,
    0xf8, 0xfc, 0xf8, 0x34, 0xf8, 0xfc, 0xf8, 0x30, 0xf8, 0xfc, 0xf8, 0x34,
    0xf8, 0xfc, 0xf8, 0x34, 0xf8, 0xfc, 0xf8, 0x30, 0xf8, 0xfc, 0xf8, 0x30,
    0xf8, 0xfc, 0xf8, 0x34, 0xf8, 0xfc, 0xf8, 0x34, 0xf8, 0xfc, 0xf8, 0x34,
    0xf8, 0xfc, 0xf8, 0x34, 0xf8, 0xfc, 0xf8, 0x34, 0xf8, 0xfc, 0xf8, 0x34,
    0xf8, 0xfc, 0xf8, 0x30, 0xf8, 0xfc, 0xf8, 0x34, 0xf8, 0xfc, 0xf8, 0x34,
    0xf8, 0xfc, 0xf8, 0x30, 0xf8, 0xfc, 0xf8, 0x34, 0xf8, 0xfc, 0xf8, 0x20,
    0x00, 0x00, 0x00, 0x00, 0x00, 0x00, 0x00, 0x00, 0x00, 0x00, 0x00, 0x00,
    0x00, 0x00, 0x00, 0x00, 0x00, 0x00, 0x00, 0x00, 0x00, 0x00, 0x00, 0x00,
    0x00, 0x00, 0x00, 0x00, 0x00, 0x00, 0x00, 0x00, 0x00, 0x00, 0x00, 0x00,
    0x00, 0x00, 0x00, 0x00, 0x00, 0x00, 0x00, 0x00, 0x00, 0x00, 0x00, 0x00,
    0x00, 0x00, 0x00, 0x00, 0x00, 0x00, 0x00, 0x00, 0x00, 0x00, 0x00, 0x00,
    0x00, 0x00, 0x00, 0x00, 0x00, 0x00, 0x00, 0x00, 0x00, 0x00, 0x00, 0x00,
    0x00, 0x00, 0x00, 0x00, 0x00, 0x00, 0x00, 0x00, 0x00, 0x00, 0x00, 0x00,
    0x00, 0x00, 0x00, 0x00, 0x00, 0x00, 0x00, 0x00, 0x00, 0x00, 0x00, 0x00,
    0x00, 0x00, 0x00, 0x00, 0x00, 0x00, 0x00, 0x00, 0x00, 0x00, 0x00, 0x00,
    0x00, 0x00, 0x00, 0x00, 0x00, 0x00, 0x00, 0x00, 0x00, 0x00, 0x00, 0x00,
    0x00, 0x00, 0x00, 0x00, 0x00, 0x00, 0x00, 0x00, 0x00, 0x00, 0x00, 0x00,
    0x00, 0x00, 0x00, 0x00, 0x00, 0x00, 0x00, 0x00, 0x00, 0x00, 0x00, 0x00,
    0x00, 0x00, 0x00, 0x00, 0x00, 0x00, 0x00, 0x00, 0x00, 0x00, 0x00, 0x00,
    0x00, 0x00, 0x00, 0x00, 0x00, 0x00, 0x00, 0x00, 0x00, 0x00, 0x00, 0x00,
    0x00, 0x00, 0x00, 0x00, 0x00, 0x00, 0x00, 0x00, 0x00, 0x00, 0x00, 0x00,
    0x00, 0x00, 0x00, 0x00, 0x00, 0x00, 0x00, 0x00, 0x00, 0x00, 0x00, 0x00,
    0x00, 0x00, 0x00, 0x00, 0x00, 0x00, 0x00, 0x00, 0x00, 0x00, 0x00, 0x00,
    0x00, 0x00, 0x00, 0x00, 0x00, 0x00, 0x00, 0x00, 0x00, 0x00, 0x00, 0x00,
    0x00, 0x00, 0x00, 0x00, 0x00, 0x00, 0x00, 0x00, 0x00, 0x00, 0x00, 0x00,
    0x00, 0x00, 0x00, 0x00, 0x00, 0x00, 0x00, 0x00, 0x00, 0x00, 0x00, 0x00,
    0x00, 0x00, 0x00, 0x00, 0x00, 0x00, 0x00, 0x00, 0x00, 0x00, 0x00, 0x00,
    0x00, 0x00, 0x00, 0x00, 0x00, 0x00, 0x00, 0x00, 0x00, 0x00, 0x00, 0x00,
    0x00, 0x00, 0x00, 0x00, 0x00, 0x00, 0x00, 0x00, 0x00, 0x00, 0x00, 0x00,
    0x00, 0x00, 0x00, 0x00, 0x00, 0x00, 0x00, 0x00, 0x00, 0x00, 0x00, 0x00,
    0x00, 0x00, 0x00, 0x00, 0x00, 0x00, 0x00, 0x00, 0x00, 0x00, 0x00, 0x00,
    0x00, 0x00, 0x00, 0x00, 0x00, 0x00, 0x00, 0x00, 0x00, 0x00, 0x00, 0x00,
    0xf8, 0xfc, 0xf8, 0x20, 0xf8, 0xfc, 0xf8, 0x34, 0xf8, 0xfc, 0xf8, 0x34,
    0xf8, 0xfc, 0xf8, 0x34, 0xf8, 0xfc, 0xf8, 0x34, 0xf8, 0xfc, 0xf8, 0x34,
    0xf8, 0xfc, 0xf8, 0x34, 0xf8, 0xfc, 0xf8, 0x34, 0xf8, 0xfc, 0xf8, 0x34,
    0xf8, 0xfc, 0xf8, 0x34, 0xf8, 0xfc, 0xf8, 0x34, 0xf8, 0xfc, 0xf8, 0x34,
    0xf8, 0xfc, 0xf8, 0x34, 0xf8, 0xfc, 0xf8, 0x30, 0xf8, 0xfc, 0xf8, 0x34,
    0xf8, 0xfc, 0xf8, 0x34, 0xf8, 0xfc, 0xf8, 0x30, 0xf8, 0xfc, 0xf8, 0x34,
    0xf8, 0xfc, 0xf8, 0x34, 0xf8, 0xfc, 0xf8, 0x34, 0xf8, 0xfc, 0xf8, 0x30,
    0xf8, 0xfc, 0xf8, 0x34, 0xf8, 0xfc, 0xf8, 0x34, 0xf8, 0xfc, 0xf8, 0x34,
    0xf8, 0xfc, 0xf8, 0x34, 0xf8, 0xfc, 0xf8, 0x14, 0x00, 0x00, 0x00, 0x00,
    0x00, 0x00, 0x00, 0x00, 0x00, 0x00, 0x00, 0x00, 0x00, 0x00, 0x00, 0x00,
    0x00, 0x00, 0x00, 0x00, 0x00, 0x00, 0x00, 0x00, 0x00, 0x00, 0x00, 0x00,
    0x00, 0x00, 0x00, 0x00, 0x00, 0x00, 0x00, 0x00, 0x00, 0x00, 0x00, 0x00,
    0x00, 0x00, 0x00, 0x00, 0x00, 0x00, 0x00, 0x00, 0x00, 0x00, 0x00, 0x00,
    0x00, 0x00, 0x00, 0x00, 0x00, 0x00, 0x00, 0x00, 0x00, 0x00, 0x00, 0x00,
    0x00, 0x00, 0x00, 0x00, 0x00, 0x00, 0x00, 0x00, 0x00, 0x00, 0x00, 0x00,
    0xf8, 0xfc, 0xf8, 0x08, 0xf8, 0xfc, 0xf8, 0x2c, 0xf8, 0xfc, 0xf8, 0x34,
    0xf8, 0xfc, 0xf8, 0x34, 0xf8, 0xfc, 0xf8, 0x30, 0xf8, 0xfc, 0xf8, 0x34,
    0xf8, 0xfc, 0xf8, 0x34, 0xf8, 0xfc, 0xf8, 0x34, 0xf8, 0xfc, 0xf8, 0x34,
    0xf8, 0xfc, 0xf8, 0x34, 0xf8, 0xfc, 0xf8, 0x34, 0xf8, 0xfc, 0xf8, 0x34,
    0xf8, 0xfc, 0xf8, 0x34, 0xf8, 0xfc, 0xf8, 0x34, 0xf8, 0xfc, 0xf8, 0x34,
    0xf8, 0xfc, 0xf8, 0x30, 0xf8, 0xfc, 0xf8, 0x34, 0xf8, 0xfc, 0xf8, 0x30,
    0xf8, 0xfc, 0xf8, 0x34, 0xf8, 0xfc, 0xf8, 0x34, 0xf8, 0xfc, 0xf8, 0x30,
    0xf8, 0xfc, 0xf8, 0x34, 0xf8, 0xfc, 0xf8, 0x34, 0xf8, 0xfc, 0xf8, 0x34,
    0xf8, 0xfc, 0xf8, 0x30, 0xf8, 0xfc, 0xf8, 0x28, 0x00, 0x00, 0x00, 0x00,
    0x00, 0x00, 0x00, 0x00, 0x00, 0x00, 0x00, 0x00, 0x00, 0x00, 0x00, 0x00,
    0x00, 0x00, 0x00, 0x00, 0x00, 0x00, 0x00, 0x00, 0x00, 0x00, 0x00, 0x00,
    0x00, 0x00, 0x00, 0x00, 0x00, 0x00, 0x00, 0x00, 0x00, 0x00, 0x00, 0x00,
    0x00, 0x00, 0x00, 0x00, 0x00, 0x00, 0x00, 0x00, 0x00, 0x00, 0x00, 0x00,
    0x00, 0x00, 0x00, 0x00, 0x00, 0x00, 0x00, 0x00, 0x00, 0x00, 0x00, 0x00,
    0x00, 0x00, 0x00, 0x00, 0x00, 0x00, 0x00, 0x00, 0x00, 0x00, 0x00, 0x00,
    0x00, 0x00, 0x00, 0x00, 0x00, 0x00, 0x00, 0x00, 0x00, 0x00, 0x00, 0x00,
    0x00, 0x00, 0x00, 0x00, 0x00, 0x00, 0x00, 0x00, 0x00, 0x00, 0x00, 0x00,
    0x00, 0x00, 0x00, 0x00, 0x00, 0x00, 0x00, 0x00, 0x00, 0x00, 0x00, 0x00,
    0x00, 0x00, 0x00, 0x00, 0x00, 0x00, 0x00, 0x00, 0x00, 0x00, 0x00, 0x00,
    0x00, 0x00, 0x00, 0x00, 0x00, 0x00, 0x00, 0x00, 0x00, 0x00, 0x00, 0x00,
    0x00, 0x00, 0x00, 0x00, 0x00, 0x00, 0x00, 0x00, 0x00, 0x00, 0x00, 0x00,
    0x00, 0x00, 0x00, 0x00, 0x00, 0x00, 0x00, 0x00, 0x00, 0x00, 0x00, 0x00,
    0x00, 0x00, 0x00, 0x00, 0x00, 0x00, 0x00, 0x00, 0x00, 0x00, 0x00, 0x00,
    0x00, 0x00, 0x00, 0x00, 0x00, 0x00, 0x00, 0x00, 0x00, 0x00, 0x00, 0x00,
    0x00, 0x00, 0x00, 0x00, 0x00, 0x00, 0x00, 0x00, 0x00, 0x00, 0x00, 0x00,
    0x00, 0x00, 0x00, 0x00, 0x00, 0x00, 0x00, 0x00, 0x00, 0x00, 0x00, 0x00,
    0x00, 0x00, 0x00, 0x00, 0x00, 0x00, 0x00, 0x00, 0x00, 0x00, 0x00, 0x00,
    0x00, 0x00, 0x00, 0x00, 0x00, 0x00, 0x00, 0x00, 0x00, 0x00, 0x00, 0x00,
    0x00, 0x00, 0x00, 0x00, 0x00, 0x00, 0x00, 0x00, 0x00, 0x00, 0x00, 0x00,
    0x00, 0x00, 0x00, 0x00, 0x00, 0x00, 0x00, 0x00, 0x00, 0x00, 0x00, 0x00,
    0x00, 0x00, 0x00, 0x00, 0x00, 0x00, 0x00, 0x00, 0x00, 0x00, 0x00, 0x00,
    0x00, 0x00, 0x00, 0x00, 0x00, 0x00, 0x00, 0x00, 0x00, 0x00, 0x00, 0x00,
    0x00, 0x00, 0x00, 0x00, 0x00, 0x00, 0x00, 0x00, 0x00, 0x00, 0x00, 0x00,
    0x00, 0x00, 0x00, 0x00, 0x00, 0x00, 0x00, 0x00, 0x00, 0x00, 0x00, 0x00,
    0x00, 0x00, 0x00, 0x00, 0x00, 0x00, 0x00, 0x00, 0x00, 0x00, 0x00, 0x00,
    0x00, 0x00, 0x00, 0x00, 0xf8, 0xfc, 0xf8, 0x28, 0xf8, 0xfc, 0xf8, 0x30,
    0xf8, 0xfc, 0xf8, 0x34, 0xf8, 0xfc, 0xf8, 0x30, 0xf8, 0xfc, 0xf8, 0x34,
    0xf8, 0xfc, 0xf8, 0x34, 0xf8, 0xfc, 0xf8, 0x30, 0xf8, 0xfc, 0xf8, 0x34,
    0xf8, 0xfc, 0xf8, 0x34, 0xf8, 0xfc, 0xf8, 0x30, 0xf8, 0xfc, 0xf8, 0x34,
    0xf8, 0xfc, 0xf8, 0x34, 0xf8, 0xfc, 0xf8, 0x34, 0xf8, 0xfc, 0xf8, 0x34,
    0xf8, 0xfc, 0xf8, 0x34, 0xf8, 0xfc, 0xf8, 0x30, 0xf8, 0xfc, 0xf8, 0x34,
    0xf8, 0xfc, 0xf8, 0x34, 0xf8, 0xfc, 0xf8, 0x34, 0xf8, 0xfc, 0xf8, 0x34,
    0xf8, 0xfc, 0xf8, 0x34, 0xf8, 0xfc, 0xf8, 0x30, 0xf8, 0xfc, 0xf8, 0x34,
    0xf8, 0xfc, 0xf8, 0x34, 0xf8, 0xfc, 0xf8, 0x30, 0xf8, 0xfc, 0xf8, 0x04,
    0x00, 0x00, 0x00, 0x00, 0x00, 0x00, 0x00, 0x00, 0x00, 0x00, 0x00, 0x00,
    0x00, 0x00, 0x00, 0x00, 0x00, 0x00, 0x00, 0x00, 0x00, 0x00, 0x00, 0x00,
    0x00, 0x00, 0x00, 0x00, 0x00, 0x00, 0x00, 0x00, 0x00, 0x00, 0x00, 0x00,
    0x00, 0x00, 0x00, 0x00, 0x00, 0x00, 0x00, 0x00, 0x00, 0x00, 0x00, 0x00,
    0x00, 0x00, 0x00, 0x00, 0x00, 0x00, 0x00, 0x00, 0x00, 0x00, 0x00, 0x00,
    0x00, 0x00, 0x00, 0x00, 0x00, 0x00, 0x00, 0x00, 0x00, 0x00, 0x00, 0x00,
    0xf8, 0xfc, 0xf8, 0x18, 0xf8, 0xfc, 0xf8, 0x34, 0xf8, 0xfc, 0xf8, 0x34,
    0xf8, 0xfc, 0xf8, 0x34, 0xf8, 0xfc, 0xf8, 0x34, 0xf8, 0xfc, 0xf8, 0x30,
    0xf8, 0xfc, 0xf8, 0x34, 0xf8, 0xfc, 0xf8, 0x34, 0xf8, 0xfc, 0xf8, 0x30,
    0xf8, 0xfc, 0xf8, 0x34, 0xf8, 0xfc, 0xf8, 0x30, 0xf8, 0xfc, 0xf8, 0x30,
    0xf8, 0xfc, 0xf8, 0x34, 0xf8, 0xfc, 0xf8, 0x34, 0xf8, 0xfc, 0xf8, 0x34,
    0xf8, 0xfc, 0xf8, 0x34, 0xf8, 0xfc, 0xf8, 0x34, 0xf8, 0xfc, 0xf8, 0x30,
    0xf8, 0xfc, 0xf8, 0x34, 0xf8, 0xfc, 0xf8, 0x34, 0xf8, 0xfc, 0xf8, 0x34,
    0xf8, 0xfc, 0xf8, 0x34, 0xf8, 0xfc, 0xf8, 0x34, 0xf8, 0xfc, 0xf8, 0x34,
    0xf8, 0xfc, 0xf8, 0x2c, 0xf8, 0xfc, 0xf8, 0x04, 0x00, 0x00, 0x00, 0x00,
    0x00, 0x00, 0x00, 0x00, 0x00, 0x00, 0x00, 0x00, 0x00, 0x00, 0x00, 0x00,
    0x00, 0x00, 0x00, 0x00, 0x00, 0x00, 0x00, 0x00, 0x00, 0x00, 0x00, 0x00,
    0x00, 0x00, 0x00, 0x00, 0x00, 0x00, 0x00, 0x00, 0x00, 0x00, 0x00, 0x00,
    0x00, 0x00, 0x00, 0x00, 0x00, 0x00, 0x00, 0x00, 0x00, 0x00, 0x00, 0x00,
    0x00, 0x00, 0x00, 0x00, 0x00, 0x00, 0x00, 0x00, 0x00, 0x00, 0x00, 0x00,
    0x00, 0x00, 0x00, 0x00, 0x00, 0x00, 0x00, 0x00, 0x00, 0x00, 0x00, 0x00,
    0x00, 0x00, 0x00, 0x00, 0x00, 0x00, 0x00, 0x00, 0x00, 0x00, 0x00, 0x00,
    0x00, 0x00, 0x00, 0x00, 0x00, 0x00, 0x00, 0x00, 0x00, 0x00, 0x00, 0x00,
    0x00, 0x00, 0x00, 0x00, 0x00, 0x00, 0x00, 0x00, 0x00, 0x00, 0x00, 0x00,
    0x00, 0x00, 0x00, 0x00, 0x00, 0x00, 0x00, 0x00, 0x00, 0x00, 0x00, 0x00,
    0x00, 0x00, 0x00, 0x00, 0x00, 0x00, 0x00, 0x00, 0x00, 0x00, 0x00, 0x00,
    0x00, 0x00, 0x00, 0x00, 0x00, 0x00, 0x00, 0x00, 0x00, 0x00, 0x00, 0x00,
    0x00, 0x00, 0x00, 0x00, 0x00, 0x00, 0x00, 0x00, 0x00, 0x00, 0x00, 0x00,
    0x00, 0x00, 0x00, 0x00, 0x00, 0x00, 0x00, 0x00, 0x00, 0x00, 0x00, 0x00,
    0x00, 0x00, 0x00, 0x00, 0x00, 0x00, 0x00, 0x00, 0x00, 0x00, 0x00, 0x00,
    0x00, 0x00, 0x00, 0x00, 0x00, 0x00, 0x00, 0x00, 0x00, 0x00, 0x00, 0x00,
    0x00, 0x00, 0x00, 0x00, 0x00, 0x00, 0x00, 0x00, 0x00, 0x00, 0x00, 0x00,
    0x00, 0x00, 0x00, 0x00, 0x00, 0x00, 0x00, 0x00, 0x00, 0x00, 0x00, 0x00,
    0x00, 0x00, 0x00, 0x00, 0x00, 0x00, 0x00, 0x00, 0x00, 0x00, 0x00, 0x00,
    0x00, 0x00, 0x00, 0x00, 0x00, 0x00, 0x00, 0x00, 0x00, 0x00, 0x00, 0x00,
    0x00, 0x00, 0x00, 0x00, 0x00, 0x00, 0x00, 0x00, 0x00, 0x00, 0x00, 0x00,
    0x00, 0x00, 0x00, 0x00, 0x00, 0x00, 0x00, 0x00, 0x00, 0x00, 0x00, 0x00,
    0x00, 0x00, 0x00, 0x00, 0x00, 0x00, 0x00, 0x00, 0x00, 0x00, 0x00, 0x00,
    0x00, 0x00, 0x00, 0x00, 0x00, 0x00, 0x00, 0x00, 0x00, 0x00, 0x00, 0x00,
    0x00, 0x00, 0x00, 0x00, 0x00, 0x00, 0x00, 0x00, 0x00, 0x00, 0x00, 0x00,
    0x00, 0x00, 0x00, 0x00, 0x00, 0x00, 0x00, 0x00, 0x00, 0x00, 0x00, 0x00,
    0x00, 0x00, 0x00, 0x00, 0xf8, 0xfc, 0xf8, 0x04, 0xf8, 0xfc, 0xf8, 0x28,
    0xf8, 0xfc, 0xf8, 0x34, 0xf8, 0xfc, 0xf8, 0x34, 0xf8, 0xfc, 0xf8, 0x30,
    0xf8, 0xfc, 0xf8, 0x34, 0xf8, 0xfc, 0xf8, 0x34, 0xf8, 0xfc, 0xf8, 0x30,
    0xf8, 0xfc, 0xf8, 0x34, 0xf8, 0xfc, 0xf8, 0x34, 0xf8, 0xfc, 0xf8, 0x30,
    0xf8, 0xfc, 0xf8, 0x34, 0xf8, 0xfc, 0xf8, 0x34, 0xf8, 0xfc, 0xf8, 0x30,
    0xf8, 0xfc, 0xf8, 0x34, 0xf8, 0xfc, 0xf8, 0x34, 0xf8, 0xfc, 0xf8, 0x30,
    0xf8, 0xfc, 0xf8, 0x34, 0xf8, 0xfc, 0xf8, 0x30, 0xf8, 0xfc, 0xf8, 0x34,
    0xf8, 0xfc, 0xf8, 0x34, 0xf8, 0xfc, 0xf8, 0x30, 0xf8, 0xfc, 0xf8, 0x34,
    0xf8, 0xfc, 0xf8, 0x34, 0xf8, 0xfc, 0xf8, 0x30, 0xf8, 0xfc, 0xf8, 0x18,
    0x00, 0x00, 0x00, 0x00, 0x00, 0x00, 0x00, 0x00, 0x00, 0x00, 0x00, 0x00,
    0x00, 0x00, 0x00, 0x00, 0x00, 0x00, 0x00, 0x00, 0x00, 0x00, 0x00, 0x00,
    0x00, 0x00, 0x00, 0x00, 0x00, 0x00, 0x00, 0x00, 0x00, 0x00, 0x00, 0x00,
    0x00, 0x00, 0x00, 0x00, 0x00, 0x00, 0x00, 0x00, 0x00, 0x00, 0x00, 0x00,
    0x00, 0x00, 0x00, 0x00, 0x00, 0x00, 0x00, 0x00, 0x00, 0x00, 0x00, 0x00,
    0x00, 0x00, 0x00, 0x00, 0x00, 0x00, 0x00, 0x00, 0xf8, 0xfc, 0xf8, 0x08,
    0xf8, 0xfc, 0xf8, 0x34, 0xf8, 0xfc, 0xf8, 0x30, 0xf8, 0xfc, 0xf8, 0x34,
    0xf8, 0xfc, 0xf8, 0x34, 0xf8, 0xfc, 0xf8, 0x34, 0xf8, 0xfc, 0xf8, 0x30,
    0xf8, 0xfc, 0xf8, 0x34, 0xf8, 0xfc, 0xf8, 0x34, 0xf8, 0xfc, 0xf8, 0x30,
    0xf8, 0xfc, 0xf8, 0x34, 0xf8, 0xfc, 0xf8, 0x34, 0xf8, 0xfc, 0xf8, 0x34,
    0xf8, 0xfc, 0xf8, 0x30, 0xf8, 0xfc, 0xf8, 0x34, 0xf8, 0xfc, 0xf8, 0x30,
    0xf8, 0xfc, 0xf8, 0x34, 0xf8, 0xfc, 0xf8, 0x34, 0xf8, 0xfc, 0xf8, 0x34,
    0xf8, 0xfc, 0xf8, 0x30, 0xf8, 0xfc, 0xf8, 0x34, 0xf8, 0xfc, 0xf8, 0x30,
    0xf8, 0xfc, 0xf8, 0x30, 0xf8, 0xfc, 0xf8, 0x34, 0xf8, 0xfc, 0xf8, 0x2c,
    0xf8, 0xfc, 0xf8, 0x04, 0x00, 0x00, 0x00, 0x00, 0x00, 0x00, 0x00, 0x00,
    0x00, 0x00, 0x00, 0x00, 0x00, 0x00, 0x00, 0x00, 0x00, 0x00, 0x00, 0x00,
    0x00, 0x00, 0x00, 0x00, 0x00, 0x00, 0x00, 0x00, 0x00, 0x00, 0x00, 0x00,
    0x00, 0x00, 0x00, 0x00, 0x00, 0x00, 0x00, 0x00, 0x00, 0x00, 0x00, 0x00,
    0x00, 0x00, 0x00, 0x00, 0x00, 0x00, 0x00, 0x00, 0x00, 0x00, 0x00, 0x00,
    0x00, 0x00, 0x00, 0x00, 0x00, 0x00, 0x00, 0x00, 0x00, 0x00, 0x00, 0x00,
    0x00, 0x00, 0x00, 0x00, 0x00, 0x00, 0x00, 0x00, 0x00, 0x00, 0x00, 0x00,
    0x00, 0x00, 0x00, 0x00, 0x00, 0x00, 0x00, 0x00, 0x00, 0x00, 0x00, 0x00,
    0x00, 0x00, 0x00, 0x00, 0x00, 0x00, 0x00, 0x00, 0x00, 0x00, 0x00, 0x00,
    0x00, 0x00, 0x00, 0x00, 0x00, 0x00, 0x00, 0x00, 0x00, 0x00, 0x00, 0x00,
    0x00, 0x00, 0x00, 0x00, 0x00, 0x00, 0x00, 0x00, 0x00, 0x00, 0x00, 0x00,
    0x00, 0x00, 0x00, 0x00, 0x00, 0x00, 0x00, 0x00, 0x00, 0x00, 0x00, 0x00,
    0x00, 0x00, 0x00, 0x00, 0x00, 0x00, 0x00, 0x00, 0x00, 0x00, 0x00, 0x00,
    0x00, 0x00, 0x00, 0x00, 0x00, 0x00, 0x00, 0x00, 0x00, 0x00, 0x00, 0x00,
    0x00, 0x00, 0x00, 0x00, 0x00, 0x00, 0x00, 0x00, 0x00, 0x00, 0x00, 0x00,
    0x00, 0x00, 0x00, 0x00, 0x00, 0x00, 0x00, 0x00, 0x00, 0x00, 0x00, 0x00,
    0x00, 0x00, 0x00, 0x00, 0x00, 0x00, 0x00, 0x00, 0x00, 0x00, 0x00, 0x00,
    0x00, 0x00, 0x00, 0x00, 0x00, 0x00, 0x00, 0x00, 0x00, 0x00, 0x00, 0x00,
    0x00, 0x00, 0x00, 0x00, 0x00, 0x00, 0x00, 0x00, 0x00, 0x00, 0x00, 0x00,
    0x00, 0x00, 0x00, 0x00, 0x00, 0x00, 0x00, 0x00, 0x00, 0x00, 0x00, 0x00,
    0x00, 0x00, 0x00, 0x00, 0x00, 0x00, 0x00, 0x00, 0x00, 0x00, 0x00, 0x00,
    0x00, 0x00, 0x00, 0x00, 0x00, 0x00, 0x00, 0x00, 0x00, 0x00, 0x00, 0x00,
    0x00, 0x00, 0x00, 0x00, 0x00, 0x00, 0x00, 0x00, 0x00, 0x00, 0x00, 0x00,
    0x00, 0x00, 0x00, 0x00, 0x00, 0x00, 0x00, 0x00, 0x00, 0x00, 0x00, 0x00,
    0x00, 0x00, 0x00, 0x00, 0x00, 0x00, 0x00, 0x00, 0x00, 0x00, 0x00, 0x00,
    0x00, 0x00, 0x00, 0x00, 0x00, 0x00, 0x00, 0x00, 0x00, 0x00, 0x00, 0x00,
    0x00, 0x00, 0x00, 0x00, 0x00, 0x00, 0x00, 0x00, 0x00, 0x00, 0x00, 0x00,
    0x00, 0x00, 0x00, 0x00, 0x00, 0x00, 0x00, 0x00, 0xf8, 0xfc, 0xf8, 0x04,
    0xf8, 0xfc, 0xf8, 0x2c, 0xf8, 0xfc, 0xf8, 0x34, 0xf8, 0xfc, 0xf8, 0x34,
    0xf8, 0xfc, 0xf8, 0x34, 0xf8, 0xfc, 0xf8, 0x34, 0xf8, 0xfc, 0xf8, 0x34,
    0xf8, 0xfc, 0xf8, 0x34, 0xf8, 0xfc, 0xf8, 0x34, 0xf8, 0xfc, 0xf8, 0x34,
    0xf8, 0xfc, 0xf8, 0x30, 0xf8, 0xfc, 0xf8, 0x34, 0xf8, 0xfc, 0xf8, 0x34,
    0xf8, 0xfc, 0xf8, 0x34, 0xf8, 0xfc, 0xf8, 0x34, 0xf8, 0xfc, 0xf8, 0x34,
    0xf8, 0xfc, 0xf8, 0x34, 0xf8, 0xfc, 0xf8, 0x30, 0xf8, 0xfc, 0xf8, 0x34,
    0xf8, 0xfc, 0xf8, 0x34, 0xf8, 0xfc, 0xf8, 0x34, 0xf8, 0xfc, 0xf8, 0x34,
    0xf8, 0xfc, 0xf8, 0x34, 0xf8, 0xfc, 0xf8, 0x34, 0xf8, 0xfc, 0xf8, 0x30,
    0xf8, 0xfc, 0xf8, 0x08, 0x00, 0x00, 0x00, 0x00, 0x00, 0x00, 0x00, 0x00,
    0x00, 0x00, 0x00, 0x00, 0x00, 0x00, 0x00, 0x00, 0x00, 0x00, 0x00, 0x00,
    0x00, 0x00, 0x00, 0x00, 0x00, 0x00, 0x00, 0x00, 0x00, 0x00, 0x00, 0x00,
    0x00, 0x00, 0x00, 0x00, 0x00, 0x00, 0x00, 0x00, 0x00, 0x00, 0x00, 0x00,
    0x00, 0x00, 0x00, 0x00, 0x00, 0x00, 0x00, 0x00, 0x00, 0x00, 0x00, 0x00,
    0x00, 0x00, 0x00, 0x00, 0x00, 0x00, 0x00, 0x00, 0xf8, 0xfc, 0xf8, 0x20,
    0xf8, 0xfc, 0xf8, 0x34, 0xf8, 0xfc, 0xf8, 0x34, 0xf8, 0xfc, 0xf8, 0x30,
    0xf8, 0xfc, 0xf8, 0x34, 0xf8, 0xfc, 0xf8, 0x34, 0xf8, 0xfc, 0xf8, 0x34,
    0xf8, 0xfc, 0xf8, 0x34, 0xf8, 0xfc, 0xf8, 0x34, 0xf8, 0xfc, 0xf8, 0x34,
    0xf8, 0xfc, 0xf8, 0x34, 0xf8, 0xfc, 0xf8, 0x34, 0xf8, 0xfc, 0xf8, 0x34,
    0xf8, 0xfc, 0xf8, 0x34, 0xf8, 0xfc, 0xf8, 0x34, 0xf8, 0xfc, 0xf8, 0x30,
    0xf8, 0xfc, 0xf8, 0x34, 0xf8, 0xfc, 0xf8, 0x34, 0xf8, 0xfc, 0xf8, 0x34,
    0xf8, 0xfc, 0xf8, 0x34, 0xf8, 0xfc, 0xf8, 0x34, 0xf8, 0xfc, 0xf8, 0x34,
    0xf8, 0xfc, 0xf8, 0x34, 0xf8, 0xfc, 0xf8, 0x34, 0xf8, 0xfc, 0xf8, 0x04,
    0x00, 0x00, 0x00, 0x00, 0x00, 0x00, 0x00, 0x00, 0x00, 0x00, 0x00, 0x00,
    0x00, 0x00, 0x00, 0x00, 0x00, 0x00, 0x00, 0x00, 0x00, 0x00, 0x00, 0x00,
    0x00, 0x00, 0x00, 0x00, 0x00, 0x00, 0x00, 0x00, 0x00, 0x00, 0x00, 0x00,
    0x00, 0x00, 0x00, 0x00, 0x00, 0x00, 0x00, 0x00, 0x00, 0x00, 0x00, 0x00,
    0x00, 0x00, 0x00, 0x00, 0x00, 0x00, 0x00, 0x00, 0x00, 0x00, 0x00, 0x00,
    0x00, 0x00, 0x00, 0x00, 0x00, 0x00, 0x00, 0x00, 0x00, 0x00, 0x00, 0x00,
    0x00, 0x00, 0x00, 0x00, 0x00, 0x00, 0x00, 0x00, 0x00, 0x00, 0x00, 0x00,
    0x00, 0x00, 0x00, 0x00, 0x00, 0x00, 0x00, 0x00, 0x00, 0x00, 0x00, 0x00,
    0x00, 0x00, 0x00, 0x00, 0x00, 0x00, 0x00, 0x00, 0x00, 0x00, 0x00, 0x00,
    0x00, 0x00, 0x00, 0x00, 0x00, 0x00, 0x00, 0x00, 0x00, 0x00, 0x00, 0x00,
    0x00, 0x00, 0x00, 0x00, 0x00, 0x00, 0x00, 0x00, 0x00, 0x00, 0x00, 0x00,
    0x00, 0x00, 0x00, 0x00, 0x00, 0x00, 0x00, 0x00, 0x00, 0x00, 0x00, 0x00,
    0x00, 0x00, 0x00, 0x00, 0x00, 0x00, 0x00, 0x00, 0x00, 0x00, 0x00, 0x00,
    0x00, 0x00, 0x00, 0x00, 0x00, 0x00, 0x00, 0x00, 0x00, 0x00, 0x00, 0x00,
    0x00, 0x00, 0x00, 0x00, 0x00, 0x00, 0x00, 0x00, 0x00, 0x00, 0x00, 0x00,
    0x00, 0x00, 0x00, 0x00, 0x00, 0x00, 0x00, 0x00, 0x00, 0x00, 0x00, 0x00,
    0x00, 0x00, 0x00, 0x00, 0x00, 0x00, 0x00, 0x00, 0x00, 0x00, 0x00, 0x00,
    0x00, 0x00, 0x00, 0x00, 0x00, 0x00, 0x00, 0x00, 0x00, 0x00, 0x00, 0x00,
    0x00, 0x00, 0x00, 0x00, 0x00, 0x00, 0x00, 0x00, 0x00, 0x00, 0x00, 0x00,
    0x00, 0x00, 0x00, 0x00, 0x00, 0x00, 0x00, 0x00, 0x00, 0x00, 0x00, 0x00,
    0x00, 0x00, 0x00, 0x00, 0x00, 0x00, 0x00, 0x00, 0x00, 0x00, 0x00, 0x00,
    0x00, 0x00, 0x00, 0x00, 0x00, 0x00, 0x00, 0x00, 0x00, 0x00, 0x00, 0x00,
    0x00, 0x00, 0x00, 0x00, 0x00, 0x00, 0x00, 0x00, 0x00, 0x00, 0x00, 0x00,
    0x00, 0x00, 0x00, 0x00, 0x00, 0x00, 0x00, 0x00, 0x00, 0x00, 0x00, 0x00,
    0x00, 0x00, 0x00, 0x00, 0x00, 0x00, 0x00, 0x00, 0x00, 0x00, 0x00, 0x00,
    0x00, 0x00, 0x00, 0x00, 0x00, 0x00, 0x00, 0x00, 0x00, 0x00, 0x00, 0x00,
    0x00, 0x00, 0x00, 0x00, 0x00, 0x00, 0x00, 0x00, 0x00, 0x00, 0x00, 0x00,
    0x00, 0x00, 0x00, 0x00, 0x00, 0x00, 0x00, 0x00, 0x00, 0x00, 0x00, 0x00,
    0xf8, 0xfc, 0xf8, 0x08, 0xf8, 0xfc, 0xf8, 0x30, 0xf8, 0xfc, 0xf8, 0x34,
    0xf8, 0xfc, 0xf8, 0x30, 0xf8, 0xfc, 0xf8, 0x30, 0xf8, 0xfc, 0xf8, 0x34,
    0xf8, 0xfc, 0xf8, 0x30, 0xf8, 0xfc, 0xf8, 0x34, 0xf8, 0xfc, 0xf8, 0x34,
    0xf8, 0xfc, 0xf8, 0x34, 0xf8, 0xfc, 0xf8, 0x30, 0xf8, 0xfc, 0xf8, 0x34,
    0xf8, 0xfc, 0xf8, 0x34, 0xf8, 0xfc, 0xf8, 0x30, 0xf8, 0xfc, 0xf8, 0x34,
    0xf8, 0xfc, 0xf8, 0x34, 0xf8, 0xfc, 0xf8, 0x34, 0xf8, 0xfc, 0xf8, 0x34,
    0xf8, 0xfc, 0xf8, 0x30, 0xf8, 0xfc, 0xf8, 0x34, 0xf8, 0xfc, 0xf8, 0x30,
    0xf8, 0xfc, 0xf8, 0x34, 0xf8, 0xfc, 0xf8, 0x34, 0xf8, 0xfc, 0xf8, 0x34,
    0xf8, 0xfc, 0xf8, 0x20, 0x00, 0x00, 0x00, 0x00, 0x00, 0x00, 0x00, 0x00,
    0x00, 0x00, 0x00, 0x00, 0x00, 0x00, 0x00, 0x00, 0x00, 0x00, 0x00, 0x00,
    0x00, 0x00, 0x00, 0x00, 0x00, 0x00, 0x00, 0x00, 0x00, 0x00, 0x00, 0x00,
    0x00, 0x00, 0x00, 0x00, 0x00, 0x00, 0x00, 0x00, 0x00, 0x00, 0x00, 0x00,
    0x00, 0x00, 0x00, 0x00, 0x00, 0x00, 0x00, 0x00, 0x00, 0x00, 0x00, 0x00,
    0x00, 0x00, 0x00, 0x00, 0xf8, 0xfc, 0xf8, 0x08, 0xf8, 0xfc, 0xf8, 0x30,
    0xf8, 0xfc, 0xf8, 0x34, 0xf8, 0xfc, 0xf8, 0x34, 0xf8, 0xfc, 0xf8, 0x34,
    0xf8, 0xfc, 0xf8, 0x30, 0xf8, 0xfc, 0xf8, 0x34, 0xf8, 0xfc, 0xf8, 0x30,
    0xf8, 0xfc, 0xf8, 0x34, 0xf8, 0xfc, 0xf8, 0x30, 0xf8, 0xfc, 0xf8, 0x34,
    0xf8, 0xfc, 0xf8, 0x30, 0xf8, 0xfc, 0xf8, 0x34, 0xf8, 0xfc, 0xf8, 0x30,
    0xf8, 0xfc, 0xf8, 0x34, 0xf8, 0xfc, 0xf8, 0x34, 0xf8, 0xfc, 0xf8, 0x34,
    0xf8, 0xfc, 0xf8, 0x30, 0xf8, 0xfc, 0xf8, 0x34, 0xf8, 0xfc, 0xf8, 0x30,
    0xf8, 0xfc, 0xf8, 0x34, 0xf8, 0xfc, 0xf8, 0x34, 0xf8, 0xfc, 0xf8, 0x30,
    0xf8, 0xfc, 0xf8, 0x34, 0xf8, 0xfc, 0xf8, 0x14, 0x00, 0x00, 0x00, 0x00,
    0x00, 0x00, 0x00, 0x00, 0x00, 0x00, 0x00, 0x00, 0x00, 0x00, 0x00, 0x00,
    0x00, 0x00, 0x00, 0x00, 0x00, 0x00, 0x00, 0x00, 0x00, 0x00, 0x00, 0x00,
    0x00, 0x00, 0x00, 0x00, 0x00, 0x00, 0x00, 0x00, 0x00, 0x00, 0x00, 0x00,
    0x00, 0x00, 0x00, 0x00, 0x00, 0x00, 0x00, 0x00, 0x00, 0x00, 0x00, 0x00,
    0x00, 0x00, 0x00, 0x00, 0x00, 0x00, 0x00, 0x00, 0x00, 0x00, 0x00, 0x00,
    0x00, 0x00, 0x00, 0x00, 0x00, 0x00, 0x00, 0x00, 0x00, 0x00, 0x00, 0x00,
    0x00, 0x00, 0x00, 0x00, 0x00, 0x00, 0x00, 0x00, 0x00, 0x00, 0x00, 0x00,
    0x00, 0x00, 0x00, 0x00, 0x00, 0x00, 0x00, 0x00, 0x00, 0x00, 0x00, 0x00,
    0x00, 0x00, 0x00, 0x00, 0x00, 0x00, 0x00, 0x00, 0x00, 0x00, 0x00, 0x00,
    0x00, 0x00, 0x00, 0x00, 0x00, 0x00, 0x00, 0x00, 0x00, 0x00, 0x00, 0x00,
    0x00, 0x00, 0x00, 0x00, 0x00, 0x00, 0x00, 0x00, 0x00, 0x00, 0x00, 0x00,
    0x00, 0x00, 0x00, 0x00, 0x00, 0x00, 0x00, 0x00, 0x00, 0x00, 0x00, 0x00,
    0x00, 0x00, 0x00, 0x00, 0x00, 0x00, 0x00, 0x00, 0x00, 0x00, 0x00, 0x00,
    0x00, 0x00, 0x00, 0x00, 0x00, 0x00, 0x00, 0x00, 0x00, 0x00, 0x00, 0x00,
    0x00, 0x00, 0x00, 0x00, 0x00, 0x00, 0x00, 0x00, 0x00, 0x00, 0x00, 0x00,
    0x00, 0x00, 0x00, 0x00, 0x00, 0x00, 0x00, 0x00, 0x00, 0x00, 0x00, 0x00,
    0x00, 0x00, 0x00, 0x00, 0x00, 0x00, 0x00, 0x00, 0x00, 0x00, 0x00, 0x00,
    0x00, 0x00, 0x00, 0x00, 0x00, 0x00, 0x00, 0x00, 0x00, 0x00, 0x00, 0x00,
    0x00, 0x00, 0x00, 0x00, 0x00, 0x00, 0x00, 0x00, 0x00, 0x00, 0x00, 0x00,
    0x00, 0x00, 0x00, 0x00, 0x00, 0x00, 0x00, 0x00, 0x00, 0x00, 0x00, 0x00,
    0x00, 0x00, 0x00, 0x00, 0x00, 0x00, 0x00, 0x00, 0x00, 0x00, 0x00, 0x00,
    0x00, 0x00, 0x00, 0x00, 0x00, 0x00, 0x00, 0x00, 0x00, 0x00, 0x00, 0x00,
    0x00, 0x00, 0x00, 0x00, 0x00, 0x00, 0x00, 0x00, 0x00, 0x00, 0x00, 0x00,
    0x00, 0x00, 0x00, 0x00, 0x00, 0x00, 0x00, 0x00, 0x00, 0x00, 0x00, 0x00,
    0x00, 0x00, 0x00, 0x00, 0x00, 0x00, 0x00, 0x00, 0x00, 0x00, 0x00, 0x00,
    0x00, 0x00, 0x00, 0x00, 0x00, 0x00, 0x00, 0x00, 0x00, 0x00, 0x00, 0x00,
    0x00, 0x00, 0x00, 0x00, 0x00, 0x00, 0x00, 0x00, 0x00, 0x00, 0x00, 0x00,
    0x00, 0x00, 0x00, 0x00, 0x00, 0x00, 0x00, 0x00, 0x00, 0x00, 0x00, 0x00,
    0x00, 0x00, 0x00, 0x00, 0xf8, 0xfc, 0xf8, 0x14, 0xf8, 0xfc, 0xf8, 0x34,
    0xf8, 0xfc, 0xf8, 0x34, 0xf8, 0xfc, 0xf8, 0x34, 0xf8, 0xfc, 0xf8, 0x34,
    0xf8, 0xfc, 0xf8, 0x34, 0xf8, 0xfc, 0xf8, 0x30, 0xf8, 0xfc, 0xf8, 0x34,
    0xf8, 0xfc, 0xf8, 0x34, 0xf8, 0xfc, 0xf8, 0x34, 0xf8, 0xfc, 0xf8, 0x30,
    0xf8, 0xfc, 0xf8, 0x34, 0xf8, 0xfc, 0xf8, 0x34, 0xf8, 0xfc, 0xf8, 0x30,
    0xf8, 0xfc, 0xf8, 0x34, 0xf8, 0xfc, 0xf8, 0x34, 0xf8, 0xfc, 0xf8, 0x30,
    0xf8, 0xfc, 0xf8, 0x34, 0xf8, 0xfc, 0xf8, 0x34, 0xf8, 0xfc, 0xf8, 0x34,
    0xf8, 0xfc, 0xf8, 0x30, 0xf8, 0xfc, 0xf8, 0x34, 0xf8, 0xfc, 0xf8, 0x30,
    0xf8, 0xfc, 0xf8, 0x34, 0xf8, 0xfc, 0xf8, 0x08, 0x00, 0x00, 0x00, 0x00,
    0x00, 0x00, 0x00, 0x00, 0x00, 0x00, 0x00, 0x00, 0x00, 0x00, 0x00, 0x00,
    0x00, 0x00, 0x00, 0x00, 0x00, 0x00, 0x00, 0x00, 0x00, 0x00, 0x00, 0x00,
    0x00, 0x00, 0x00, 0x00, 0x00, 0x00, 0x00, 0x00, 0x00, 0x00, 0x00, 0x00,
    0x00, 0x00, 0x00, 0x00, 0x00, 0x00, 0x00, 0x00, 0x00, 0x00, 0x00, 0x00,
    0x00, 0x00, 0x00, 0x00, 0xf8, 0xfc, 0xf8, 0x20, 0xf8, 0xfc, 0xf8, 0x34,
    0xf8, 0xfc, 0xf8, 0x34, 0xf8, 0xfc, 0xf8, 0x30, 0xf8, 0xfc, 0xf8, 0x34,
    0xf8, 0xfc, 0xf8, 0x34, 0xf8, 0xfc, 0xf8, 0x34, 0xf8, 0xfc, 0xf8, 0x34,
    0xf8, 0xfc, 0xf8, 0x30, 0xf8, 0xfc, 0xf8, 0x34, 0xf8, 0xfc, 0xf8, 0x34,
    0xf8, 0xfc, 0xf8, 0x34, 0xf8, 0xfc, 0xf8, 0x34, 0xf8, 0xfc, 0xf8, 0x34,
    0xf8, 0xfc, 0xf8, 0x30, 0xf8, 0xfc, 0xf8, 0x34, 0xf8, 0xfc, 0xf8, 0x34,
    0xf8, 0xfc, 0xf8, 0x34, 0xf8, 0xfc, 0xf8, 0x34, 0xf8, 0xfc, 0xf8, 0x30,
    0xf8, 0xfc, 0xf8, 0x34, 0xf8, 0xfc, 0xf8, 0x34, 0xf8, 0xfc, 0xf8, 0x34,
    0xf8, 0xfc, 0xf8, 0x1c, 0x00, 0x00, 0x00, 0x00, 0x00, 0x00, 0x00, 0x00,
    0x00, 0x00, 0x00, 0x00, 0x00, 0x00, 0x00, 0x00, 0x00, 0x00, 0x00, 0x00,
    0x00, 0x00, 0x00, 0x00, 0x00, 0x00, 0x00, 0x00, 0x00, 0x00, 0x00, 0x00,
    0x00, 0x00, 0x00, 0x00, 0x00, 0x00, 0x00, 0x00, 0x00, 0x00, 0x00, 0x00,
    0x00, 0x00, 0x00, 0x00, 0x00, 0x00, 0x00, 0x00, 0x00, 0x00, 0x00, 0x00,
    0x00, 0x00, 0x00, 0x00, 0x00, 0x00, 0x00, 0x00, 0x00, 0x00, 0x00, 0x00,
    0x00, 0x00, 0x00, 0x00, 0x00, 0x00, 0x00, 0x00, 0x00, 0x00, 0x00, 0x00,
    0x00, 0x00, 0x00, 0x00, 0x00, 0x00, 0x00, 0x00, 0x00, 0x00, 0x00, 0x00,
    0x00, 0x00, 0x00, 0x00, 0x00, 0x00, 0x00, 0x00, 0x00, 0x00, 0x00, 0x00,
    0x00, 0x00, 0x00, 0x00, 0x00, 0x00, 0x00, 0x00, 0x00, 0x00, 0x00, 0x00,
    0x00, 0x00, 0x00, 0x00, 0x00, 0x00, 0x00, 0x00, 0x00, 0x00, 0x00, 0x00,
    0x00, 0x00, 0x00, 0x00, 0x00, 0x00, 0x00, 0x00, 0x00, 0x00, 0x00, 0x00,
    0x00, 0x00, 0x00, 0x00, 0x00, 0x00, 0x00, 0x00, 0x00, 0x00, 0x00, 0x00,
    0x00, 0x00, 0x00, 0x00, 0x00, 0x00, 0x00, 0x00, 0x00, 0x00, 0x00, 0x00,
    0x00, 0x00, 0x00, 0x00, 0x00, 0x00, 0x00, 0x00, 0x00, 0x00, 0x00, 0x00,
    0x00, 0x00, 0x00, 0x00, 0x00, 0x00, 0x00, 0x00, 0x00, 0x00, 0x00, 0x00,
    0x00, 0x00, 0x00, 0x00, 0x00, 0x00, 0x00, 0x00, 0x00, 0x00, 0x00, 0x00,
    0x00, 0x00, 0x00, 0x00, 0x00, 0x00, 0x00, 0x00, 0x00, 0x00, 0x00, 0x00,
    0x00, 0x00, 0x00, 0x00, 0x00, 0x00, 0x00, 0x00, 0x00, 0x00, 0x00, 0x00,
    0x00, 0x00, 0x00, 0x00, 0x00, 0x00, 0x00, 0x00, 0x00, 0x00, 0x00, 0x00,
    0x00, 0x00, 0x00, 0x00, 0x00, 0x00, 0x00, 0x00, 0x00, 0x00, 0x00, 0x00,
    0x00, 0x00, 0x00, 0x00, 0x00, 0x00, 0x00, 0x00, 0x00, 0x00, 0x00, 0x00,
    0x00, 0x00, 0x00, 0x00, 0x00, 0x00, 0x00, 0x00, 0x00, 0x00, 0x00, 0x00,
    0x00, 0x00, 0x00, 0x00, 0x00, 0x00, 0x00, 0x00, 0x00, 0x00, 0x00, 0x00,
    0x00, 0x00, 0x00, 0x00, 0x00, 0x00, 0x00, 0x00, 0x00, 0x00, 0x00, 0x00,
    0x00, 0x00, 0x00, 0x00, 0x00, 0x00, 0x00, 0x00, 0x00, 0x00, 0x00, 0x00,
    0x00, 0x00, 0x00, 0x00, 0x00, 0x00, 0x00, 0x00, 0x00, 0x00, 0x00, 0x00,
    0x00, 0x00, 0x00, 0x00, 0x00, 0x00, 0x00, 0x00, 0x00, 0x00, 0x00, 0x00,
    0x00, 0x00, 0x00, 0x00, 0x00, 0x00, 0x00, 0x00, 0x00, 0x00, 0x00, 0x00,
    0x00, 0x00, 0x00, 0x00, 0x00, 0x00, 0x00, 0x00, 0xf8, 0xfc, 0xf8, 0x1c,
    0xf8, 0xfc, 0xf8, 0x34, 0xf8, 0xfc, 0xf8, 0x34, 0xf8, 0xfc, 0xf8, 0x34,
    0xf8, 0xfc, 0xf8, 0x34, 0xf8, 0xfc, 0xf8, 0x30, 0xf8, 0xfc, 0xf8, 0x34,
    0xf8, 0xfc, 0xf8, 0x34, 0xf8, 0xfc, 0xf8, 0x34, 0xf8, 0xfc, 0xf8, 0x34,
    0xf8, 0xfc, 0xf8, 0x34, 0xf8, 0xfc, 0xf8, 0x34, 0xf8, 0xfc, 0xf8, 0x30,
    0xf8, 0xfc, 0xf8, 0x34, 0xf8, 0xfc, 0xf8, 0x34, 0xf8, 0xfc, 0xf8, 0x34,
    0xf8, 0xfc, 0xf8, 0x34, 0xf8, 0xfc, 0xf8, 0x34, 0xf8, 0xfc, 0xf8, 0x30,
    0xf8, 0xfc, 0xf8, 0x34, 0xf8, 0xfc, 0xf8, 0x34, 0xf8, 0xfc, 0xf8, 0x34,
    0xf8, 0xfc, 0xf8, 0x30, 0xf8, 0xfc, 0xf8, 0x20, 0x00, 0x00, 0x00, 0x00,
    0x00, 0x00, 0x00, 0x00, 0x00, 0x00, 0x00, 0x00, 0x00, 0x00, 0x00, 0x00,
    0x00, 0x00, 0x00, 0x00, 0x00, 0x00, 0x00, 0x00, 0x00, 0x00, 0x00, 0x00,
    0x00, 0x00, 0x00, 0x00, 0x00, 0x00, 0x00, 0x00, 0x00, 0x00, 0x00, 0x00,
    0x00, 0x00, 0x00, 0x00, 0x00, 0x00, 0x00, 0x00, 0x00, 0x00, 0x00, 0x00,
    0xf8, 0xfc, 0xf8, 0x08, 0xf8, 0xfc, 0xf8, 0x34, 0xf8, 0xfc, 0xf8, 0x34,
    0xf8, 0xfc, 0xf8, 0x30, 0xf8, 0xfc, 0xf8, 0x34, 0xf8, 0xfc, 0xf8, 0x34,
    0xf8, 0xfc, 0xf8, 0x30, 0xf8, 0xfc, 0xf8, 0x34, 0xf8, 0xfc, 0xf8, 0x34,
    0xf8, 0xfc, 0xf8, 0x34, 0xf8, 0xfc, 0xf8, 0x34, 0xf8, 0xfc, 0xf8, 0x34,
    0xf8, 0xfc, 0xf8, 0x30, 0xf8, 0xfc, 0xf8, 0x34, 0xf8, 0xfc, 0xf8, 0x34,
    0xf8, 0xfc, 0xf8, 0x34, 0xf8, 0xfc, 0xf8, 0x30, 0xf8, 0xfc, 0xf8, 0x34,
    0xf8, 0xfc, 0xf8, 0x34, 0xf8, 0xfc, 0xf8, 0x34, 0xf8, 0xfc, 0xf8, 0x34,
    0xf8, 0xfc, 0xf8, 0x30, 0xf8, 0xfc, 0xf8, 0x34, 0xf8, 0xfc, 0xf8, 0x2c,
    0xf8, 0xfc, 0xf8, 0x04, 0x00, 0x00, 0x00, 0x00, 0x00, 0x00, 0x00, 0x00,
    0x00, 0x00, 0x00, 0x00, 0x00, 0x00, 0x00, 0x00, 0x00, 0x00, 0x00, 0x00,
    0x00, 0x00, 0x00, 0x00, 0x00, 0x00, 0x00, 0x00, 0x00, 0x00, 0x00, 0x00,
    0x00, 0x00, 0x00, 0x00, 0x00, 0x00, 0x00, 0x00, 0x00, 0x00, 0x00, 0x00,
    0x00, 0x00, 0x00, 0x00, 0x00, 0x00, 0x00, 0x00, 0x00, 0x00, 0x00, 0x00,
    0x00, 0x00, 0x00, 0x00, 0x00, 0x00, 0x00, 0x00, 0x00, 0x00, 0x00, 0x00,
    0x00, 0x00, 0x00, 0x00, 0x00, 0x00, 0x00, 0x00, 0x00, 0x00, 0x00, 0x00,
    0x00, 0x00, 0x00, 0x00, 0x00, 0x00, 0x00, 0x00, 0x00, 0x00, 0x00, 0x00,
    0x00, 0x00, 0x00, 0x00, 0x00, 0x00, 0x00, 0x00, 0x00, 0x00, 0x00, 0x00,
    0x00, 0x00, 0x00, 0x00, 0x00, 0x00, 0x00, 0x00, 0x00, 0x00, 0x00, 0x00,
    0x00, 0x00, 0x00, 0x00, 0x00, 0x00, 0x00, 0x00, 0x00, 0x00, 0x00, 0x00,
    0x00, 0x00, 0x00, 0x00, 0x00, 0x00, 0x00, 0x00, 0x00, 0x00, 0x00, 0x00,
    0x00, 0x00, 0x00, 0x00, 0x00, 0x00, 0x00, 0x00, 0x00, 0x00, 0x00, 0x00,
    0x00, 0x00, 0x00, 0x00, 0x00, 0x00, 0x00, 0x00, 0x00, 0x00, 0x00, 0x00,
    0x00, 0x00, 0x00, 0x00, 0x00, 0x00, 0x00, 0x00, 0x00, 0x00, 0x00, 0x00,
    0x00, 0x00, 0x00, 0x00, 0x00, 0x00, 0x00, 0x00, 0x00, 0x00, 0x00, 0x00,
    0x00, 0x00, 0x00, 0x00, 0x00, 0x00, 0x00, 0x00, 0x00, 0x00, 0x00, 0x00,
    0x00, 0x00, 0x00, 0x00, 0x00, 0x00, 0x00, 0x00, 0x00, 0x00, 0x00, 0x00,
    0x00, 0x00, 0x00, 0x00, 0x00, 0x00, 0x00, 0x00, 0x00, 0x00, 0x00, 0x00,
    0x00, 0x00, 0x00, 0x00, 0x00, 0x00, 0x00, 0x00, 0x00, 0x00, 0x00, 0x00,
    0x00, 0x00, 0x00, 0x00, 0x00, 0x00, 0x00, 0x00, 0x00, 0x00, 0x00, 0x00,
    0x00, 0x00, 0x00, 0x00, 0x00, 0x00, 0x00, 0x00, 0x00, 0x00, 0x00, 0x00,
    0x00, 0x00, 0x00, 0x00, 0x00, 0x00, 0x00, 0x00, 0x00, 0x00, 0x00, 0x00,
    0x00, 0x00, 0x00, 0x00, 0x00, 0x00, 0x00, 0x00, 0x00, 0x00, 0x00, 0x00,
    0x00, 0x00, 0x00, 0x00, 0x00, 0x00, 0x00, 0x00, 0x00, 0x00, 0x00, 0x00,
    0x00, 0x00, 0x00, 0x00, 0x00, 0x00, 0x00, 0x00, 0x00, 0x00, 0x00, 0x00,
    0x00, 0x00, 0x00, 0x00, 0x00, 0x00, 0x00, 0x00, 0x00, 0x00, 0x00, 0x00,
    0x00, 0x00, 0x00, 0x00, 0x00, 0x00, 0x00, 0x00, 0x00, 0x00, 0x00, 0x00,
    0x00, 0x00, 0x00, 0x00, 0x00, 0x00, 0x00, 0x00, 0x00, 0x00, 0x00, 0x00,
    0x00, 0x00, 0x00, 0x00, 0x00, 0x00, 0x00, 0x00, 0xf8, 0xfc, 0xf8, 0x04,
    0xf8, 0xfc, 0xf8, 0x2c, 0xf8, 0xfc, 0xf8, 0x30, 0xf8, 0xfc, 0xf8, 0x34,
    0xf8, 0xfc, 0xf8, 0x34, 0xf8, 0xfc, 0xf8, 0x34, 0xf8, 0xfc, 0xf8, 0x30,
    0xf8, 0xfc, 0xf8, 0x34, 0xf8, 0xfc, 0xf8, 0x30, 0xf8, 0xfc, 0xf8, 0x34,
    0xf8, 0xfc, 0xf8, 0x34, 0xf8, 0xfc, 0xf8, 0x30, 0xf8, 0xfc, 0xf8, 0x34,
    0xf8, 0xfc, 0xf8, 0x34, 0xf8, 0xfc, 0xf8, 0x30, 0xf8, 0xfc, 0xf8, 0x34,
    0xf8, 0xfc, 0xf8, 0x34, 0xf8, 0xfc, 0xf8, 0x30, 0xf8, 0xfc, 0xf8, 0x34,
    0xf8, 0xfc, 0xf8, 0x34, 0xf8, 0xfc, 0xf8, 0x34, 0xf8, 0xfc, 0xf8, 0x34,
    0xf8, 0xfc, 0xf8, 0x34, 0xf8, 0xfc, 0xf8, 0x34, 0xf8, 0xfc, 0xf8, 0x04,
    0x00, 0x00, 0x00, 0x00, 0x00, 0x00, 0x00, 0x00, 0x00, 0x00, 0x00, 0x00,
    0x00, 0x00, 0x00, 0x00, 0x00, 0x00, 0x00, 0x00, 0x00, 0x00, 0x00, 0x00,
    0x00, 0x00, 0x00, 0x00, 0x00, 0x00, 0x00, 0x00, 0x00, 0x00, 0x00, 0x00,
    0x00, 0x00, 0x00, 0x00, 0x00, 0x00, 0x00, 0x00, 0x00, 0x00, 0x00, 0x00,
    0xf8, 0xfc, 0xf8, 0x20, 0xf8, 0xfc, 0xf8, 0x30, 0xf8, 0xfc, 0xf8, 0x34,
    0xf8, 0xfc, 0xf8, 0x34, 0xf8, 0xfc, 0xf8, 0x34, 0xf8, 0xfc, 0xf8, 0x34,
    0xf8, 0xfc, 0xf8, 0x30, 0xf8, 0xfc, 0xf8, 0x34, 0xf8, 0xfc, 0xf8, 0x34,
    0xf8, 0xfc, 0xf8, 0x30, 0xf8, 0xfc, 0xf8, 0x34, 0xf8, 0xfc, 0xf8, 0x34,
    0xf8, 0xfc, 0xf8, 0x30, 0xf8, 0xfc, 0xf8, 0x34, 0xf8, 0xfc, 0xf8, 0x34,
    0xf8, 0xfc, 0xf8, 0x30, 0xf8, 0xfc, 0xf8, 0x34, 0xf8, 0xfc, 0xf8, 0x34,
    0xf8, 0xfc, 0xf8, 0x30, 0xf8, 0xfc, 0xf8, 0x34, 0xf8, 0xfc, 0xf8, 0x34,
    0xf8, 0xfc, 0xf8, 0x34, 0xf8, 0xfc, 0xf8, 0x30, 0xf8, 0xfc, 0xf8, 0x04,
    0x00, 0x00, 0x00, 0x00, 0x00, 0x00, 0x00, 0x00, 0x00, 0x00, 0x00, 0x00,
    0x00, 0x00, 0x00, 0x00, 0x00, 0x00, 0x00, 0x00, 0x00, 0x00, 0x00, 0x00,
    0x00, 0x00, 0x00, 0x00, 0x00, 0x00, 0x00, 0x00, 0x00, 0x00, 0x00, 0x00,
    0x00, 0x00, 0x00, 0x00, 0x00, 0x00, 0x00, 0x00, 0x00, 0x00, 0x00, 0x00,
    0x00, 0x00, 0x00, 0x00, 0x00, 0x00, 0x00, 0x00, 0x00, 0x00, 0x00, 0x00,
    0x00, 0x00, 0x00, 0x00, 0x00, 0x00, 0x00, 0x00, 0x00, 0x00, 0x00, 0x00,
    0x00, 0x00, 0x00, 0x00, 0x00, 0x00, 0x00, 0x00, 0x00, 0x00, 0x00, 0x00,
    0x00, 0x00, 0x00, 0x00, 0x00, 0x00, 0x00, 0x00, 0x00, 0x00, 0x00, 0x00,
    0x00, 0x00, 0x00, 0x00, 0x00, 0x00, 0x00, 0x00, 0x00, 0x00, 0x00, 0x00,
    0x00, 0x00, 0x00, 0x00, 0x00, 0x00, 0x00, 0x00, 0x00, 0x00, 0x00, 0x00,
    0x00, 0x00, 0x00, 0x00, 0x00, 0x00, 0x00, 0x00, 0x00, 0x00, 0x00, 0x00,
    0x00, 0x00, 0x00, 0x00, 0x00, 0x00, 0x00, 0x00, 0x00, 0x00, 0x00, 0x00,
    0x00, 0x00, 0x00, 0x00, 0x00, 0x00, 0x00, 0x00, 0x00, 0x00, 0x00, 0x00,
    0x00, 0x00, 0x00, 0x00, 0x00, 0x00, 0x00, 0x00, 0x00, 0x00, 0x00, 0x00,
    0x00, 0x00, 0x00, 0x00, 0x00, 0x00, 0x00, 0x00, 0x00, 0x00, 0x00, 0x00,
    0x00, 0x00, 0x00, 0x00, 0x00, 0x00, 0x00, 0x00, 0x00, 0x00, 0x00, 0x00,
    0x00, 0x00, 0x00, 0x00, 0x00, 0x00, 0x00, 0x00, 0x00, 0x00, 0x00, 0x00,
    0x00, 0x00, 0x00, 0x00, 0x00, 0x00, 0x00, 0x00, 0x00, 0x00, 0x00, 0x00,
    0x00, 0x00, 0x00, 0x00, 0x00, 0x00, 0x00, 0x00, 0x00, 0x00, 0x00, 0x00,
    0x00, 0x00, 0x00, 0x00, 0x00, 0x00, 0x00, 0x00, 0x00, 0x00, 0x00, 0x00,
    0x00, 0x00, 0x00, 0x00, 0x00, 0x00, 0x00, 0x00, 0x00, 0x00, 0x00, 0x00,
    0x00, 0x00, 0x00, 0x00, 0x00, 0x00, 0x00, 0x00, 0x00, 0x00, 0x00, 0x00,
    0x00, 0x00, 0x00, 0x00, 0x00, 0x00, 0x00, 0x00, 0x00, 0x00, 0x00, 0x00,
    0x00, 0x00, 0x00, 0x00, 0x00, 0x00, 0x00, 0x00, 0x00, 0x00, 0x00, 0x00,
    0x00, 0x00, 0x00, 0x00, 0x00, 0x00, 0x00, 0x00, 0x00, 0x00, 0x00, 0x00,
    0x00, 0x00, 0x00, 0x00, 0x00, 0x00, 0x00, 0x00, 0x00, 0x00, 0x00, 0x00,
    0x00, 0x00, 0x00, 0x00, 0x00, 0x00, 0x00, 0x00, 0x00, 0x00, 0x00, 0x00,
    0x00, 0x00, 0x00, 0x00, 0x00, 0x00, 0x00, 0x00, 0x00, 0x00, 0x00, 0x00,
    0x00, 0x00, 0x00, 0x00, 0x00, 0x00, 0x00, 0x00, 0x00, 0x00, 0x00, 0x00,
    0x00, 0x00, 0x00, 0x00, 0x00, 0x00, 0x00, 0x00, 0x00, 0x00, 0x00, 0x00,
    0xf8, 0xfc, 0xf8, 0x0c, 0xf8, 0xfc, 0xf8, 0x34, 0xf8, 0xfc, 0xf8, 0x30,
    0xf8, 0xfc, 0xf8, 0x34, 0xf8, 0xfc, 0xf8, 0x34, 0xf8, 0xfc, 0xf8, 0x34,
    0xf8, 0xfc, 0xf8, 0x34, 0xf8, 0xfc, 0xf8, 0x30, 0xf8, 0xfc, 0xf8, 0x34,
    0xf8, 0xfc, 0xf8, 0x34, 0xf8, 0xfc, 0xf8, 0x30, 0xf8, 0xfc, 0xf8, 0x34,
    0xf8, 0xfc, 0xf8, 0x34, 0xf8, 0xfc, 0xf8, 0x30, 0xf8, 0xfc, 0xf8, 0x34,
    0xf8, 0xfc, 0xf8, 0x34, 0xf8, 0xfc, 0xf8, 0x30, 0xf8, 0xfc, 0xf8, 0x34,
    0xf8, 0xfc, 0xf8, 0x34, 0xf8, 0xfc, 0xf8, 0x30, 0xf8, 0xfc, 0xf8, 0x30,
    0xf8, 0xfc, 0xf8, 0x34, 0xf8, 0xfc, 0xf8, 0x34, 0xf8, 0xfc, 0xf8, 0x18,
    0x00, 0x00, 0x00, 0x00, 0x00, 0x00, 0x00, 0x00, 0x00, 0x00, 0x00, 0x00,
    0x00, 0x00, 0x00, 0x00, 0x00, 0x00, 0x00, 0x00, 0x00, 0x00, 0x00, 0x00,
    0x00, 0x00, 0x00, 0x00, 0x00, 0x00, 0x00, 0x00, 0x00, 0x00, 0x00, 0x00,
    0x00, 0x00, 0x00, 0x00, 0x00, 0x00, 0x00, 0x00, 0x00, 0x00, 0x00, 0x00,
    0xf8, 0xfc, 0xf8, 0x2c, 0xf8, 0xfc, 0xf8, 0x34, 0xf8, 0xfc, 0xf8, 0x34,
    0xf8, 0xfc, 0xf8, 0x30, 0xf8, 0xfc, 0xf8, 0x34, 0xf8, 0xfc, 0xf8, 0x34,
    0xf8, 0xfc, 0xf8, 0x34, 0xf8, 0xfc, 0xf8, 0x34, 0xf8, 0xfc, 0xf8, 0x30,
    0xf8, 0xfc, 0xf8, 0x34, 0xf8, 0xfc, 0xf8, 0x34, 0xf8, 0xfc, 0xf8, 0x34,
    0xf8, 0xfc, 0xf8, 0x34, 0xf8, 0xfc, 0xf8, 0x34, 0xf8, 0xfc, 0xf8, 0x30,
    0xf8, 0xfc, 0xf8, 0x34, 0xf8, 0xfc, 0xf8, 0x34, 0xf8, 0xfc, 0xf8, 0x34,
    0xf8, 0xfc, 0xf8, 0x30, 0xf8, 0xfc, 0xf8, 0x34, 0xf8, 0xfc, 0xf8, 0x34,
    0xf8, 0xfc, 0xf8, 0x34, 0xf8, 0xfc, 0xf8, 0x1c, 0x00, 0x00, 0x00, 0x00,
    0x00, 0x00, 0x00, 0x00, 0x00, 0x00, 0x00, 0x00, 0x00, 0x00, 0x00, 0x00,
    0x00, 0x00, 0x00, 0x00, 0x00, 0x00, 0x00, 0x00, 0x00, 0x00, 0x00, 0x00,
    0x00, 0x00, 0x00, 0x00, 0x00, 0x00, 0x00, 0x00, 0x00, 0x00, 0x00, 0x00,
    0x00, 0x00, 0x00, 0x00, 0x00, 0x00, 0x00, 0x00, 0x00, 0x00, 0x00, 0x00,
    0x00, 0x00, 0x00, 0x00, 0x00, 0x00, 0x00, 0x00, 0x00, 0x00, 0x00, 0x00,
    0x00, 0x00, 0x00, 0x00, 0x00, 0x00, 0x00, 0x00, 0x00, 0x00, 0x00, 0x00,
    0x00, 0x00, 0x00, 0x00, 0x00, 0x00, 0x00, 0x00, 0x00, 0x00, 0x00, 0x00,
    0x00, 0x00, 0x00, 0x00, 0x00, 0x00, 0x00, 0x00, 0x00, 0x00, 0x00, 0x00,
    0x00, 0x00, 0x00, 0x00, 0x00, 0x00, 0x00, 0x00, 0x00, 0x00, 0x00, 0x00,
    0x00, 0x00, 0x00, 0x00, 0x00, 0x00, 0x00, 0x00, 0x00, 0x00, 0x00, 0x00,
    0x00, 0x00, 0x00, 0x00, 0x00, 0x00, 0x00, 0x00, 0x00, 0x00, 0x00, 0x00,
    0x00, 0x00, 0x00, 0x00, 0x00, 0x00, 0x00, 0x00, 0x00, 0x00, 0x00, 0x00,
    0x00, 0x00, 0x00, 0x00, 0x00, 0x00, 0x00, 0x00, 0x00, 0x00, 0x00, 0x00,
    0x00, 0x00, 0x00, 0x00, 0x00, 0x00, 0x00, 0x00, 0x00, 0x00, 0x00, 0x00,
    0x00, 0x00, 0x00, 0x00, 0x00, 0x00, 0x00, 0x00, 0x00, 0x00, 0x00, 0x00,
    0x00, 0x00, 0x00, 0x00, 0x00, 0x00, 0x00, 0x00, 0x00, 0x00, 0x00, 0x00,
    0x00, 0x00, 0x00, 0x00, 0x00, 0x00, 0x00, 0x00, 0x00, 0x00, 0x00, 0x00,
    0x00, 0x00, 0x00, 0x00, 0x00, 0x00, 0x00, 0x00, 0x00, 0x00, 0x00, 0x00,
    0x00, 0x00, 0x00, 0x00, 0x00, 0x00, 0x00, 0x00, 0x00, 0x00, 0x00, 0x00,
    0x00, 0x00, 0x00, 0x00, 0x00, 0x00, 0x00, 0x00, 0x00, 0x00, 0x00, 0x00,
    0x00, 0x00, 0x00, 0x00, 0x00, 0x00, 0x00, 0x00, 0x00, 0x00, 0x00, 0x00,
    0x00, 0x00, 0x00, 0x00, 0x00, 0x00, 0x00, 0x00, 0x00, 0x00, 0x00, 0x00,
    0x00, 0x00, 0x00, 0x00, 0x00, 0x00, 0x00, 0x00, 0x00, 0x00, 0x00, 0x00,
    0x00, 0x00, 0x00, 0x00, 0x00, 0x00, 0x00, 0x00, 0x00, 0x00, 0x00, 0x00,
    0x00, 0x00, 0x00, 0x00, 0x00, 0x00, 0x00, 0x00, 0x00, 0x00, 0x00, 0x00,
    0x00, 0x00, 0x00, 0x00, 0x00, 0x00, 0x00, 0x00, 0x00, 0x00, 0x00, 0x00,
    0x00, 0x00, 0x00, 0x00, 0x00, 0x00, 0x00, 0x00, 0x00, 0x00, 0x00, 0x00,
    0x00, 0x00, 0x00, 0x00, 0x00, 0x00, 0x00, 0x00, 0x00, 0x00, 0x00, 0x00,
    0x00, 0x00, 0x00, 0x00, 0x00, 0x00, 0x00, 0x00, 0x00, 0x00, 0x00, 0x00,
    0x00, 0x00, 0x00, 0x00, 0x00, 0x00, 0x00, 0x00, 0x00, 0x00, 0x00, 0x00,
    0x00, 0x00, 0x00, 0x00, 0xf8, 0xfc, 0xf8, 0x1c, 0xf8, 0xfc, 0xf8, 0x34,
    0xf8, 0xfc, 0xf8, 0x30, 0xf8, 0xfc, 0xf8, 0x34, 0xf8, 0xfc, 0xf8, 0x34,
    0xf8, 0xfc, 0xf8, 0x34, 0xf8, 0xfc, 0xf8, 0x34, 0xf8, 0xfc, 0xf8, 0x34,
    0xf8, 0xfc, 0xf8, 0x34, 0xf8, 0xfc, 0xf8, 0x34, 0xf8, 0xfc, 0xf8, 0x34,
    0xf8, 0xfc, 0xf8, 0x34, 0xf8, 0xfc, 0xf8, 0x34, 0xf8, 0xfc, 0xf8, 0x34,
    0xf8, 0xfc, 0xf8, 0x34, 0xf8, 0xfc, 0xf8, 0x34, 0xf8, 0xfc, 0xf8, 0x34,
    0xf8, 0xfc, 0xf8, 0x34, 0xf8, 0xfc, 0xf8, 0x34, 0xf8, 0xfc, 0xf8, 0x34,
    0xf8, 0xfc, 0xf8, 0x30, 0xf8, 0xfc, 0xf8, 0x34, 0xf8, 0xfc, 0xf8, 0x30,
    0xf8, 0xfc, 0xf8, 0x00, 0x00, 0x00, 0x00, 0x00, 0x00, 0x00, 0x00, 0x00,
    0x00, 0x00, 0x00, 0x00, 0x00, 0x00, 0x00, 0x00, 0x00, 0x00, 0x00, 0x00,
    0x00, 0x00, 0x00, 0x00, 0x00, 0x00, 0x00, 0x00, 0x00, 0x00, 0x00, 0x00,
    0x00, 0x00, 0x00, 0x00, 0x00, 0x00, 0x00, 0x00, 0xf8, 0xfc, 0xf8, 0x14,
    0xf8, 0xfc, 0xf8, 0x34, 0xf8, 0xfc, 0xf8, 0x34, 0xf8, 0xfc, 0xf8, 0x34,
    0xf8, 0xfc, 0xf8, 0x30, 0xf8, 0xfc, 0xf8, 0x34, 0xf8, 0xfc, 0xf8, 0x34,
    0xf8, 0xfc, 0xf8, 0x30, 0xf8, 0xfc, 0xf8, 0x34, 0xf8, 0xfc, 0xf8, 0x34,
    0xf8, 0xfc, 0xf8, 0x34, 0xf8, 0xfc, 0xf8, 0x30, 0xf8, 0xfc, 0xf8, 0x30,
    0xf8, 0xfc, 0xf8, 0x34, 0xf8, 0xfc, 0xf8, 0x34, 0xf8, 0xfc, 0xf8, 0x34,
    0xf8, 0xfc, 0xf8, 0x34, 0xf8, 0xfc, 0xf8, 0x34, 0xf8, 0xfc, 0xf8, 0x30,
    0xf8, 0xfc, 0xf8, 0x34, 0xf8, 0xfc, 0xf8, 0x34, 0xf8, 0xfc, 0xf8, 0x30,
    0xf8, 0xfc, 0xf8, 0x2c, 0xf8, 0xfc, 0xf8, 0x04, 0x00, 0x00, 0x00, 0x00,
    0x00, 0x00, 0x00, 0x00, 0x00, 0x00, 0x00, 0x00, 0x00, 0x00, 0x00, 0x00,
    0x00, 0x00, 0x00, 0x00, 0x00, 0x00, 0x00, 0x00, 0x00, 0x00, 0x00, 0x00,
    0x00, 0x00, 0x00, 0x00, 0x00, 0x00, 0x00, 0x00, 0x00, 0x00, 0x00, 0x00,
    0x00, 0x00, 0x00, 0x00, 0x00, 0x00, 0x00, 0x00, 0x00, 0x00, 0x00, 0x00,
    0x00, 0x00, 0x00, 0x00, 0x00, 0x00, 0x00, 0x00, 0x00, 0x00, 0x00, 0x00,
    0x00, 0x00, 0x00, 0x00, 0x00, 0x00, 0x00, 0x00, 0x00, 0x00, 0x00, 0x00,
    0x00, 0x00, 0x00, 0x00, 0x00, 0x00, 0x00, 0x00, 0x00, 0x00, 0x00, 0x00,
    0x00, 0x00, 0x00, 0x00, 0x00, 0x00, 0x00, 0x00, 0x00, 0x00, 0x00, 0x00,
    0x00, 0x00, 0x00, 0x00, 0x00, 0x00, 0x00, 0x00, 0x00, 0x00, 0x00, 0x00,
    0x00, 0x00, 0x00, 0x00, 0x00, 0x00, 0x00, 0x00, 0x00, 0x00, 0x00, 0x00,
    0x00, 0x00, 0x00, 0x00, 0x00, 0x00, 0x00, 0x00, 0x00, 0x00, 0x00, 0x00,
    0x00, 0x00, 0x00, 0x00, 0x00, 0x00, 0x00, 0x00, 0x00, 0x00, 0x00, 0x00,
    0x00, 0x00, 0x00, 0x00, 0x00, 0x00, 0x00, 0x00, 0x00, 0x00, 0x00, 0x00,
    0x00, 0x00, 0x00, 0x00, 0x00, 0x00, 0x00, 0x00, 0x00, 0x00, 0x00, 0x00,
    0x00, 0x00, 0x00, 0x00, 0x00, 0x00, 0x00, 0x00, 0x00, 0x00, 0x00, 0x00,
    0x00, 0x00, 0x00, 0x00, 0x00, 0x00, 0x00, 0x00, 0x00, 0x00, 0x00, 0x00,
    0x00, 0x00, 0x00, 0x00, 0x00, 0x00, 0x00, 0x00, 0x00, 0x00, 0x00, 0x00,
    0x00, 0x00, 0x00, 0x00, 0x00, 0x00, 0x00, 0x00, 0x00, 0x00, 0x00, 0x00,
    0x00, 0x00, 0x00, 0x00, 0x00, 0x00, 0x00, 0x00, 0x00, 0x00, 0x00, 0x00,
    0x00, 0x00, 0x00, 0x00, 0x00, 0x00, 0x00, 0x00, 0x00, 0x00, 0x00, 0x00,
    0x00, 0x00, 0x00, 0x00, 0x00, 0x00, 0x00, 0x00, 0x00, 0x00, 0x00, 0x00,
    0x00, 0x00, 0x00, 0x00, 0x00, 0x00, 0x00, 0x00, 0x00, 0x00, 0x00, 0x00,
    0x00, 0x00, 0x00, 0x00, 0x00, 0x00, 0x00, 0x00, 0x00, 0x00, 0x00, 0x00,
    0x00, 0x00, 0x00, 0x00, 0x00, 0x00, 0x00, 0x00, 0x00, 0x00, 0x00, 0x00,
    0x00, 0x00, 0x00, 0x00, 0x00, 0x00, 0x00, 0x00, 0x00, 0x00, 0x00, 0x00,
    0x00, 0x00, 0x00, 0x00, 0x00, 0x00, 0x00, 0x00, 0x00, 0x00, 0x00, 0x00,
    0x00, 0x00, 0x00, 0x00, 0x00, 0x00, 0x00, 0x00, 0x00, 0x00, 0x00, 0x00,
    0x00, 0x00, 0x00, 0x00, 0x00, 0x00, 0x00, 0x00, 0x00, 0x00, 0x00, 0x00,
    0x00, 0x00, 0x00, 0x00, 0x00, 0x00, 0x00, 0x00, 0x00, 0x00, 0x00, 0x00,
    0x00, 0x00, 0x00, 0x00, 0x00, 0x00, 0x00, 0x00, 0x00, 0x00, 0x00, 0x00,
    0x00, 0x00, 0x00, 0x00, 0xf8, 0xfc, 0xf8, 0x04, 0xf8, 0xfc, 0xf8, 0x30,
    0xf8, 0xfc, 0xf8, 0x34, 0xf8, 0xfc, 0xf8, 0x30, 0xf8, 0xfc, 0xf8, 0x34,
    0xf8, 0xfc, 0xf8, 0x30, 0xf8, 0xfc, 0xf8, 0x34, 0xf8, 0xfc, 0xf8, 0x30,
    0xf8, 0xfc, 0xf8, 0x34, 0xf8, 0xfc, 0xf8, 0x34, 0xf8, 0xfc, 0xf8, 0x30,
    0xf8, 0xfc, 0xf8, 0x34, 0xf8, 0xfc, 0xf8, 0x34, 0xf8, 0xfc, 0xf8, 0x30,
    0xf8, 0xfc, 0xf8, 0x34, 0xf8, 0xfc, 0xf8, 0x30, 0xf8, 0xfc, 0xf8, 0x34,
    0xf8, 0xfc, 0xf8, 0x30, 0xf8, 0xfc, 0xf8, 0x34, 0xf8, 0xfc, 0xf8, 0x34,
    0xf8, 0xfc, 0xf8, 0x34, 0xf8, 0xfc, 0xf8, 0x34, 0xf8, 0xfc, 0xf8, 0x34,
    0xf8, 0xfc, 0xf8, 0x14, 0x00, 0x00, 0x00, 0x00, 0x00, 0x00, 0x00, 0x00,
    0x00, 0x00, 0x00, 0x00, 0x00, 0x00, 0x00, 0x00, 0x00, 0x00, 0x00, 0x00,
    0x00, 0x00, 0x00, 0x00, 0x00, 0x00, 0x00, 0x00, 0x00, 0x00, 0x00, 0x00,
    0x00, 0x00, 0x00, 0x00, 0x00, 0x00, 0x00, 0x00, 0xf8, 0xfc, 0xf8, 0x28,
    0xf8, 0xfc, 0xf8, 0x34, 0xf8, 0xfc, 0xf8, 0x30, 0xf8, 0xfc, 0xf8, 0x34,
    0xf8, 0xfc, 0xf8, 0x34, 0xf8, 0xfc, 0xf8, 0x34, 0xf8, 0xfc, 0xf8, 0x30,
    0xf8, 0xfc, 0xf8, 0x34, 0xf8, 0xfc, 0xf8, 0x34, 0xf8, 0xfc, 0xf8, 0x34,
    0xf8, 0xfc, 0xf8, 0x34, 0xf8, 0xfc, 0xf8, 0x34, 0xf8, 0xfc, 0xf8, 0x34,
    0xf8, 0xfc, 0xf8, 0x30, 0xf8, 0xfc, 0xf8, 0x34, 0xf8, 0xfc, 0xf8, 0x34,
    0xf8, 0xfc, 0xf8, 0x30, 0xf8, 0xfc, 0xf8, 0x34, 0xf8, 0xfc, 0xf8, 0x34,
    0xf8, 0xfc, 0xf8, 0x34, 0xf8, 0xfc, 0xf8, 0x34, 0xf8, 0xfc, 0xf8, 0x34,
    0xf8, 0xfc, 0xf8, 0x14, 0x00, 0x00, 0x00, 0x00, 0x00, 0x00, 0x00, 0x00,
    0x00, 0x00, 0x00, 0x00, 0x00, 0x00, 0x00, 0x00, 0x00, 0x00, 0x00, 0x00,
    0x00, 0x00, 0x00, 0x00, 0x00, 0x00, 0x00, 0x00, 0x00, 0x00, 0x00, 0x00,
    0x00, 0x00, 0x00, 0x00, 0x00, 0x00, 0x00, 0x00, 0x00, 0x00, 0x00, 0x00,
    0x00, 0x00, 0x00, 0x00, 0x00, 0x00, 0x00, 0x00, 0x00, 0x00, 0x00, 0x00,
    0x00, 0x00, 0x00, 0x00, 0x00, 0x00, 0x00, 0x00, 0x00, 0x00, 0x00, 0x00,
    0x00, 0x00, 0x00, 0x00, 0x00, 0x00, 0x00, 0x00, 0x00, 0x00, 0x00, 0x00,
    0x00, 0x00, 0x00, 0x00, 0x00, 0x00, 0x00, 0x00, 0x00, 0x00, 0x00, 0x00,
    0x00, 0x00, 0x00, 0x00, 0x00, 0x00, 0x00, 0x00, 0x00, 0x00, 0x00, 0x00,
    0x00, 0x00, 0x00, 0x00, 0x00, 0x00, 0x00, 0x00, 0x00, 0x00, 0x00, 0x00,
    0x00, 0x00, 0x00, 0x00, 0x00, 0x00, 0x00, 0x00, 0x00, 0x00, 0x00, 0x00,
    0x00, 0x00, 0x00, 0x00, 0x00, 0x00, 0x00, 0x00, 0x00, 0x00, 0x00, 0x00,
    0x00, 0x00, 0x00, 0x00, 0x00, 0x00, 0x00, 0x00, 0x00, 0x00, 0x00, 0x00,
    0x00, 0x00, 0x00, 0x00, 0x00, 0x00, 0x00, 0x00, 0x00, 0x00, 0x00, 0x00,
    0x00, 0x00, 0x00, 0x00, 0x00, 0x00, 0x00, 0x00, 0x00, 0x00, 0x00, 0x00,
    0x00, 0x00, 0x00, 0x00, 0x00, 0x00, 0x00, 0x00, 0x00, 0x00, 0x00, 0x00,
    0x00, 0x00, 0x00, 0x00, 0x00, 0x00, 0x00, 0x00, 0x00, 0x00, 0x00, 0x00,
    0x00, 0x00, 0x00, 0x00, 0x00, 0x00, 0x00, 0x00, 0x00, 0x00, 0x00, 0x00,
    0x00, 0x00, 0x00, 0x00, 0x00, 0x00, 0x00, 0x00, 0x00, 0x00, 0x00, 0x00,
    0x00, 0x00, 0x00, 0x00, 0x00, 0x00, 0x00, 0x00, 0x00, 0x00, 0x00, 0x00,
    0x00, 0x00, 0x00, 0x00, 0x00, 0x00, 0x00, 0x00, 0x00, 0x00, 0x00, 0x00,
    0x00, 0x00, 0x00, 0x00, 0x00, 0x00, 0x00, 0x00, 0x00, 0x00, 0x00, 0x00,
    0x00, 0x00, 0x00, 0x00, 0x00, 0x00, 0x00, 0x00, 0x00, 0x00, 0x00, 0x00,
    0x00, 0x00, 0x00, 0x00, 0x00, 0x00, 0x00, 0x00, 0x00, 0x00, 0x00, 0x00,
    0x00, 0x00, 0x00, 0x00, 0x00, 0x00, 0x00, 0x00, 0x00, 0x00, 0x00, 0x00,
    0x00, 0x00, 0x00, 0x00, 0x00, 0x00, 0x00, 0x00, 0x00, 0x00, 0x00, 0x00,
    0x00, 0x00, 0x00, 0x00, 0x00, 0x00, 0x00, 0x00, 0x00, 0x00, 0x00, 0x00,
    0x00, 0x00, 0x00, 0x00, 0x00, 0x00, 0x00, 0x00, 0x00, 0x00, 0x00, 0x00,
    0x00, 0x00, 0x00, 0x00, 0x00, 0x00, 0x00, 0x00, 0x00, 0x00, 0x00, 0x00,
    0x00, 0x00, 0x00, 0x00, 0x00, 0x00, 0x00, 0x00, 0x00, 0x00, 0x00, 0x00,
    0x00, 0x00, 0x00, 0x00, 0x00, 0x00, 0x00, 0x00, 0x00, 0x00, 0x00, 0x00,
    0x00, 0x00, 0x00, 0x00, 0x00, 0x00, 0x00, 0x00, 0xf8, 0xfc, 0xf8, 0x14,
    0xf8, 0xfc, 0xf8, 0x34, 0xf8, 0xfc, 0xf8, 0x34, 0xf8, 0xfc, 0xf8, 0x34,
    0xf8, 0xfc, 0xf8, 0x34, 0xf8, 0xfc, 0xf8, 0x30, 0xf8, 0xfc, 0xf8, 0x34,
    0xf8, 0xfc, 0xf8, 0x34, 0xf8, 0xfc, 0xf8, 0x30, 0xf8, 0xfc, 0xf8, 0x34,
    0xf8, 0xfc, 0xf8, 0x34, 0xf8, 0xfc, 0xf8, 0x30, 0xf8, 0xfc, 0xf8, 0x34,
    0xf8, 0xfc, 0xf8, 0x34, 0xf8, 0xfc, 0xf8, 0x34, 0xf8, 0xfc, 0xf8, 0x30,
    0xf8, 0xfc, 0xf8, 0x34, 0xf8, 0xfc, 0xf8, 0x34, 0xf8, 0xfc, 0xf8, 0x30,
    0xf8, 0xfc, 0xf8, 0x34, 0xf8, 0xfc, 0xf8, 0x34, 0xf8, 0xfc, 0xf8, 0x34,
    0xf8, 0xfc, 0xf8, 0x24, 0x00, 0x00, 0x00, 0x00, 0x00, 0x00, 0x00, 0x00,
    0x00, 0x00, 0x00, 0x00, 0x00, 0x00, 0x00, 0x00, 0x00, 0x00, 0x00, 0x00,
    0x00, 0x00, 0x00, 0x00, 0x00, 0x00, 0x00, 0x00, 0x00, 0x00, 0x00, 0x00,
    0x00, 0x00, 0x00, 0x00, 0xf8, 0xfc, 0xf8, 0x08, 0xf8, 0xfc, 0xf8, 0x34,
    0xf8, 0xfc, 0xf8, 0x34, 0xf8, 0xfc, 0xf8, 0x34, 0xf8, 0xfc, 0xf8, 0x30,
    0xf8, 0xfc, 0xf8, 0x34, 0xf8, 0xfc, 0xf8, 0x34, 0xf8, 0xfc, 0xf8, 0x34,
    0xf8, 0xfc, 0xf8, 0x34, 0xf8, 0xfc, 0xf8, 0x30, 0xf8, 0xfc, 0xf8, 0x30,
    0xf8, 0xfc, 0xf8, 0x34, 0xf8, 0xfc, 0xf8, 0x34, 0xf8, 0xfc, 0xf8, 0x34,
    0xf8, 0xfc, 0xf8, 0x34, 0xf8, 0xfc, 0xf8, 0x30, 0xf8, 0xfc, 0xf8, 0x34,
    0xf8, 0xfc, 0xf8, 0x34, 0xf8, 0xfc, 0xf8, 0x30, 0xf8, 0xfc, 0xf8, 0x34,
    0xf8, 0xfc, 0xf8, 0x34, 0xf8, 0xfc, 0xf8, 0x30, 0xf8, 0xfc, 0xf8, 0x2c,
    0x00, 0x00, 0x00, 0x00, 0x00, 0x00, 0x00, 0x00, 0x00, 0x00, 0x00, 0x00,
    0x00, 0x00, 0x00, 0x00, 0x00, 0x00, 0x00, 0x00, 0x00, 0x00, 0x00, 0x00,
    0x00, 0x00, 0x00, 0x00, 0x00, 0x00, 0x00, 0x00, 0x00, 0x00, 0x00, 0x00,
    0x00, 0x00, 0x00, 0x00, 0x00, 0x00, 0x00, 0x00, 0x00, 0x00, 0x00, 0x00,
    0x00, 0x00, 0x00, 0x00, 0x00, 0x00, 0x00, 0x00, 0x00, 0x00, 0x00, 0x00,
    0x00, 0x00, 0x00, 0x00, 0x00, 0x00, 0x00, 0x00, 0x00, 0x00, 0x00, 0x00,
    0x00, 0x00, 0x00, 0x00, 0x00, 0x00, 0x00, 0x00, 0x00, 0x00, 0x00, 0x00,
    0x00, 0x00, 0x00, 0x00, 0x00, 0x00, 0x00, 0x00, 0x00, 0x00, 0x00, 0x00,
    0x00, 0x00, 0x00, 0x00, 0x00, 0x00, 0x00, 0x00, 0x00, 0x00, 0x00, 0x00,
    0x00, 0x00, 0x00, 0x00, 0x00, 0x00, 0x00, 0x00, 0x00, 0x00, 0x00, 0x00,
    0x00, 0x00, 0x00, 0x00, 0x00, 0x00, 0x00, 0x00, 0x00, 0x00, 0x00, 0x00,
    0x00, 0x00, 0x00, 0x00, 0x00, 0x00, 0x00, 0x00, 0x00, 0x00, 0x00, 0x00,
    0x00, 0x00, 0x00, 0x00, 0x00, 0x00, 0x00, 0x00, 0x00, 0x00, 0x00, 0x00,
    0x00, 0x00, 0x00, 0x00, 0x00, 0x00, 0x00, 0x00, 0x00, 0x00, 0x00, 0x00,
    0x00, 0x00, 0x00, 0x00, 0x00, 0x00, 0x00, 0x00, 0x00, 0x00, 0x00, 0x00,
    0x00, 0x00, 0x00, 0x00, 0x00, 0x00, 0x00, 0x00, 0x00, 0x00, 0x00, 0x00,
    0x00, 0x00, 0x00, 0x00, 0x00, 0x00, 0x00, 0x00, 0x00, 0x00, 0x00, 0x00,
    0x00, 0x00, 0x00, 0x00, 0x00, 0x00, 0x00, 0x00, 0x00, 0x00, 0x00, 0x00,
    0x00, 0x00, 0x00, 0x00, 0x00, 0x00, 0x00, 0x00, 0x00, 0x00, 0x00, 0x00,
    0x00, 0x00, 0x00, 0x00, 0x00, 0x00, 0x00, 0x00, 0x00, 0x00, 0x00, 0x00,
    0x00, 0x00, 0x00, 0x00, 0x00, 0x00, 0x00, 0x00, 0x00, 0x00, 0x00, 0x00,
    0x00, 0x00, 0x00, 0x00, 0x00, 0x00, 0x00, 0x00, 0x00, 0x00, 0x00, 0x00,
    0x00, 0x00, 0x00, 0x00, 0x00, 0x00, 0x00, 0x00, 0x00, 0x00, 0x00, 0x00,
    0x00, 0x00, 0x00, 0x00, 0x00, 0x00, 0x00, 0x00, 0x00, 0x00, 0x00, 0x00,
    0x00, 0x00, 0x00, 0x00, 0x00, 0x00, 0x00, 0x00, 0x00, 0x00, 0x00, 0x00,
    0x00, 0x00, 0x00, 0x00, 0x00, 0x00, 0x00, 0x00, 0x00, 0x00, 0x00, 0x00,
    0x00, 0x00, 0x00, 0x00, 0x00, 0x00, 0x00, 0x00, 0x00, 0x00, 0x00, 0x00,
    0x00, 0x00, 0x00, 0x00, 0x00, 0x00, 0x00, 0x00, 0x00, 0x00, 0x00, 0x00,
    0x00, 0x00, 0x00, 0x00, 0x00, 0x00, 0x00, 0x00, 0x00, 0x00, 0x00, 0x00,
    0x00, 0x00, 0x00, 0x00, 0x00, 0x00, 0x00, 0x00, 0x00, 0x00, 0x00, 0x00,
    0x00, 0x00, 0x00, 0x00, 0x00, 0x00, 0x00, 0x00, 0x00, 0x00, 0x00, 0x00,
    0x00, 0x00, 0x00, 0x00, 0x00, 0x00, 0x00, 0x00, 0x00, 0x00, 0x00, 0x00,
    0xf8, 0xfc, 0xf8, 0x24, 0xf8, 0xfc, 0xf8, 0x34, 0xf8, 0xfc, 0xf8, 0x34,
    0xf8, 0xfc, 0xf8, 0x34, 0xf8, 0xfc, 0xf8, 0x34, 0xf8, 0xfc, 0xf8, 0x34,
    0xf8, 0xfc, 0xf8, 0x34, 0xf8, 0xfc, 0xf8, 0x30, 0xf8, 0xfc, 0xf8, 0x34,
    0xf8, 0xfc, 0xf8, 0x34, 0xf8, 0xfc, 0xf8, 0x34, 0xf8, 0xfc, 0xf8, 0x34,
    0xf8, 0xfc, 0xf8, 0x34, 0xf8, 0xfc, 0xf8, 0x34, 0xf8, 0xfc, 0xf8, 0x34,
    0xf8, 0xfc, 0xf8, 0x34, 0xf8, 0xfc, 0xf8, 0x34, 0xf8, 0xfc, 0xf8, 0x30,
    0xf8, 0xfc, 0xf8, 0x34, 0xf8, 0xfc, 0xf8, 0x34, 0xf8, 0xfc, 0xf8, 0x30,
    0xf8, 0xfc, 0xf8, 0x34, 0xf8, 0xfc, 0xf8, 0x0c, 0x00, 0x00, 0x00, 0x00,
    0x00, 0x00, 0x00, 0x00, 0x00, 0x00, 0x00, 0x00, 0x00, 0x00, 0x00, 0x00,
    0x00, 0x00, 0x00, 0x00, 0x00, 0x00, 0x00, 0x00, 0x00, 0x00, 0x00, 0x00,
    0x00, 0x00, 0x00, 0x00, 0xf8, 0xfc, 0xf8, 0x20, 0xf8, 0xfc, 0xf8, 0x34,
    0xf8, 0xfc, 0xf8, 0x34, 0xf8, 0xfc, 0xf8, 0x34, 0xf8, 0xfc, 0xf8, 0x34,
    0xf8, 0xfc, 0xf8, 0x30, 0xf8, 0xfc, 0xf8, 0x34, 0xf8, 0xfc, 0xf8, 0x34,
    0xf8, 0xfc, 0xf8, 0x34, 0xf8, 0xfc, 0xf8, 0x34, 0xf8, 0xfc, 0xf8, 0x34,
    0xf8, 0xfc, 0xf8, 0x30, 0xf8, 0xfc, 0xf8, 0x34, 0xf8, 0xfc, 0xf8, 0x34,
    0xf8, 0xfc, 0xf8, 0x30, 0xf8, 0xfc, 0xf8, 0x34, 0xf8, 0xfc, 0xf8, 0x34,
    0xf8, 0xfc, 0xf8, 0x34, 0xf8, 0xfc, 0xf8, 0x34, 0xf8, 0xfc, 0xf8, 0x30,
    0xf8, 0xfc, 0xf8, 0x34, 0xf8, 0xfc, 0xf8, 0x34, 0xf8, 0xfc, 0xf8, 0x0c,
    0x00, 0x00, 0x00, 0x00, 0x00, 0x00, 0x00, 0x00, 0x00, 0x00, 0x00, 0x00,
    0x00, 0x00, 0x00, 0x00, 0x00, 0x00, 0x00, 0x00, 0x00, 0x00, 0x00, 0x00,
    0x00, 0x00, 0x00, 0x00, 0x00, 0x00, 0x00, 0x00, 0x00, 0x00, 0x00, 0x00,
    0x00, 0x00, 0x00, 0x00, 0x00, 0x00, 0x00, 0x00, 0x00, 0x00, 0x00, 0x00,
    0x00, 0x00, 0x00, 0x00, 0x00, 0x00, 0x00, 0x00, 0x00, 0x00, 0x00, 0x00,
    0x00, 0x00, 0x00, 0x00, 0x00, 0x00, 0x00, 0x00, 0x00, 0x00, 0x00, 0x00,
    0x00, 0x00, 0x00, 0x00, 0x00, 0x00, 0x00, 0x00, 0x00, 0x00, 0x00, 0x00,
    0x00, 0x00, 0x00, 0x00, 0x00, 0x00, 0x00, 0x00, 0x00, 0x00, 0x00, 0x00,
    0x00, 0x00, 0x00, 0x00, 0x00, 0x00, 0x00, 0x00, 0x00, 0x00, 0x00, 0x00,
    0x00, 0x00, 0x00, 0x00, 0x00, 0x00, 0x00, 0x00, 0x00, 0x00, 0x00, 0x00,
    0x00, 0x00, 0x00, 0x00, 0x00, 0x00, 0x00, 0x00, 0x00, 0x00, 0x00, 0x00,
    0x00, 0x00, 0x00, 0x00, 0x00, 0x00, 0x00, 0x00, 0x00, 0x00, 0x00, 0x00,
    0x00, 0x00, 0x00, 0x00, 0x00, 0x00, 0x00, 0x00, 0x00, 0x00, 0x00, 0x00,
    0x00, 0x00, 0x00, 0x00, 0x00, 0x00, 0x00, 0x00, 0x00, 0x00, 0x00, 0x00,
    0x00, 0x00, 0x00, 0x00, 0x00, 0x00, 0x00, 0x00, 0x00, 0x00, 0x00, 0x00,
    0x00, 0x00, 0x00, 0x00, 0x00, 0x00, 0x00, 0x00, 0x00, 0x00, 0x00, 0x00,
    0x00, 0x00, 0x00, 0x00, 0x00, 0x00, 0x00, 0x00, 0x00, 0x00, 0x00, 0x00,
    0x00, 0x00, 0x00, 0x00, 0x00, 0x00, 0x00, 0x00, 0x00, 0x00, 0x00, 0x00,
    0x00, 0x00, 0x00, 0x00, 0x00, 0x00, 0x00, 0x00, 0x00, 0x00, 0x00, 0x00,
    0x00, 0x00, 0x00, 0x00, 0x00, 0x00, 0x00, 0x00, 0x00, 0x00, 0x00, 0x00,
    0x00, 0x00, 0x00, 0x00, 0x00, 0x00, 0x00, 0x00, 0x00, 0x00, 0x00, 0x00,
    0x00, 0x00, 0x00, 0x00, 0x00, 0x00, 0x00, 0x00, 0x00, 0x00, 0x00, 0x00,
    0x00, 0x00, 0x00, 0x00, 0x00, 0x00, 0x00, 0x00, 0x00, 0x00, 0x00, 0x00,
    0x00, 0x00, 0x00, 0x00, 0x00, 0x00, 0x00, 0x00, 0x00, 0x00, 0x00, 0x00,
    0x00, 0x00, 0x00, 0x00, 0x00, 0x00, 0x00, 0x00, 0x00, 0x00, 0x00, 0x00,
    0x00, 0x00, 0x00, 0x00, 0x00, 0x00, 0x00, 0x00, 0x00, 0x00, 0x00, 0x00,
    0x00, 0x00, 0x00, 0x00, 0x00, 0x00, 0x00, 0x00, 0x00, 0x00, 0x00, 0x00,
    0x00, 0x00, 0x00, 0x00, 0x00, 0x00, 0x00, 0x00, 0x00, 0x00, 0x00, 0x00,
    0x00, 0x00, 0x00, 0x00, 0x00, 0x00, 0x00, 0x00, 0x00, 0x00, 0x00, 0x00,
    0x00, 0x00, 0x00, 0x00, 0x00, 0x00, 0x00, 0x00, 0x00, 0x00, 0x00, 0x00,
    0x00, 0x00, 0x00, 0x00, 0x00, 0x00, 0x00, 0x00, 0x00, 0x00, 0x00, 0x00,
    0x00, 0x00, 0x00, 0x00, 0x00, 0x00, 0x00, 0x00, 0x00, 0x00, 0x00, 0x00,
    0xf8, 0xfc, 0xf8, 0x0c, 0xf8, 0xfc, 0xf8, 0x30, 0xf8, 0xfc, 0xf8, 0x34,
    0xf8, 0xfc, 0xf8, 0x30, 0xf8, 0xfc, 0xf8, 0x34, 0xf8, 0xfc, 0xf8, 0x34,
    0xf8, 0xfc, 0xf8, 0x30, 0xf8, 0xfc, 0xf8, 0x34, 0xf8, 0xfc, 0xf8, 0x34,
    0xf8, 0xfc, 0xf8, 0x30, 0xf8, 0xfc, 0xf8, 0x34, 0xf8, 0xfc, 0xf8, 0x30,
    0xf8, 0xfc, 0xf8, 0x30, 0xf8, 0xfc, 0xf8, 0x34, 0xf8, 0xfc, 0xf8, 0x34,
    0xf8, 0xfc, 0xf8, 0x30, 0xf8, 0xfc, 0xf8, 0x34, 0xf8, 0xfc, 0xf8, 0x34,
    0xf8, 0xfc, 0xf8, 0x34, 0xf8, 0xfc, 0xf8, 0x30, 0xf8, 0xfc, 0xf8, 0x34,
    0xf8, 0xfc, 0xf8, 0x34, 0xf8, 0xfc, 0xf8, 0x1c, 0x00, 0x00, 0x00, 0x00,
    0x00, 0x00, 0x00, 0x00, 0x00, 0x00, 0x00, 0x00, 0x00, 0x00, 0x00, 0x00,
    0x00, 0x00, 0x00, 0x00, 0x00, 0x00, 0x00, 0x00, 0x00, 0x00, 0x00, 0x00,
    0x00, 0x00, 0x00, 0x00, 0xf8, 0xfc, 0xf8, 0x2c, 0xf8, 0xfc, 0xf8, 0x34,
    0xf8, 0xfc, 0xf8, 0x30, 0xf8, 0xfc, 0xf8, 0x34, 0xf8, 0xfc, 0xf8, 0x34,
    0xf8, 0xfc, 0xf8, 0x34, 0xf8, 0xfc, 0xf8, 0x30, 0xf8, 0xfc, 0xf8, 0x34,
    0xf8, 0xfc, 0xf8, 0x30, 0xf8, 0xfc, 0xf8, 0x34, 0xf8, 0xfc, 0xf8, 0x34,
    0xf8, 0xfc, 0xf8, 0x34, 0xf8, 0xfc, 0xf8, 0x30, 0xf8, 0xfc, 0xf8, 0x34,
    0xf8, 0xfc, 0xf8, 0x34, 0xf8, 0xfc, 0xf8, 0x34, 0xf8, 0xfc, 0xf8, 0x30,
    0xf8, 0xfc, 0xf8, 0x34, 0xf8, 0xfc, 0xf8, 0x34, 0xf8, 0xfc, 0xf8, 0x34,
    0xf8, 0xfc, 0xf8, 0x30, 0xf8, 0xfc, 0xf8, 0x24, 0x00, 0x00, 0x00, 0x00,
    0x00, 0x00, 0x00, 0x00, 0x00, 0x00, 0x00, 0x00, 0x00, 0x00, 0x00, 0x00,
    0x00, 0x00, 0x00, 0x00, 0x00, 0x00, 0x00, 0x00, 0x00, 0x00, 0x00, 0x00,
    0x00, 0x00, 0x00, 0x00, 0x00, 0x00, 0x00, 0x00, 0x00, 0x00, 0x00, 0x00,
    0x00, 0x00, 0x00, 0x00, 0x00, 0x00, 0x00, 0x00, 0x00, 0x00, 0x00, 0x00,
    0x00, 0x00, 0x00, 0x00, 0x00, 0x00, 0x00, 0x00, 0x00, 0x00, 0x00, 0x00,
    0x00, 0x00, 0x00, 0x00, 0x00, 0x00, 0x00, 0x00, 0x00, 0x00, 0x00, 0x00,
    0x00, 0x00, 0x00, 0x00, 0x00, 0x00, 0x00, 0x00, 0x00, 0x00, 0x00, 0x00,
    0x00, 0x00, 0x00, 0x00, 0x00, 0x00, 0x00, 0x00, 0x00, 0x00, 0x00, 0x00,
    0x00, 0x00, 0x00, 0x00, 0x00, 0x00, 0x00, 0x00, 0x00, 0x00, 0x00, 0x00,
    0x00, 0x00, 0x00, 0x00, 0x00, 0x00, 0x00, 0x00, 0x00, 0x00, 0x00, 0x00,
    0x00, 0x00, 0x00, 0x00, 0x00, 0x00, 0x00, 0x00, 0x00, 0x00, 0x00, 0x00,
    0x00, 0x00, 0x00, 0x00, 0x00, 0x00, 0x00, 0x00, 0x00, 0x00, 0x00, 0x00,
    0x00, 0x00, 0x00, 0x00, 0x00, 0x00, 0x00, 0x00, 0x00, 0x00, 0x00, 0x00,
    0x00, 0x00, 0x00, 0x00, 0x00, 0x00, 0x00, 0x00, 0x00, 0x00, 0x00, 0x00,
    0x00, 0x00, 0x00, 0x00, 0x00, 0x00, 0x00, 0x00, 0x00, 0x00, 0x00, 0x00,
    0x00, 0x00, 0x00, 0x00, 0x00, 0x00, 0x00, 0x00, 0x00, 0x00, 0x00, 0x00,
    0x00, 0x00, 0x00, 0x00, 0x00, 0x00, 0x00, 0x00, 0x00, 0x00, 0x00, 0x00,
    0x00, 0x00, 0x00, 0x00, 0x00, 0x00, 0x00, 0x00, 0x00, 0x00, 0x00, 0x00,
    0x00, 0x00, 0x00, 0x00, 0x00, 0x00, 0x00, 0x00, 0x00, 0x00, 0x00, 0x00,
    0x00, 0x00, 0x00, 0x00, 0x00, 0x00, 0x00, 0x00, 0x00, 0x00, 0x00, 0x00,
    0x00, 0x00, 0x00, 0x00, 0x00, 0x00, 0x00, 0x00, 0x00, 0x00, 0x00, 0x00,
    0x00, 0x00, 0x00, 0x00, 0x00, 0x00, 0x00, 0x00, 0x00, 0x00, 0x00, 0x00,
    0x00, 0x00, 0x00, 0x00, 0x00, 0x00, 0x00, 0x00, 0x00, 0x00, 0x00, 0x00,
    0x00, 0x00, 0x00, 0x00, 0x00, 0x00, 0x00, 0x00, 0x00, 0x00, 0x00, 0x00,
    0x00, 0x00, 0x00, 0x00, 0x00, 0x00, 0x00, 0x00, 0x00, 0x00, 0x00, 0x00,
    0x00, 0x00, 0x00, 0x00, 0x00, 0x00, 0x00, 0x00, 0x00, 0x00, 0x00, 0x00,
    0x00, 0x00, 0x00, 0x00, 0x00, 0x00, 0x00, 0x00, 0x00, 0x00, 0x00, 0x00,
    0x00, 0x00, 0x00, 0x00, 0x00, 0x00, 0x00, 0x00, 0x00, 0x00, 0x00, 0x00,
    0x00, 0x00, 0x00, 0x00, 0x00, 0x00, 0x00, 0x00, 0x00, 0x00, 0x00, 0x00,
    0x00, 0x00, 0x00, 0x00, 0x00, 0x00, 0x00, 0x00, 0x00, 0x00, 0x00, 0x00,
    0x00, 0x00, 0x00, 0x00, 0x00, 0x00, 0x00, 0x00, 0x00, 0x00, 0x00, 0x00,
    0x00, 0x00, 0x00, 0x00, 0x00, 0x00, 0x00, 0x00, 0x00, 0x00, 0x00, 0x00,
    0x00, 0x00, 0x00, 0x00, 0xf8, 0xfc, 0xf8, 0x24, 0xf8, 0xfc, 0xf8, 0x34,
    0xf8, 0xfc, 0xf8, 0x34, 0xf8, 0xfc, 0xf8, 0x30, 0xf8, 0xfc, 0xf8, 0x34,
    0xf8, 0xfc, 0xf8, 0x34, 0xf8, 0xfc, 0xf8, 0x34, 0xf8, 0xfc, 0xf8, 0x34,
    0xf8, 0xfc, 0xf8, 0x34, 0xf8, 0xfc, 0xf8, 0x34, 0xf8, 0xfc, 0xf8, 0x34,
    0xf8, 0xfc, 0xf8, 0x34, 0xf8, 0xfc, 0xf8, 0x30, 0xf8, 0xfc, 0xf8, 0x34,
    0xf8, 0xfc, 0xf8, 0x34, 0xf8, 0xfc, 0xf8, 0x30, 0xf8, 0xfc, 0xf8, 0x34,
    0xf8, 0xfc, 0xf8, 0x34, 0xf8, 0xfc, 0xf8, 0x34, 0xf8, 0xfc, 0xf8, 0x34,
    0xf8, 0xfc, 0xf8, 0x34, 0xf8, 0xfc, 0xf8, 0x30, 0x00, 0x00, 0x00, 0x00,
    0x00, 0x00, 0x00, 0x00, 0x00, 0x00, 0x00, 0x00, 0x00, 0x00, 0x00, 0x00,
    0x00, 0x00, 0x00, 0x00, 0x00, 0x00, 0x00, 0x00, 0x00, 0x00, 0x00, 0x00,
    0xf8, 0xfc, 0xf8, 0x0c, 0xf8, 0xfc, 0xf8, 0x34, 0xf8, 0xfc, 0xf8, 0x34,
    0xf8, 0xfc, 0xf8, 0x30, 0xf8, 0xfc, 0xf8, 0x34, 0xf8, 0xfc, 0xf8, 0x34,
    0xf8, 0xfc, 0xf8, 0x30, 0xf8, 0xfc, 0xf8, 0x34, 0xf8, 0xfc, 0xf8, 0x34,
    0xf8, 0xfc, 0xf8, 0x34, 0xf8, 0xfc, 0xf8, 0x30, 0xf8, 0xfc, 0xf8, 0x34,
    0xf8, 0xfc, 0xf8, 0x34, 0xf8, 0xfc, 0xf8, 0x34, 0xf8, 0xfc, 0xf8, 0x30,
    0xf8, 0xfc, 0xf8, 0x34, 0xf8, 0xfc, 0xf8, 0x34, 0xf8, 0xfc, 0xf8, 0x30,
    0xf8, 0xfc, 0xf8, 0x34, 0xf8, 0xfc, 0xf8, 0x34, 0xf8, 0xfc, 0xf8, 0x34,
    0xf8, 0xfc, 0xf8, 0x34, 0xf8, 0xfc, 0xf8, 0x0c, 0x00, 0x00, 0x00, 0x00,
    0x00, 0x00, 0x00, 0x00, 0x00, 0x00, 0x00, 0x00, 0x00, 0x00, 0x00, 0x00,
    0x00, 0x00, 0x00, 0x00, 0x00, 0x00, 0x00, 0x00, 0x00, 0x00, 0x00, 0x00,
    0x00, 0x00, 0x00, 0x00, 0x00, 0x00, 0x00, 0x00, 0x00, 0x00, 0x00, 0x00,
    0x00, 0x00, 0x00, 0x00, 0x00, 0x00, 0x00, 0x00, 0x00, 0x00, 0x00, 0x00,
    0x00, 0x00, 0x00, 0x00, 0x00, 0x00, 0x00, 0x00, 0x00, 0x00, 0x00, 0x00,
    0x00, 0x00, 0x00, 0x00, 0x00, 0x00, 0x00, 0x00, 0x00, 0x00, 0x00, 0x00,
    0x00, 0x00, 0x00, 0x00, 0x00, 0x00, 0x00, 0x00, 0x00, 0x00, 0x00, 0x00,
    0x00, 0x00, 0x00, 0x00, 0x00, 0x00, 0x00, 0x00, 0x00, 0x00, 0x00, 0x00,
    0x00, 0x00, 0x00, 0x00, 0x00, 0x00, 0x00, 0x00, 0x00, 0x00, 0x00, 0x00,
    0x00, 0x00, 0x00, 0x00, 0x00, 0x00, 0x00, 0x00, 0x00, 0x00, 0x00, 0x00,
    0x00, 0x00, 0x00, 0x00, 0x00, 0x00, 0x00, 0x00, 0x00, 0x00, 0x00, 0x00,
    0x00, 0x00, 0x00, 0x00, 0x00, 0x00, 0x00, 0x00, 0x00, 0x00, 0x00, 0x00,
    0x00, 0x00, 0x00, 0x00, 0x00, 0x00, 0x00, 0x00, 0x00, 0x00, 0x00, 0x00,
    0x00, 0x00, 0x00, 0x00, 0x00, 0x00, 0x00, 0x00, 0x00, 0x00, 0x00, 0x00,
    0x00, 0x00, 0x00, 0x00, 0x00, 0x00, 0x00, 0x00, 0x00, 0x00, 0x00, 0x00,
    0x00, 0x00, 0x00, 0x00, 0x00, 0x00, 0x00, 0x00, 0x00, 0x00, 0x00, 0x00,
    0x00, 0x00, 0x00, 0x00, 0x00, 0x00, 0x00, 0x00, 0x00, 0x00, 0x00, 0x00,
    0x00, 0x00, 0x00, 0x00, 0x00, 0x00, 0x00, 0x00, 0x00, 0x00, 0x00, 0x00,
    0x00, 0x00, 0x00, 0x00, 0x00, 0x00, 0x00, 0x00, 0x00, 0x00, 0x00, 0x00,
    0x00, 0x00, 0x00, 0x00, 0x00, 0x00, 0x00, 0x00, 0x00, 0x00, 0x00, 0x00,
    0x00, 0x00, 0x00, 0x00, 0x00, 0x00, 0x00, 0x00, 0x00, 0x00, 0x00, 0x00,
    0x00, 0x00, 0x00, 0x00, 0x00, 0x00, 0x00, 0x00, 0x00, 0x00, 0x00, 0x00,
    0x00, 0x00, 0x00, 0x00, 0x00, 0x00, 0x00, 0x00, 0x00, 0x00, 0x00, 0x00,
    0x00, 0x00, 0x00, 0x00, 0x00, 0x00, 0x00, 0x00, 0x00, 0x00, 0x00, 0x00,
    0x00, 0x00, 0x00, 0x00, 0x00, 0x00, 0x00, 0x00, 0x00, 0x00, 0x00, 0x00,
    0x00, 0x00, 0x00, 0x00, 0x00, 0x00, 0x00, 0x00, 0x00, 0x00, 0x00, 0x00,
    0x00, 0x00, 0x00, 0x00, 0x00, 0x00, 0x00, 0x00, 0x00, 0x00, 0x00, 0x00,
    0x00, 0x00, 0x00, 0x00, 0x00, 0x00, 0x00, 0x00, 0x00, 0x00, 0x00, 0x00,
    0x00, 0x00, 0x00, 0x00, 0x00, 0x00, 0x00, 0x00, 0x00, 0x00, 0x00, 0x00,
    0x00, 0x00, 0x00, 0x00, 0x00, 0x00, 0x00, 0x00, 0x00, 0x00, 0x00, 0x00,
    0x00, 0x00, 0x00, 0x00, 0x00, 0x00, 0x00, 0x00, 0x00, 0x00, 0x00, 0x00,
    0x00, 0x00, 0x00, 0x00, 0x00, 0x00, 0x00, 0x00, 0x00, 0x00, 0x00, 0x00,
    0x00, 0x00, 0x00, 0x00, 0xf8, 0xfc, 0xf8, 0x0c, 0xf8, 0xfc, 0xf8, 0x34,
    0xf8, 0xfc, 0xf8, 0x34, 0xf8, 0xfc, 0xf8, 0x34, 0xf8, 0xfc, 0xf8, 0x34,
    0xf8, 0xfc, 0xf8, 0x30, 0xf8, 0xfc, 0xf8, 0x34, 0xf8, 0xfc, 0xf8, 0x30,
    0xf8, 0xfc, 0xf8, 0x34, 0xf8, 0xfc, 0xf8, 0x34, 0xf8, 0xfc, 0xf8, 0x34,
    0xf8, 0xfc, 0xf8, 0x34, 0xf8, 0xfc, 0xf8, 0x34, 0xf8, 0xfc, 0xf8, 0x34,
    0xf8, 0xfc, 0xf8, 0x34, 0xf8, 0xfc, 0xf8, 0x34, 0xf8, 0xfc, 0xf8, 0x30,
    0xf8, 0xfc, 0xf8, 0x34, 0xf8, 0xfc, 0xf8, 0x34, 0xf8, 0xfc, 0xf8, 0x30,
    0xf8, 0xfc, 0xf8, 0x34, 0xf8, 0xfc, 0xf8, 0x34, 0xf8, 0xfc, 0xf8, 0x0c,
    0x00, 0x00, 0x00, 0x00, 0x00, 0x00, 0x00, 0x00, 0x00, 0x00, 0x00, 0x00,
    0x00, 0x00, 0x00, 0x00, 0x00, 0x00, 0x00, 0x00, 0x00, 0x00, 0x00, 0x00,
    0xf8, 0xfc, 0xf8, 0x20, 0xf8, 0xfc, 0xf8, 0x34, 0xf8, 0xfc, 0xf8, 0x34,
    0xf8, 0xfc, 0xf8, 0x34, 0xf8, 0xfc, 0xf8, 0x34, 0xf8, 0xfc, 0xf8, 0x30,
    0xf8, 0xfc, 0xf8, 0x34, 0xf8, 0xfc, 0xf8, 0x34, 0xf8, 0xfc, 0xf8, 0x34,
    0xf8, 0xfc, 0xf8, 0x34, 0xf8, 0xfc, 0xf8, 0x34, 0xf8, 0xfc, 0xf8, 0x30,
    0xf8, 0xfc, 0xf8, 0x34, 0xf8, 0xfc, 0xf8, 0x34, 0xf8, 0xfc, 0xf8, 0x34,
    0xf8, 0xfc, 0xf8, 0x34, 0xf8, 0xfc, 0xf8, 0x34, 0xf8, 0xfc, 0xf8, 0x34,
    0xf8, 0xfc, 0xf8, 0x30, 0xf8, 0xfc, 0xf8, 0x34, 0xf8, 0xfc, 0xf8, 0x34,
    0xf8, 0xfc, 0xf8, 0x2c, 0x00, 0x00, 0x00, 0x00, 0x00, 0x00, 0x00, 0x00,
    0x00, 0x00, 0x00, 0x00, 0x00, 0x00, 0x00, 0x00, 0x00, 0x00, 0x00, 0x00,
    0x00, 0x00, 0x00, 0x00, 0x00, 0x00, 0x00, 0x00, 0x00, 0x00, 0x00, 0x00,
    0x00, 0x00, 0x00, 0x00, 0x00, 0x00, 0x00, 0x00, 0x00, 0x00, 0x00, 0x00,
    0x00, 0x00, 0x00, 0x00, 0x00, 0x00, 0x00, 0x00, 0x00, 0x00, 0x00, 0x00,
    0x00, 0x00, 0x00, 0x00, 0x00, 0x00, 0x00, 0x00, 0x00, 0x00, 0x00, 0x00,
    0x00, 0x00, 0x00, 0x00, 0x00, 0x00, 0x00, 0x00, 0x00, 0x00, 0x00, 0x00,
    0x00, 0x00, 0x00, 0x00, 0x00, 0x00, 0x00, 0x00, 0x00, 0x00, 0x00, 0x00,
    0x00, 0x00, 0x00, 0x00, 0x00, 0x00, 0x00, 0x00, 0x00, 0x00, 0x00, 0x00,
    0x00, 0x00, 0x00, 0x00, 0x00, 0x00, 0x00, 0x00, 0x00, 0x00, 0x00, 0x00,
    0x00, 0x00, 0x00, 0x00, 0x00, 0x00, 0x00, 0x00, 0x00, 0x00, 0x00, 0x00,
    0x00, 0x00, 0x00, 0x00, 0x00, 0x00, 0x00, 0x00, 0x00, 0x00, 0x00, 0x00,
    0x00, 0x00, 0x00, 0x00, 0x00, 0x00, 0x00, 0x00, 0x00, 0x00, 0x00, 0x00,
    0x00, 0x00, 0x00, 0x00, 0x00, 0x00, 0x00, 0x00, 0x00, 0x00, 0x00, 0x00,
    0x00, 0x00, 0x00, 0x00, 0x00, 0x00, 0x00, 0x00, 0x00, 0x00, 0x00, 0x00,
    0x00, 0x00, 0x00, 0x00, 0x00, 0x00, 0x00, 0x00, 0x00, 0x00, 0x00, 0x00,
    0x00, 0x00, 0x00, 0x00, 0x00, 0x00, 0x00, 0x00, 0x00, 0x00, 0x00, 0x00,
    0x00, 0x00, 0x00, 0x00, 0x00, 0x00, 0x00, 0x00, 0x00, 0x00, 0x00, 0x00,
    0x00, 0x00, 0x00, 0x00, 0x00, 0x00, 0x00, 0x00, 0x00, 0x00, 0x00, 0x00,
    0x00, 0x00, 0x00, 0x00, 0x00, 0x00, 0x00, 0x00, 0x00, 0x00, 0x00, 0x00,
    0x00, 0x00, 0x00, 0x00, 0x00, 0x00, 0x00, 0x00, 0x00, 0x00, 0x00, 0x00,
    0x00, 0x00, 0x00, 0x00, 0x00, 0x00, 0x00, 0x00, 0x00, 0x00, 0x00, 0x00,
    0x00, 0x00, 0x00, 0x00, 0x00, 0x00, 0x00, 0x00, 0x00, 0x00, 0x00, 0x00,
    0x00, 0x00, 0x00, 0x00, 0x00, 0x00, 0x00, 0x00, 0x00, 0x00, 0x00, 0x00,
    0x00, 0x00, 0x00, 0x00, 0x00, 0x00, 0x00, 0x00, 0x00, 0x00, 0x00, 0x00,
    0x00, 0x00, 0x00, 0x00, 0x00, 0x00, 0x00, 0x00, 0x00, 0x00, 0x00, 0x00,
    0x00, 0x00, 0x00, 0x00, 0x00, 0x00, 0x00, 0x00, 0x00, 0x00, 0x00, 0x00,
    0x00, 0x00, 0x00, 0x00, 0x00, 0x00, 0x00, 0x00, 0x00, 0x00, 0x00, 0x00,
    0x00, 0x00, 0x00, 0x00, 0x00, 0x00, 0x00, 0x00, 0x00, 0x00, 0x00, 0x00,
    0x00, 0x00, 0x00, 0x00, 0x00, 0x00, 0x00, 0x00, 0x00, 0x00, 0x00, 0x00,
    0x00, 0x00, 0x00, 0x00, 0x00, 0x00, 0x00, 0x00, 0x00, 0x00, 0x00, 0x00,
    0x00, 0x00, 0x00, 0x00, 0x00, 0x00, 0x00, 0x00, 0x00, 0x00, 0x00, 0x00,
    0x00, 0x00, 0x00, 0x00, 0x00, 0x00, 0x00, 0x00, 0x00, 0x00, 0x00, 0x00,
    0x00, 0x00, 0x00, 0x00, 0x00, 0x00, 0x00, 0x00, 0xf8, 0xfc, 0xf8, 0x24,
    0xf8, 0xfc, 0xf8, 0x34, 0xf8, 0xfc, 0xf8, 0x34, 0xf8, 0xfc, 0xf8, 0x30,
    0xf8, 0xfc, 0xf8, 0x34, 0xf8, 0xfc, 0xf8, 0x34, 0xf8, 0xfc, 0xf8, 0x34,
    0xf8, 0xfc, 0xf8, 0x30, 0xf8, 0xfc, 0xf8, 0x30, 0xf8, 0xfc, 0xf8, 0x34,
    0xf8, 0xfc, 0xf8, 0x30, 0xf8, 0xfc, 0xf8, 0x34, 0xf8, 0xfc, 0xf8, 0x30,
    0xf8, 0xfc, 0xf8, 0x34, 0xf8, 0xfc, 0xf8, 0x34, 0xf8, 0xfc, 0xf8, 0x34,
    0xf8, 0xfc, 0xf8, 0x30, 0xf8, 0xfc, 0xf8, 0x34, 0xf8, 0xfc, 0xf8, 0x34,
    0xf8, 0xfc, 0xf8, 0x30, 0xf8, 0xfc, 0xf8, 0x34, 0xf8, 0xfc, 0xf8, 0x1c,
    0x00, 0x00, 0x00, 0x00, 0x00, 0x00, 0x00, 0x00, 0x00, 0x00, 0x00, 0x00,
    0x00, 0x00, 0x00, 0x00, 0x00, 0x00, 0x00, 0x00, 0x00, 0x00, 0x00, 0x00,
    0xf8, 0xfc, 0xf8, 0x2c, 0xf8, 0xfc, 0xf8, 0x34, 0xf8, 0xfc, 0xf8, 0x30,
    0xf8, 0xfc, 0xf8, 0x34, 0xf8, 0xfc, 0xf8, 0x34, 0xf8, 0xfc, 0xf8, 0x34,
    0xf8, 0xfc, 0xf8, 0x34, 0xf8, 0xfc, 0xf8, 0x30, 0xf8, 0xfc, 0xf8, 0x30,
    0xf8, 0xfc, 0xf8, 0x34, 0xf8, 0xfc, 0xf8, 0x34, 0xf8, 0xfc, 0xf8, 0x34,
    0xf8, 0xfc, 0xf8, 0x30, 0xf8, 0xfc, 0xf8, 0x34, 0xf8, 0xfc, 0xf8, 0x34,
    0xf8, 0xfc, 0xf8, 0x30, 0xf8, 0xfc, 0xf8, 0x34, 0xf8, 0xfc, 0xf8, 0x34,
    0xf8, 0xfc, 0xf8, 0x34, 0xf8, 0xfc, 0xf8, 0x30, 0xf8, 0xfc, 0xf8, 0x34,
    0xf8, 0xfc, 0xf8, 0x14, 0x00, 0x00, 0x00, 0x00, 0x00, 0x00, 0x00, 0x00,
    0x00, 0x00, 0x00, 0x00, 0x00, 0x00, 0x00, 0x00, 0x00, 0x00, 0x00, 0x00,
    0x00, 0x00, 0x00, 0x00, 0x00, 0x00, 0x00, 0x00, 0x00, 0x00, 0x00, 0x00,
    0x00, 0x00, 0x00, 0x00, 0x00, 0x00, 0x00, 0x00, 0x00, 0x00, 0x00, 0x00,
    0x00, 0x00, 0x00, 0x00, 0x00, 0x00, 0x00, 0x00, 0x00, 0x00, 0x00, 0x00,
    0x00, 0x00, 0x00, 0x00, 0x00, 0x00, 0x00, 0x00, 0x00, 0x00, 0x00, 0x00,
    0x00, 0x00, 0x00, 0x00, 0x00, 0x00, 0x00, 0x00, 0x00, 0x00, 0x00, 0x00,
    0x00, 0x00, 0x00, 0x00, 0x00, 0x00, 0x00, 0x00, 0x00, 0x00, 0x00, 0x00,
    0x00, 0x00, 0x00, 0x00, 0x00, 0x00, 0x00, 0x00, 0x00, 0x00, 0x00, 0x00,
    0x00, 0x00, 0x00, 0x00, 0x00, 0x00, 0x00, 0x00, 0x00, 0x00, 0x00, 0x00,
    0x00, 0x00, 0x00, 0x00, 0x00, 0x00, 0x00, 0x00, 0x00, 0x00, 0x00, 0x00,
    0x00, 0x00, 0x00, 0x00, 0x00, 0x00, 0x00, 0x00, 0x00, 0x00, 0x00, 0x00,
    0x00, 0x00, 0x00, 0x00, 0x00, 0x00, 0x00, 0x00, 0x00, 0x00, 0x00, 0x00,
    0x00, 0x00, 0x00, 0x00, 0x00, 0x00, 0x00, 0x00, 0x00, 0x00, 0x00, 0x00,
    0x00, 0x00, 0x00, 0x00, 0x00, 0x00, 0x00, 0x00, 0x00, 0x00, 0x00, 0x00,
    0x00, 0x00, 0x00, 0x00, 0x00, 0x00, 0x00, 0x00, 0x00, 0x00, 0x00, 0x00,
    0x00, 0x00, 0x00, 0x00, 0x00, 0x00, 0x00, 0x00, 0x00, 0x00, 0x00, 0x00,
    0x00, 0x00, 0x00, 0x00, 0x00, 0x00, 0x00, 0x00, 0x00, 0x00, 0x00, 0x00,
    0x00, 0x00, 0x00, 0x00, 0x00, 0x00, 0x00, 0x00, 0x00, 0x00, 0x00, 0x00,
    0x00, 0x00, 0x00, 0x00, 0x00, 0x00, 0x00, 0x00, 0x00, 0x00, 0x00, 0x00,
    0x00, 0x00, 0x00, 0x00, 0x00, 0x00, 0x00, 0x00, 0x00, 0x00, 0x00, 0x00,
    0x00, 0x00, 0x00, 0x00, 0x00, 0x00, 0x00, 0x00, 0x00, 0x00, 0x00, 0x00,
    0x00, 0x00, 0x00, 0x00, 0x00, 0x00, 0x00, 0x00, 0x00, 0x00, 0x00, 0x00,
    0x00, 0x00, 0x00, 0x00, 0x00, 0x00, 0x00, 0x00, 0x00, 0x00, 0x00, 0x00,
    0x00, 0x00, 0x00, 0x00, 0x00, 0x00, 0x00, 0x00, 0x00, 0x00, 0x00, 0x00,
    0x00, 0x00, 0x00, 0x00, 0x00, 0x00, 0x00, 0x00, 0x00, 0x00, 0x00, 0x00,
    0x00, 0x00, 0x00, 0x00, 0x00, 0x00, 0x00, 0x00, 0x00, 0x00, 0x00, 0x00,
    0x00, 0x00, 0x00, 0x00, 0x00, 0x00, 0x00, 0x00, 0x00, 0x00, 0x00, 0x00,
    0x00, 0x00, 0x00, 0x00, 0x00, 0x00, 0x00, 0x00, 0x00, 0x00, 0x00, 0x00,
    0x00, 0x00, 0x00, 0x00, 0x00, 0x00, 0x00, 0x00, 0x00, 0x00, 0x00, 0x00,
    0x00, 0x00, 0x00, 0x00, 0x00, 0x00, 0x00, 0x00, 0x00, 0x00, 0x00, 0x00,
    0x00, 0x00, 0x00, 0x00, 0x00, 0x00, 0x00, 0x00, 0x00, 0x00, 0x00, 0x00,
    0x00, 0x00, 0x00, 0x00, 0x00, 0x00, 0x00, 0x00, 0x00, 0x00, 0x00, 0x00,
    0x00, 0x00, 0x00, 0x00, 0x00, 0x00, 0x00, 0x00, 0xf8, 0xfc, 0xf8, 0x14,
    0xf8, 0xfc, 0xf8, 0x34, 0xf8, 0xfc, 0xf8, 0x34, 0xf8, 0xfc, 0xf8, 0x34,
    0xf8, 0xfc, 0xf8, 0x34, 0xf8, 0xfc, 0xf8, 0x34, 0xf8, 0xfc, 0xf8, 0x34,
    0xf8, 0xfc, 0xf8, 0x34, 0xf8, 0xfc, 0xf8, 0x34, 0xf8, 0xfc, 0xf8, 0x34,
    0xf8, 0xfc, 0xf8, 0x34, 0xf8, 0xfc, 0xf8, 0x30, 0xf8, 0xfc, 0xf8, 0x34,
    0xf8, 0xfc, 0xf8, 0x34, 0xf8, 0xfc, 0xf8, 0x30, 0xf8, 0xfc, 0xf8, 0x34,
    0xf8, 0xfc, 0xf8, 0x34, 0xf8, 0xfc, 0xf8, 0x34, 0xf8, 0xfc, 0xf8, 0x34,
    0xf8, 0xfc, 0xf8, 0x34, 0xf8, 0xfc, 0xf8, 0x34, 0xf8, 0xfc, 0xf8, 0x2c,
    0x00, 0x00, 0x00, 0x00, 0x00, 0x00, 0x00, 0x00, 0x00, 0x00, 0x00, 0x00,
    0x00, 0x00, 0x00, 0x00, 0x00, 0x00, 0x00, 0x00, 0xf8, 0xfc, 0xf8, 0x08,
    0xf8, 0xfc, 0xf8, 0x34, 0xf8, 0xfc, 0xf8, 0x34, 0xf8, 0xfc, 0xf8, 0x34,
    0xf8, 0xfc, 0xf8, 0x30, 0xf8, 0xfc, 0xf8, 0x34, 0xf8, 0xfc, 0xf8, 0x34,
    0xf8, 0xfc, 0xf8, 0x34, 0xf8, 0xfc, 0xf8, 0x34, 0xf8, 0xfc, 0xf8, 0x34,
    0xf8, 0xfc, 0xf8, 0x30, 0xf8, 0xfc, 0xf8, 0x34, 0xf8, 0xfc, 0xf8, 0x34,
    0xf8, 0xfc, 0xf8, 0x34, 0xf8, 0xfc, 0xf8, 0x30, 0xf8, 0xfc, 0xf8, 0x34,
    0xf8, 0xfc, 0xf8, 0x34, 0xf8, 0xfc, 0xf8, 0x30, 0xf8, 0xfc, 0xf8, 0x34,
    0xf8, 0xfc, 0xf8, 0x34, 0xf8, 0xfc, 0xf8, 0x30, 0xf8, 0xfc, 0xf8, 0x2c,
    0x00, 0x00, 0x00, 0x00, 0x00, 0x00, 0x00, 0x00, 0x00, 0x00, 0x00, 0x00,
    0x00, 0x00, 0x00, 0x00, 0x00, 0x00, 0x00, 0x00, 0x00, 0x00, 0x00, 0x00,
    0x00, 0x00, 0x00, 0x00, 0x00, 0x00, 0x00, 0x00, 0x00, 0x00, 0x00, 0x00,
    0x00, 0x00, 0x00, 0x00, 0x00, 0x00, 0x00, 0x00, 0x00, 0x00, 0x00, 0x00,
    0x00, 0x00, 0x00, 0x00, 0x00, 0x00, 0x00, 0x00, 0x00, 0x00, 0x00, 0x00,
    0x00, 0x00, 0x00, 0x00, 0x00, 0x00, 0x00, 0x00, 0x00, 0x00, 0x00, 0x00,
    0x00, 0x00, 0x00, 0x00, 0x00, 0x00, 0x00, 0x00, 0x00, 0x00, 0x00, 0x00,
    0x00, 0x00, 0x00, 0x00, 0x00, 0x00, 0x00, 0x00, 0x00, 0x00, 0x00, 0x00,
    0x00, 0x00, 0x00, 0x00, 0x00, 0x00, 0x00, 0x00, 0x00, 0x00, 0x00, 0x00,
    0x00, 0x00, 0x00, 0x00, 0x00, 0x00, 0x00, 0x00, 0x00, 0x00, 0x00, 0x00,
    0x00, 0x00, 0x00, 0x00, 0x00, 0x00, 0x00, 0x00, 0x00, 0x00, 0x00, 0x00,
    0x00, 0x00, 0x00, 0x00, 0x00, 0x00, 0x00, 0x00, 0x00, 0x00, 0x00, 0x00,
    0x00, 0x00, 0x00, 0x00, 0x00, 0x00, 0x00, 0x00, 0x00, 0x00, 0x00, 0x00,
    0x00, 0x00, 0x00, 0x00, 0x00, 0x00, 0x00, 0x00, 0x00, 0x00, 0x00, 0x00,
    0x00, 0x00, 0x00, 0x00, 0x00, 0x00, 0x00, 0x00, 0x00, 0x00, 0x00, 0x00,
    0x00, 0x00, 0x00, 0x00, 0x00, 0x00, 0x00, 0x00, 0x00, 0x00, 0x00, 0x00,
    0x00, 0x00, 0x00, 0x00, 0x00, 0x00, 0x00, 0x00, 0x00, 0x00, 0x00, 0x00,
    0x00, 0x00, 0x00, 0x00, 0x00, 0x00, 0x00, 0x00, 0x00, 0x00, 0x00, 0x00,
    0x00, 0x00, 0x00, 0x00, 0x00, 0x00, 0x00, 0x00, 0x00, 0x00, 0x00, 0x00,
    0x00, 0x00, 0x00, 0x00, 0x00, 0x00, 0x00, 0x00, 0x00, 0x00, 0x00, 0x00,
    0x00, 0x00, 0x00, 0x00, 0x00, 0x00, 0x00, 0x00, 0x00, 0x00, 0x00, 0x00,
    0x00, 0x00, 0x00, 0x00, 0x00, 0x00, 0x00, 0x00, 0x00, 0x00, 0x00, 0x00,
    0x00, 0x00, 0x00, 0x00, 0x00, 0x00, 0x00, 0x00, 0x00, 0x00, 0x00, 0x00,
    0x00, 0x00, 0x00, 0x00, 0x00, 0x00, 0x00, 0x00, 0x00, 0x00, 0x00, 0x00,
    0x00, 0x00, 0x00, 0x00, 0x00, 0x00, 0x00, 0x00, 0x00, 0x00, 0x00, 0x00,
    0x00, 0x00, 0x00, 0x00, 0x00, 0x00, 0x00, 0x00, 0x00, 0x00, 0x00, 0x00,
    0x00, 0x00, 0x00, 0x00, 0x00, 0x00, 0x00, 0x00, 0x00, 0x00, 0x00, 0x00,
    0x00, 0x00, 0x00, 0x00, 0x00, 0x00, 0x00, 0x00, 0x00, 0x00, 0x00, 0x00,
    0x00, 0x00, 0x00, 0x00, 0x00, 0x00, 0x00, 0x00, 0x00, 0x00, 0x00, 0x00,
    0x00, 0x00, 0x00, 0x00, 0x00, 0x00, 0x00, 0x00, 0x00, 0x00, 0x00, 0x00,
    0x00, 0x00, 0x00, 0x00, 0x00, 0x00, 0x00, 0x00, 0x00, 0x00, 0x00, 0x00,
    0x00, 0x00, 0x00, 0x00, 0x00, 0x00, 0x00, 0x00, 0x00, 0x00, 0x00, 0x00,
    0x00, 0x00, 0x00, 0x00, 0x00, 0x00, 0x00, 0x00, 0x00, 0x00, 0x00, 0x00,
    0x00, 0x00, 0x00, 0x00, 0x00, 0x00, 0x00, 0x00, 0xf8, 0xfc, 0xf8, 0x04,
    0xf8, 0xfc, 0xf8, 0x30, 0xf8, 0xfc, 0xf8, 0x30, 0xf8, 0xfc, 0xf8, 0x34,
    0xf8, 0xfc, 0xf8, 0x30, 0xf8, 0xfc, 0xf8, 0x30, 0xf8, 0xfc, 0xf8, 0x34,
    0xf8, 0xfc, 0xf8, 0x34, 0xf8, 0xfc, 0xf8, 0x30, 0xf8, 0xfc, 0xf8, 0x34,
    0xf8, 0xfc, 0xf8, 0x34, 0xf8, 0xfc, 0xf8, 0x34, 0xf8, 0xfc, 0xf8, 0x34,
    0xf8, 0xfc, 0xf8, 0x34, 0xf8, 0xfc, 0xf8, 0x30, 0xf8, 0xfc, 0xf8, 0x34,
    0xf8, 0xfc, 0xf8, 0x34, 0xf8, 0xfc, 0xf8, 0x30, 0xf8, 0xfc, 0xf8, 0x34,
    0xf8, 0xfc, 0xf8, 0x34, 0xf8, 0xfc, 0xf8, 0x30, 0xf8, 0xfc, 0xf8, 0x34,
    0xf8, 0xfc, 0xf8, 0x04, 0x00, 0x00, 0x00, 0x00, 0x00, 0x00, 0x00, 0x00,
    0x00, 0x00, 0x00, 0x00, 0x00, 0x00, 0x00, 0x00, 0xf8, 0xfc, 0xf8, 0x14,
    0xf8, 0xfc, 0xf8, 0x34, 0xf8, 0xfc, 0xf8, 0x34, 0xf8, 0xfc, 0xf8, 0x34,
    0xf8, 0xfc, 0xf8, 0x34, 0xf8, 0xfc, 0xf8, 0x30, 0xf8, 0xfc, 0xf8, 0x34,
    0xf8, 0xfc, 0xf8, 0x30, 0xf8, 0xfc, 0xf8, 0x34, 0xf8, 0xfc, 0xf8, 0x34,
    0xf8, 0xfc, 0xf8, 0x34, 0xf8, 0xfc, 0xf8, 0x30, 0xf8, 0xfc, 0xf8, 0x34,
    0xf8, 0xfc, 0xf8, 0x34, 0xf8, 0xfc, 0xf8, 0x34, 0xf8, 0xfc, 0xf8, 0x34,
    0xf8, 0xfc, 0xf8, 0x34, 0xf8, 0xfc, 0xf8, 0x30, 0xf8, 0xfc, 0xf8, 0x34,
    0xf8, 0xfc, 0xf8, 0x34, 0xf8, 0xfc, 0xf8, 0x34, 0xf8, 0xfc, 0xf8, 0x20,
    0x00, 0x00, 0x00, 0x00, 0x00, 0x00, 0x00, 0x00, 0x00, 0x00, 0x00, 0x00,
    0x00, 0x00, 0x00, 0x00, 0x00, 0x00, 0x00, 0x00, 0x00, 0x00, 0x00, 0x00,
    0x00, 0x00, 0x00, 0x00, 0x00, 0x00, 0x00, 0x00, 0x00, 0x00, 0x00, 0x00,
    0x00, 0x00, 0x00, 0x00, 0x00, 0x00, 0x00, 0x00, 0x00, 0x00, 0x00, 0x00,
    0x00, 0x00, 0x00, 0x00, 0x00, 0x00, 0x00, 0x00, 0x00, 0x00, 0x00, 0x00,
    0x00, 0x00, 0x00, 0x00, 0x00, 0x00, 0x00, 0x00, 0x00, 0x00, 0x00, 0x00,
    0x00, 0x00, 0x00, 0x00, 0x00, 0x00, 0x00, 0x00, 0x00, 0x00, 0x00, 0x00,
    0x00, 0x00, 0x00, 0x00, 0x00, 0x00, 0x00, 0x00, 0x00, 0x00, 0x00, 0x00,
    0x00, 0x00, 0x00, 0x00, 0x00, 0x00, 0x00, 0x00, 0x00, 0x00, 0x00, 0x00,
    0x00, 0x00, 0x00, 0x00, 0x00, 0x00, 0x00, 0x00, 0x00, 0x00, 0x00, 0x00,
    0x00, 0x00, 0x00, 0x00, 0x00, 0x00, 0x00, 0x00, 0x00, 0x00, 0x00, 0x00,
    0x00, 0x00, 0x00, 0x00, 0x00, 0x00, 0x00, 0x00, 0x00, 0x00, 0x00, 0x00,
    0x00, 0x00, 0x00, 0x00, 0x00, 0x00, 0x00, 0x00, 0x00, 0x00, 0x00, 0x00,
    0x00, 0x00, 0x00, 0x00, 0x00, 0x00, 0x00, 0x00, 0x00, 0x00, 0x00, 0x00,
    0x00, 0x00, 0x00, 0x00, 0x00, 0x00, 0x00, 0x00, 0x00, 0x00, 0x00, 0x00,
    0x00, 0x00, 0x00, 0x00, 0x00, 0x00, 0x00, 0x00, 0x00, 0x00, 0x00, 0x00,
    0x00, 0x00, 0x00, 0x00, 0x00, 0x00, 0x00, 0x00, 0x00, 0x00, 0x00, 0x00,
    0x00, 0x00, 0x00, 0x00, 0x00, 0x00, 0x00, 0x00, 0x00, 0x00, 0x00, 0x00,
    0x00, 0x00, 0x00, 0x00, 0x00, 0x00, 0x00, 0x00, 0x00, 0x00, 0x00, 0x00,
    0x00, 0x00, 0x00, 0x00, 0x00, 0x00, 0x00, 0x00, 0x00, 0x00, 0x00, 0x00,
    0x00, 0x00, 0x00, 0x00, 0x00, 0x00, 0x00, 0x00, 0x00, 0x00, 0x00, 0x00,
    0x00, 0x00, 0x00, 0x00, 0x00, 0x00, 0x00, 0x00, 0x00, 0x00, 0x00, 0x00,
    0x00, 0x00, 0x00, 0x00, 0x00, 0x00, 0x00, 0x00, 0x00, 0x00, 0x00, 0x00,
    0x00, 0x00, 0x00, 0x00, 0x00, 0x00, 0x00, 0x00, 0x00, 0x00, 0x00, 0x00,
    0x00, 0x00, 0x00, 0x00, 0x00, 0x00, 0x00, 0x00, 0x00, 0x00, 0x00, 0x00,
    0x00, 0x00, 0x00, 0x00, 0x00, 0x00, 0x00, 0x00, 0x00, 0x00, 0x00, 0x00,
    0x00, 0x00, 0x00, 0x00, 0x00, 0x00, 0x00, 0x00, 0x00, 0x00, 0x00, 0x00,
    0x00, 0x00, 0x00, 0x00, 0x00, 0x00, 0x00, 0x00, 0x00, 0x00, 0x00, 0x00,
    0x00, 0x00, 0x00, 0x00, 0x00, 0x00, 0x00, 0x00, 0x00, 0x00, 0x00, 0x00,
    0x00, 0x00, 0x00, 0x00, 0x00, 0x00, 0x00, 0x00, 0x00, 0x00, 0x00, 0x00,
    0x00, 0x00, 0x00, 0x00, 0x00, 0x00, 0x00, 0x00, 0x00, 0x00, 0x00, 0x00,
    0x00, 0x00, 0x00, 0x00, 0x00, 0x00, 0x00, 0x00, 0x00, 0x00, 0x00, 0x00,
    0x00, 0x00, 0x00, 0x00, 0x00, 0x00, 0x00, 0x00, 0x00, 0x00, 0x00, 0x00,
    0x00, 0x00, 0x00, 0x00, 0x00, 0x00, 0x00, 0x00, 0x00, 0x00, 0x00, 0x00,
    0xf8, 0xfc, 0xf8, 0x1c, 0xf8, 0xfc, 0xf8, 0x34, 0xf8, 0xfc, 0xf8, 0x34,
    0xf8, 0xfc, 0xf8, 0x34, 0xf8, 0xfc, 0xf8, 0x34, 0xf8, 0xfc, 0xf8, 0x34,
    0xf8, 0xfc, 0xf8, 0x30, 0xf8, 0xfc, 0xf8, 0x34, 0xf8, 0xfc, 0xf8, 0x34,
    0xf8, 0xfc, 0xf8, 0x30, 0xf8, 0xfc, 0xf8, 0x34, 0xf8, 0xfc, 0xf8, 0x34,
    0xf8, 0xfc, 0xf8, 0x30, 0xf8, 0xfc, 0xf8, 0x34, 0xf8, 0xfc, 0xf8, 0x34,
    0xf8, 0xfc, 0xf8, 0x34, 0xf8, 0xfc, 0xf8, 0x30, 0xf8, 0xfc, 0xf8, 0x34,
    0xf8, 0xfc, 0xf8, 0x34, 0xf8, 0xfc, 0xf8, 0x34, 0xf8, 0xfc, 0xf8, 0x34,
    0xf8, 0xfc, 0xf8, 0x14, 0x00, 0x00, 0x00, 0x00, 0x00, 0x00, 0x00, 0x00,
    0x00, 0x00, 0x00, 0x00, 0x00, 0x00, 0x00, 0x00, 0xf8, 0xfc, 0xf8, 0x24,
    0xf8, 0xfc, 0xf8, 0x34, 0xf8, 0xfc, 0xf8, 0x30, 0xf8, 0xfc, 0xf8, 0x34,
    0xf8, 0xfc, 0xf8, 0x34, 0xf8, 0xfc, 0xf8, 0x34, 0xf8, 0xfc, 0xf8, 0x34,
    0xf8, 0xfc, 0xf8, 0x30, 0xf8, 0xfc, 0xf8, 0x34, 0xf8, 0xfc, 0xf8, 0x34,
    0xf8, 0xfc, 0xf8, 0x34, 0xf8, 0xfc, 0xf8, 0x34, 0xf8, 0xfc, 0xf8, 0x30,
    0xf8, 0xfc, 0xf8, 0x34, 0xf8, 0xfc, 0xf8, 0x30, 0xf8, 0xfc, 0xf8, 0x34,
    0xf8, 0xfc, 0xf8, 0x34, 0xf8, 0xfc, 0xf8, 0x34, 0xf8, 0xfc, 0xf8, 0x30,
    0xf8, 0xfc, 0xf8, 0x34, 0xf8, 0xfc, 0xf8, 0x34, 0xf8, 0xfc, 0xf8, 0x08,
    0x00, 0x00, 0x00, 0x00, 0x00, 0x00, 0x00, 0x00, 0x00, 0x00, 0x00, 0x00,
    0x00, 0x00, 0x00, 0x00, 0x00, 0x00, 0x00, 0x00, 0x00, 0x00, 0x00, 0x00,
    0x00, 0x00, 0x00, 0x00, 0x00, 0x00, 0x00, 0x00, 0x00, 0x00, 0x00, 0x00,
    0x00, 0x00, 0x00, 0x00, 0x00, 0x00, 0x00, 0x00, 0x00, 0x00, 0x00, 0x00,
    0x00, 0x00, 0x00, 0x00, 0x00, 0x00, 0x00, 0x00, 0x00, 0x00, 0x00, 0x00,
    0x00, 0x00, 0x00, 0x00, 0x00, 0x00, 0x00, 0x00, 0x00, 0x00, 0x00, 0x00,
    0x00, 0x00, 0x00, 0x00, 0x00, 0x00, 0x00, 0x00, 0x00, 0x00, 0x00, 0x00,
    0x00, 0x00, 0x00, 0x00, 0x00, 0x00, 0x00, 0x00, 0x00, 0x00, 0x00, 0x00,
    0x00, 0x00, 0x00, 0x00, 0x00, 0x00, 0x00, 0x00, 0x00, 0x00, 0x00, 0x00,
    0x00, 0x00, 0x00, 0x00, 0x00, 0x00, 0x00, 0x00, 0x00, 0x00, 0x00, 0x00,
    0x00, 0x00, 0x00, 0x00, 0x00, 0x00, 0x00, 0x00, 0x00, 0x00, 0x00, 0x00,
    0x00, 0x00, 0x00, 0x00, 0x00, 0x00, 0x00, 0x00, 0x00, 0x00, 0x00, 0x00,
    0x00, 0x00, 0x00, 0x00, 0x00, 0x00, 0x00, 0x00, 0x00, 0x00, 0x00, 0x00,
    0x00, 0x00, 0x00, 0x00, 0x00, 0x00, 0x00, 0x00, 0x00, 0x00, 0x00, 0x00,
    0x00, 0x00, 0x00, 0x00, 0x00, 0x00, 0x00, 0x00, 0x00, 0x00, 0x00, 0x00,
    0x00, 0x00, 0x00, 0x00, 0x00, 0x00, 0x00, 0x00, 0x00, 0x00, 0x00, 0x00,
    0x00, 0x00, 0x00, 0x00, 0x00, 0x00, 0x00, 0x00, 0x00, 0x00, 0x00, 0x00,
    0x00, 0x00, 0x00, 0x00, 0x00, 0x00, 0x00, 0x00, 0x00, 0x00, 0x00, 0x00,
    0x00, 0x00, 0x00, 0x00, 0x00, 0x00, 0x00, 0x00, 0x00, 0x00, 0x00, 0x00,
    0x00, 0x00, 0x00, 0x00, 0x00, 0x00, 0x00, 0x00, 0x00, 0x00, 0x00, 0x00,
    0x00, 0x00, 0x00, 0x00, 0x00, 0x00, 0x00, 0x00, 0x00, 0x00, 0x00, 0x00,
    0x00, 0x00, 0x00, 0x00, 0x00, 0x00, 0x00, 0x00, 0x00, 0x00, 0x00, 0x00,
    0x00, 0x00, 0x00, 0x00, 0x00, 0x00, 0x00, 0x00, 0x00, 0x00, 0x00, 0x00,
    0x00, 0x00, 0x00, 0x00, 0x00, 0x00, 0x00, 0x00, 0x00, 0x00, 0x00, 0x00,
    0x00, 0x00, 0x00, 0x00, 0x00, 0x00, 0x00, 0x00, 0x00, 0x00, 0x00, 0x00,
    0x00, 0x00, 0x00, 0x00, 0x00, 0x00, 0x00, 0x00, 0x00, 0x00, 0x00, 0x00,
    0x00, 0x00, 0x00, 0x00, 0x00, 0x00, 0x00, 0x00, 0x00, 0x00, 0x00, 0x00,
    0x00, 0x00, 0x00, 0x00, 0x00, 0x00, 0x00, 0x00, 0x00, 0x00, 0x00, 0x00,
    0x00, 0x00, 0x00, 0x00, 0x00, 0x00, 0x00, 0x00, 0x00, 0x00, 0x00, 0x00,
    0x00, 0x00, 0x00, 0x00, 0x00, 0x00, 0x00, 0x00, 0x00, 0x00, 0x00, 0x00,
    0x00, 0x00, 0x00, 0x00, 0x00, 0x00, 0x00, 0x00, 0x00, 0x00, 0x00, 0x00,
    0x00, 0x00, 0x00, 0x00, 0x00, 0x00, 0x00, 0x00, 0x00, 0x00, 0x00, 0x00,
    0x00, 0x00, 0x00, 0x00, 0x00, 0x00, 0x00, 0x00, 0x00, 0x00, 0x00, 0x00,
    0x00, 0x00, 0x00, 0x00, 0x00, 0x00, 0x00, 0x00, 0x00, 0x00, 0x00, 0x00,
    0xf8, 0xfc, 0xf8, 0x0c, 0xf8, 0xfc, 0xf8, 0x34, 0xf8, 0xfc, 0xf8, 0x34,
    0xf8, 0xfc, 0xf8, 0x30, 0xf8, 0xfc, 0xf8, 0x34, 0xf8, 0xfc, 0xf8, 0x34,
    0xf8, 0xfc, 0xf8, 0x34, 0xf8, 0xfc, 0xf8, 0x34, 0xf8, 0xfc, 0xf8, 0x34,
    0xf8, 0xfc, 0xf8, 0x30, 0xf8, 0xfc, 0xf8, 0x34, 0xf8, 0xfc, 0xf8, 0x34,
    0xf8, 0xfc, 0xf8, 0x34, 0xf8, 0xfc, 0xf8, 0x34, 0xf8, 0xfc, 0xf8, 0x34,
    0xf8, 0xfc, 0xf8, 0x30, 0xf8, 0xfc, 0xf8, 0x34, 0xf8, 0xfc, 0xf8, 0x34,
    0xf8, 0xfc, 0xf8, 0x30, 0xf8, 0xfc, 0xf8, 0x34, 0xf8, 0xfc, 0xf8, 0x34,
    0xf8, 0xfc, 0xf8, 0x24, 0x00, 0x00, 0x00, 0x00, 0x00, 0x00, 0x00, 0x00,
    0x00, 0x00, 0x00, 0x00, 0x00, 0x00, 0x00, 0x00, 0xf8, 0xfc, 0xf8, 0x30,
    0xf8, 0xfc, 0xf8, 0x34, 0xf8, 0xfc, 0xf8, 0x34, 0xf8, 0xfc, 0xf8, 0x30,
    0xf8, 0xfc, 0xf8, 0x34, 0xf8, 0xfc, 0xf8, 0x34, 0xf8, 0xfc, 0xf8, 0x34,
    0xf8, 0xfc, 0xf8, 0x34, 0xf8, 0xfc, 0xf8, 0x30, 0xf8, 0xfc, 0xf8, 0x34,
    0xf8, 0xfc, 0xf8, 0x34, 0xf8, 0xfc, 0xf8, 0x30, 0xf8, 0xfc, 0xf8, 0x34,
    0xf8, 0xfc, 0xf8, 0x34, 0xf8, 0xfc, 0xf8, 0x34, 0xf8, 0xfc, 0xf8, 0x30,
    0xf8, 0xfc, 0xf8, 0x34, 0xf8, 0xfc, 0xf8, 0x34, 0xf8, 0xfc, 0xf8, 0x34,
    0xf8, 0xfc, 0xf8, 0x30, 0xf8, 0xfc, 0xf8, 0x2c, 0x00, 0x00, 0x00, 0x00,
    0x00, 0x00, 0x00, 0x00, 0x00, 0x00, 0x00, 0x00, 0x00, 0x00, 0x00, 0x00,
    0x00, 0x00, 0x00, 0x00, 0x00, 0x00, 0x00, 0x00, 0x00, 0x00, 0x00, 0x00,
    0x00, 0x00, 0x00, 0x00, 0x00, 0x00, 0x00, 0x00, 0x00, 0x00, 0x00, 0x00,
    0x00, 0x00, 0x00, 0x00, 0x00, 0x00, 0x00, 0x00, 0x00, 0x00, 0x00, 0x00,
    0x00, 0x00, 0x00, 0x00, 0x00, 0x00, 0x00, 0x00, 0x00, 0x00, 0x00, 0x00,
    0x00, 0x00, 0x00, 0x00, 0x00, 0x00, 0x00, 0x00, 0x00, 0x00, 0x00, 0x00,
    0x00, 0x00, 0x00, 0x00, 0x00, 0x00, 0x00, 0x00, 0x00, 0x00, 0x00, 0x00,
    0x00, 0x00, 0x00, 0x00, 0x00, 0x00, 0x00, 0x00, 0x00, 0x00, 0x00, 0x00,
    0x00, 0x00, 0x00, 0x00, 0x00, 0x00, 0x00, 0x00, 0x00, 0x00, 0x00, 0x00,
    0x00, 0x00, 0x00, 0x00, 0x00, 0x00, 0x00, 0x00, 0x00, 0x00, 0x00, 0x00,
    0x00, 0x00, 0x00, 0x00, 0x00, 0x00, 0x00, 0x00, 0x00, 0x00, 0x00, 0x00,
    0x00, 0x00, 0x00, 0x00, 0x00, 0x00, 0x00, 0x00, 0x00, 0x00, 0x00, 0x00,
    0x00, 0x00, 0x00, 0x00, 0x00, 0x00, 0x00, 0x00, 0x00, 0x00, 0x00, 0x00,
    0x00, 0x00, 0x00, 0x00, 0x00, 0x00, 0x00, 0x00, 0x00, 0x00, 0x00, 0x00,
    0x00, 0x00, 0x00, 0x00, 0x00, 0x00, 0x00, 0x00, 0x00, 0x00, 0x00, 0x00,
    0x00, 0x00, 0x00, 0x00, 0x00, 0x00, 0x00, 0x00, 0x00, 0x00, 0x00, 0x00,
    0x00, 0x00, 0x00, 0x00, 0x00, 0x00, 0x00, 0x00, 0x00, 0x00, 0x00, 0x00,
    0x00, 0x00, 0x00, 0x00, 0x00, 0x00, 0x00, 0x00, 0x00, 0x00, 0x00, 0x00,
    0x00, 0x00, 0x00, 0x00, 0x00, 0x00, 0x00, 0x00, 0x00, 0x00, 0x00, 0x00,
    0x00, 0x00, 0x00, 0x00, 0x00, 0x00, 0x00, 0x00, 0x00, 0x00, 0x00, 0x00,
    0x00, 0x00, 0x00, 0x00, 0x00, 0x00, 0x00, 0x00, 0x00, 0x00, 0x00, 0x00,
    0x00, 0x00, 0x00, 0x00, 0x00, 0x00, 0x00, 0x00, 0x00, 0x00, 0x00, 0x00,
    0x00, 0x00, 0x00, 0x00, 0x00, 0x00, 0x00, 0x00, 0x00, 0x00, 0x00, 0x00,
    0x00, 0x00, 0x00, 0x00, 0x00, 0x00, 0x00, 0x00, 0x00, 0x00, 0x00, 0x00,
    0x00, 0x00, 0x00, 0x00, 0x00, 0x00, 0x00, 0x00, 0x00, 0x00, 0x00, 0x00,
    0x00, 0x00, 0x00, 0x00, 0x00, 0x00, 0x00, 0x00, 0x00, 0x00, 0x00, 0x00,
    0x00, 0x00, 0x00, 0x00, 0x00, 0x00, 0x00, 0x00, 0x00, 0x00, 0x00, 0x00,
    0x00, 0x00, 0x00, 0x00, 0x00, 0x00, 0x00, 0x00, 0x00, 0x00, 0x00, 0x00,
    0x00, 0x00, 0x00, 0x00, 0x00, 0x00, 0x00, 0x00, 0x00, 0x00, 0x00, 0x00,
    0x00, 0x00, 0x00, 0x00, 0x00, 0x00, 0x00, 0x00, 0x00, 0x00, 0x00, 0x00,
    0x00, 0x00, 0x00, 0x00, 0x00, 0x00, 0x00, 0x00, 0x00, 0x00, 0x00, 0x00,
    0x00, 0x00, 0x00, 0x00, 0x00, 0x00, 0x00, 0x00, 0x00, 0x00, 0x00, 0x00,
    0x00, 0x00, 0x00, 0x00, 0x00, 0x00, 0x00, 0x00, 0x00, 0x00, 0x00, 0x00,
    0x00, 0x00, 0x00, 0x00, 0x00, 0x00, 0x00, 0x00, 0x00, 0x00, 0x00, 0x00,
    0x00, 0x00, 0x00, 0x00, 0xf8, 0xfc, 0xf8, 0x2c, 0xf8, 0xfc, 0xf8, 0x34,
    0xf8, 0xfc, 0xf8, 0x30, 0xf8, 0xfc, 0xf8, 0x34, 0xf8, 0xfc, 0xf8, 0x34,
    0xf8, 0xfc, 0xf8, 0x30, 0xf8, 0xfc, 0xf8, 0x34, 0xf8, 0xfc, 0xf8, 0x34,
    0xf8, 0xfc, 0xf8, 0x34, 0xf8, 0xfc, 0xf8, 0x30, 0xf8, 0xfc, 0xf8, 0x34,
    0xf8, 0xfc, 0xf8, 0x34, 0xf8, 0xfc, 0xf8, 0x30, 0xf8, 0xfc, 0xf8, 0x34,
    0xf8, 0xfc, 0xf8, 0x34, 0xf8, 0xfc, 0xf8, 0x34, 0xf8, 0xfc, 0xf8, 0x34,
    0xf8, 0xfc, 0xf8, 0x30, 0xf8, 0xfc, 0xf8, 0x34, 0xf8, 0xfc, 0xf8, 0x34,
    0xf8, 0xfc, 0xf8, 0x30, 0x00, 0x00, 0x00, 0x00, 0x00, 0x00, 0x00, 0x00,
    0x00, 0x00, 0x00, 0x00, 0xf8, 0xfc, 0xf8, 0x08, 0xf8, 0xfc, 0xf8, 0x34,
    0xf8, 0xfc, 0xf8, 0x34, 0xf8, 0xfc, 0xf8, 0x34, 0xf8, 0xfc, 0xf8, 0x34,
    0xf8, 0xfc, 0xf8, 0x30, 0xf8, 0xfc, 0xf8, 0x30, 0xf8, 0xfc, 0xf8, 0x34,
    0xf8, 0xfc, 0xf8, 0x34, 0xf8, 0xfc, 0xf8, 0x34, 0xf8, 0xfc, 0xf8, 0x30,
    0xf8, 0xfc, 0xf8, 0x34, 0xf8, 0xfc, 0xf8, 0x34, 0xf8, 0xfc, 0xf8, 0x34,
    0xf8, 0xfc, 0xf8, 0x34, 0xf8, 0xfc, 0xf8, 0x34, 0xf8, 0xfc, 0xf8, 0x30,
    0xf8, 0xfc, 0xf8, 0x34, 0xf8, 0xfc, 0xf8, 0x34, 0xf8, 0xfc, 0xf8, 0x34,
    0xf8, 0xfc, 0xf8, 0x34, 0xf8, 0xfc, 0xf8, 0x1c, 0x00, 0x00, 0x00, 0x00,
    0x00, 0x00, 0x00, 0x00, 0x00, 0x00, 0x00, 0x00, 0x00, 0x00, 0x00, 0x00,
    0x00, 0x00, 0x00, 0x00, 0x00, 0x00, 0x00, 0x00, 0x00, 0x00, 0x00, 0x00,
    0x00, 0x00, 0x00, 0x00, 0x00, 0x00, 0x00, 0x00, 0x00, 0x00, 0x00, 0x00,
    0x00, 0x00, 0x00, 0x00, 0x00, 0x00, 0x00, 0x00, 0x00, 0x00, 0x00, 0x00,
    0x00, 0x00, 0x00, 0x00, 0x00, 0x00, 0x00, 0x00, 0x00, 0x00, 0x00, 0x00,
    0x00, 0x00, 0x00, 0x00, 0x00, 0x00, 0x00, 0x00, 0x00, 0x00, 0x00, 0x00,
    0x00, 0x00, 0x00, 0x00, 0x00, 0x00, 0x00, 0x00, 0x00, 0x00, 0x00, 0x00,
    0x00, 0x00, 0x00, 0x00, 0x00, 0x00, 0x00, 0x00, 0x00, 0x00, 0x00, 0x00,
    0x00, 0x00, 0x00, 0x00, 0x00, 0x00, 0x00, 0x00, 0x00, 0x00, 0x00, 0x00,
    0x00, 0x00, 0x00, 0x00, 0x00, 0x00, 0x00, 0x00, 0x00, 0x00, 0x00, 0x00,
    0x00, 0x00, 0x00, 0x00, 0x00, 0x00, 0x00, 0x00, 0x00, 0x00, 0x00, 0x00,
    0x00, 0x00, 0x00, 0x00, 0x00, 0x00, 0x00, 0x00, 0x00, 0x00, 0x00, 0x00,
    0x00, 0x00, 0x00, 0x00, 0x00, 0x00, 0x00, 0x00, 0x00, 0x00, 0x00, 0x00,
    0x00, 0x00, 0x00, 0x00, 0x00, 0x00, 0x00, 0x00, 0x00, 0x00, 0x00, 0x00,
    0x00, 0x00, 0x00, 0x00, 0x00, 0x00, 0x00, 0x00, 0x00, 0x00, 0x00, 0x00,
    0x00, 0x00, 0x00, 0x00, 0x00, 0x00, 0x00, 0x00, 0x00, 0x00, 0x00, 0x00,
    0x00, 0x00, 0x00, 0x00, 0x00, 0x00, 0x00, 0x00, 0x00, 0x00, 0x00, 0x00,
    0x00, 0x00, 0x00, 0x00, 0x00, 0x00, 0x00, 0x00, 0x00, 0x00, 0x00, 0x00,
    0x00, 0x00, 0x00, 0x00, 0x00, 0x00, 0x00, 0x00, 0x00, 0x00, 0x00, 0x00,
    0x00, 0x00, 0x00, 0x00, 0x00, 0x00, 0x00, 0x00, 0x00, 0x00, 0x00, 0x00,
    0x00, 0x00, 0x00, 0x00, 0x00, 0x00, 0x00, 0x00, 0x00, 0x00, 0x00, 0x00,
    0x00, 0x00, 0x00, 0x00, 0x00, 0x00, 0x00, 0x00, 0x00, 0x00, 0x00, 0x00,
    0x00, 0x00, 0x00, 0x00, 0x00, 0x00, 0x00, 0x00, 0x00, 0x00, 0x00, 0x00,
    0x00, 0x00, 0x00, 0x00, 0x00, 0x00, 0x00, 0x00, 0x00, 0x00, 0x00, 0x00,
    0x00, 0x00, 0x00, 0x00, 0x00, 0x00, 0x00, 0x00, 0x00, 0x00, 0x00, 0x00,
    0x00, 0x00, 0x00, 0x00, 0x00, 0x00, 0x00, 0x00, 0x00, 0x00, 0x00, 0x00,
    0x00, 0x00, 0x00, 0x00, 0x00, 0x00, 0x00, 0x00, 0x00, 0x00, 0x00, 0x00,
    0x00, 0x00, 0x00, 0x00, 0x00, 0x00, 0x00, 0x00, 0x00, 0x00, 0x00, 0x00,
    0x00, 0x00, 0x00, 0x00, 0x00, 0x00, 0x00, 0x00, 0x00, 0x00, 0x00, 0x00,
    0x00, 0x00, 0x00, 0x00, 0x00, 0x00, 0x00, 0x00, 0x00, 0x00, 0x00, 0x00,
    0x00, 0x00, 0x00, 0x00, 0x00, 0x00, 0x00, 0x00, 0x00, 0x00, 0x00, 0x00,
    0x00, 0x00, 0x00, 0x00, 0x00, 0x00, 0x00, 0x00, 0x00, 0x00, 0x00, 0x00,
    0x00, 0x00, 0x00, 0x00, 0x00, 0x00, 0x00, 0x00, 0x00, 0x00, 0x00, 0x00,
    0x00, 0x00, 0x00, 0x00, 0x00, 0x00, 0x00, 0x00, 0x00, 0x00, 0x00, 0x00,
    0x00, 0x00, 0x00, 0x00, 0xf8, 0xfc, 0xf8, 0x18, 0xf8, 0xfc, 0xf8, 0x34,
    0xf8, 0xfc, 0xf8, 0x34, 0xf8, 0xfc, 0xf8, 0x34, 0xf8, 0xfc, 0xf8, 0x30,
    0xf8, 0xfc, 0xf8, 0x34, 0xf8, 0xfc, 0xf8, 0x34, 0xf8, 0xfc, 0xf8, 0x30,
    0xf8, 0xfc, 0xf8, 0x34, 0xf8, 0xfc, 0xf8, 0x34, 0xf8, 0xfc, 0xf8, 0x30,
    0xf8, 0xfc, 0xf8, 0x34, 0xf8, 0xfc, 0xf8, 0x34, 0xf8, 0xfc, 0xf8, 0x30,
    0xf8, 0xfc, 0xf8, 0x34, 0xf8, 0xfc, 0xf8, 0x34, 0xf8, 0xfc, 0xf8, 0x30,
    0xf8, 0xfc, 0xf8, 0x34, 0xf8, 0xfc, 0xf8, 0x34, 0xf8, 0xfc, 0xf8, 0x30,
    0xf8, 0xfc, 0xf8, 0x34, 0xf8, 0xfc, 0xf8, 0x08, 0x00, 0x00, 0x00, 0x00,
    0x00, 0x00, 0x00, 0x00, 0xf8, 0xfc, 0xf8, 0x14, 0xf8, 0xfc, 0xf8, 0x34,
    0xf8, 0xfc, 0xf8, 0x30, 0xf8, 0xfc, 0xf8, 0x34, 0xf8, 0xfc, 0xf8, 0x34,
    0xf8, 0xfc, 0xf8, 0x34, 0xf8, 0xfc, 0xf8, 0x34, 0xf8, 0xfc, 0xf8, 0x30,
    0xf8, 0xfc, 0xf8, 0x34, 0xf8, 0xfc, 0xf8, 0x34, 0xf8, 0xfc, 0xf8, 0x34,
    0xf8, 0xfc, 0xf8, 0x30, 0xf8, 0xfc, 0xf8, 0x34, 0xf8, 0xfc, 0xf8, 0x30,
    0xf8, 0xfc, 0xf8, 0x34, 0xf8, 0xfc, 0xf8, 0x34, 0xf8, 0xfc, 0xf8, 0x34,
    0xf8, 0xfc, 0xf8, 0x30, 0xf8, 0xfc, 0xf8, 0x34, 0xf8, 0xfc, 0xf8, 0x30,
    0xf8, 0xfc, 0xf8, 0x34, 0xf8, 0xfc, 0xf8, 0x0c, 0x00, 0x00, 0x00, 0x00,
    0x00, 0x00, 0x00, 0x00, 0x00, 0x00, 0x00, 0x00, 0x00, 0x00, 0x00, 0x00,
    0x00, 0x00, 0x00, 0x00, 0x00, 0x00, 0x00, 0x00, 0x00, 0x00, 0x00, 0x00,
    0x00, 0x00, 0x00, 0x00, 0x00, 0x00, 0x00, 0x00, 0x00, 0x00, 0x00, 0x00,
    0x00, 0x00, 0x00, 0x00, 0x00, 0x00, 0x00, 0x00, 0x00, 0x00, 0x00, 0x00,
    0x00, 0x00, 0x00, 0x00, 0x00, 0x00, 0x00, 0x00, 0x00, 0x00, 0x00, 0x00,
    0x00, 0x00, 0x00, 0x00, 0x00, 0x00, 0x00, 0x00, 0x00, 0x00, 0x00, 0x00,
    0x00, 0x00, 0x00, 0x00, 0x00, 0x00, 0x00, 0x00, 0x00, 0x00, 0x00, 0x00,
    0x00, 0x00, 0x00, 0x00, 0x00, 0x00, 0x00, 0x00, 0x00, 0x00, 0x00, 0x00,
    0x00, 0x00, 0x00, 0x00, 0x00, 0x00, 0x00, 0x00, 0x00, 0x00, 0x00, 0x00,
    0x00, 0x00, 0x00, 0x00, 0x00, 0x00, 0x00, 0x00, 0x00, 0x00, 0x00, 0x00,
    0x00, 0x00, 0x00, 0x00, 0x00, 0x00, 0x00, 0x00, 0x00, 0x00, 0x00, 0x00,
    0x00, 0x00, 0x00, 0x00, 0x00, 0x00, 0x00, 0x00, 0x00, 0x00, 0x00, 0x00,
    0x00, 0x00, 0x00, 0x00, 0x00, 0x00, 0x00, 0x00, 0x00, 0x00, 0x00, 0x00,
    0x00, 0x00, 0x00, 0x00, 0x00, 0x00, 0x00, 0x00, 0x00, 0x00, 0x00, 0x00,
    0x00, 0x00, 0x00, 0x00, 0x00, 0x00, 0x00, 0x00, 0x00, 0x00, 0x00, 0x00,
    0x00, 0x00, 0x00, 0x00, 0x00, 0x00, 0x00, 0x00, 0x00, 0x00, 0x00, 0x00,
    0x00, 0x00, 0x00, 0x00, 0x00, 0x00, 0x00, 0x00, 0x00, 0x00, 0x00, 0x00,
    0x00, 0x00, 0x00, 0x00, 0x00, 0x00, 0x00, 0x00, 0x00, 0x00, 0x00, 0x00,
    0x00, 0x00, 0x00, 0x00, 0x00, 0x00, 0x00, 0x00, 0x00, 0x00, 0x00, 0x00,
    0x00, 0x00, 0x00, 0x00, 0x00, 0x00, 0x00, 0x00, 0x00, 0x00, 0x00, 0x00,
    0x00, 0x00, 0x00, 0x00, 0x00, 0x00, 0x00, 0x00, 0x00, 0x00, 0x00, 0x00,
    0x00, 0x00, 0x00, 0x00, 0x00, 0x00, 0x00, 0x00, 0x00, 0x00, 0x00, 0x00,
    0x00, 0x00, 0x00, 0x00, 0x00, 0x00, 0x00, 0x00, 0x00, 0x00, 0x00, 0x00,
    0x00, 0x00, 0x00, 0x00, 0x00, 0x00, 0x00, 0x00, 0x00, 0x00, 0x00, 0x00,
    0x00, 0x00, 0x00, 0x00, 0x00, 0x00, 0x00, 0x00, 0x00, 0x00, 0x00, 0x00,
    0x00, 0x00, 0x00, 0x00, 0x00, 0x00, 0x00, 0x00, 0x00, 0x00, 0x00, 0x00,
    0x00, 0x00, 0x00, 0x00, 0x00, 0x00, 0x00, 0x00, 0x00, 0x00, 0x00, 0x00,
    0x00, 0x00, 0x00, 0x00, 0x00, 0x00, 0x00, 0x00, 0x00, 0x00, 0x00, 0x00,
    0x00, 0x00, 0x00, 0x00, 0x00, 0x00, 0x00, 0x00, 0x00, 0x00, 0x00, 0x00,
    0x00, 0x00, 0x00, 0x00, 0x00, 0x00, 0x00, 0x00, 0x00, 0x00, 0x00, 0x00,
    0x00, 0x00, 0x00, 0x00, 0x00, 0x00, 0x00, 0x00, 0x00, 0x00, 0x00, 0x00,
    0x00, 0x00, 0x00, 0x00, 0x00, 0x00, 0x00, 0x00, 0x00, 0x00, 0x00, 0x00,
    0x00, 0x00, 0x00, 0x00, 0x00, 0x00, 0x00, 0x00, 0x00, 0x00, 0x00, 0x00,
    0x00, 0x00, 0x00, 0x00, 0x00, 0x00, 0x00, 0x00, 0x00, 0x00, 0x00, 0x00,
    0x00, 0x00, 0x00, 0x00, 0xf8, 0xfc, 0xf8, 0x0c, 0xf8, 0xfc, 0xf8, 0x34,
    0xf8, 0xfc, 0xf8, 0x34, 0xf8, 0xfc, 0xf8, 0x30, 0xf8, 0xfc, 0xf8, 0x34,
    0xf8, 0xfc, 0xf8, 0x34, 0xf8, 0xfc, 0xf8, 0x34, 0xf8, 0xfc, 0xf8, 0x30,
    0xf8, 0xfc, 0xf8, 0x34, 0xf8, 0xfc, 0xf8, 0x34, 0xf8, 0xfc, 0xf8, 0x34,
    0xf8, 0xfc, 0xf8, 0x34, 0xf8, 0xfc, 0xf8, 0x34, 0xf8, 0xfc, 0xf8, 0x34,
    0xf8, 0xfc, 0xf8, 0x30, 0xf8, 0xfc, 0xf8, 0x34, 0xf8, 0xfc, 0xf8, 0x34,
    0xf8, 0xfc, 0xf8, 0x34, 0xf8, 0xfc, 0xf8, 0x34, 0xf8, 0xfc, 0xf8, 0x34,
    0xf8, 0xfc, 0xf8, 0x34, 0xf8, 0xfc, 0xf8, 0x14, 0x00, 0x00, 0x00, 0x00,
    0x00, 0x00, 0x00, 0x00, 0xf8, 0xfc, 0xf8, 0x1c, 0xf8, 0xfc, 0xf8, 0x34,
    0xf8, 0xfc, 0xf8, 0x34, 0xf8, 0xfc, 0xf8, 0x30, 0xf8, 0xfc, 0xf8, 0x34,
    0xf8, 0xfc, 0xf8, 0x34, 0xf8, 0xfc, 0xf8, 0x34, 0xf8, 0xfc, 0xf8, 0x34,
    0xf8, 0xfc, 0xf8, 0x30, 0xf8, 0xfc, 0xf8, 0x34, 0xf8, 0xfc, 0xf8, 0x34,
    0xf8, 0xfc, 0xf8, 0x34, 0xf8, 0xfc, 0xf8, 0x34, 0xf8, 0xfc, 0xf8, 0x34,
    0xf8, 0xfc, 0xf8, 0x30, 0xf8, 0xfc, 0xf8, 0x34, 0xf8, 0xfc, 0xf8, 0x34,
    0xf8, 0xfc, 0xf8, 0x34, 0xf8, 0xfc, 0xf8, 0x34, 0xf8, 0xfc, 0xf8, 0x34,
    0xf8, 0xfc, 0xf8, 0x30, 0x00, 0x00, 0x00, 0x00, 0x00, 0x00, 0x00, 0x00,
    0x00, 0x00, 0x00, 0x00, 0x00, 0x00, 0x00, 0x00, 0x00, 0x00, 0x00, 0x00,
    0x00, 0x00, 0x00, 0x00, 0x00, 0x00, 0x00, 0x00, 0x00, 0x00, 0x00, 0x00,
    0x00, 0x00, 0x00, 0x00, 0x00, 0x00, 0x00, 0x00, 0x00, 0x00, 0x00, 0x00,
    0x00, 0x00, 0x00, 0x00, 0x00, 0x00, 0x00, 0x00, 0x00, 0x00, 0x00, 0x00,
    0x00, 0x00, 0x00, 0x00, 0x00, 0x00, 0x00, 0x00, 0x00, 0x00, 0x00, 0x00,
    0x00, 0x00, 0x00, 0x00, 0x00, 0x00, 0x00, 0x00, 0x00, 0x00, 0x00, 0x00,
    0x00, 0x00, 0x00, 0x00, 0x00, 0x00, 0x00, 0x00, 0x00, 0x00, 0x00, 0x00,
    0x00, 0x00, 0x00, 0x00, 0x00, 0x00, 0x00, 0x00, 0x00, 0x00, 0x00, 0x00,
    0x00, 0x00, 0x00, 0x00, 0x00, 0x00, 0x00, 0x00, 0x00, 0x00, 0x00, 0x00,
    0x00, 0x00, 0x00, 0x00, 0x00, 0x00, 0x00, 0x00, 0x00, 0x00, 0x00, 0x00,
    0x00, 0x00, 0x00, 0x00, 0x00, 0x00, 0x00, 0x00, 0x00, 0x00, 0x00, 0x00,
    0x00, 0x00, 0x00, 0x00, 0x00, 0x00, 0x00, 0x00, 0x00, 0x00, 0x00, 0x00,
    0x00, 0x00, 0x00, 0x00, 0x00, 0x00, 0x00, 0x00, 0x00, 0x00, 0x00, 0x00,
    0x00, 0x00, 0x00, 0x00, 0x00, 0x00, 0x00, 0x00, 0x00, 0x00, 0x00, 0x00,
    0x00, 0x00, 0x00, 0x00, 0x00, 0x00, 0x00, 0x00, 0x00, 0x00, 0x00, 0x00,
    0x00, 0x00, 0x00, 0x00, 0x00, 0x00, 0x00, 0x00, 0x00, 0x00, 0x00, 0x00,
    0x00, 0x00, 0x00, 0x00, 0x00, 0x00, 0x00, 0x00, 0x00, 0x00, 0x00, 0x00,
    0x00, 0x00, 0x00, 0x00, 0x00, 0x00, 0x00, 0x00, 0x00, 0x00, 0x00, 0x00,
    0x00, 0x00, 0x00, 0x00, 0x00, 0x00, 0x00, 0x00, 0x00, 0x00, 0x00, 0x00,
    0x00, 0x00, 0x00, 0x00, 0x00, 0x00, 0x00, 0x00, 0x00, 0x00, 0x00, 0x00,
    0x00, 0x00, 0x00, 0x00, 0x00, 0x00, 0x00, 0x00, 0x00, 0x00, 0x00, 0x00,
    0x00, 0x00, 0x00, 0x00, 0x00, 0x00, 0x00, 0x00, 0x00, 0x00, 0x00, 0x00,
    0x00, 0x00, 0x00, 0x00, 0x00, 0x00, 0x00, 0x00, 0x00, 0x00, 0x00, 0x00,
    0x00, 0x00, 0x00, 0x00, 0x00, 0x00, 0x00, 0x00, 0x00, 0x00, 0x00, 0x00,
    0x00, 0x00, 0x00, 0x00, 0x00, 0x00, 0x00, 0x00, 0x00, 0x00, 0x00, 0x00,
    0x00, 0x00, 0x00, 0x00, 0x00, 0x00, 0x00, 0x00, 0x00, 0x00, 0x00, 0x00,
    0x00, 0x00, 0x00, 0x00, 0x00, 0x00, 0x00, 0x00, 0x00, 0x00, 0x00, 0x00,
    0x00, 0x00, 0x00, 0x00, 0x00, 0x00, 0x00, 0x00, 0x00, 0x00, 0x00, 0x00,
    0x00, 0x00, 0x00, 0x00, 0x00, 0x00, 0x00, 0x00, 0x00, 0x00, 0x00, 0x00,
    0x00, 0x00, 0x00, 0x00, 0x00, 0x00, 0x00, 0x00, 0x00, 0x00, 0x00, 0x00,
    0x00, 0x00, 0x00, 0x00, 0x00, 0x00, 0x00, 0x00, 0x00, 0x00, 0x00, 0x00,
    0x00, 0x00, 0x00, 0x00, 0x00, 0x00, 0x00, 0x00, 0x00, 0x00, 0x00, 0x00,
    0x00, 0x00, 0x00, 0x00, 0x00, 0x00, 0x00, 0x00, 0x00, 0x00, 0x00, 0x00,
    0x00, 0x00, 0x00, 0x00, 0x00, 0x00, 0x00, 0x00, 0x00, 0x00, 0x00, 0x00,
    0x00, 0x00, 0x00, 0x00, 0x00, 0x00, 0x00, 0x00, 0xf8, 0xfc, 0xf8, 0x30,
    0xf8, 0xfc, 0xf8, 0x34, 0xf8, 0xfc, 0xf8, 0x34, 0xf8, 0xfc, 0xf8, 0x34,
    0xf8, 0xfc, 0xf8, 0x34, 0xf8, 0xfc, 0xf8, 0x30, 0xf8, 0xfc, 0xf8, 0x34,
    0xf8, 0xfc, 0xf8, 0x34, 0xf8, 0xfc, 0xf8, 0x34, 0xf8, 0xfc, 0xf8, 0x30,
    0xf8, 0xfc, 0xf8, 0x34, 0xf8, 0xfc, 0xf8, 0x34, 0xf8, 0xfc, 0xf8, 0x30,
    0xf8, 0xfc, 0xf8, 0x34, 0xf8, 0xfc, 0xf8, 0x34, 0xf8, 0xfc, 0xf8, 0x34,
    0xf8, 0xfc, 0xf8, 0x30, 0xf8, 0xfc, 0xf8, 0x34, 0xf8, 0xfc, 0xf8, 0x30,
    0xf8, 0xfc, 0xf8, 0x34, 0xf8, 0xfc, 0xf8, 0x20, 0x00, 0x00, 0x00, 0x00,
    0x00, 0x00, 0x00, 0x00, 0xf8, 0xfc, 0xf8, 0x24, 0xf8, 0xfc, 0xf8, 0x34,
    0xf8, 0xfc, 0xf8, 0x34, 0xf8, 0xfc, 0xf8, 0x34, 0xf8, 0xfc, 0xf8, 0x30,
    0xf8, 0xfc, 0xf8, 0x34, 0xf8, 0xfc, 0xf8, 0x34, 0xf8, 0xfc, 0xf8, 0x34,
    0xf8, 0xfc, 0xf8, 0x34, 0xf8, 0xfc, 0xf8, 0x30, 0xf8, 0xfc, 0xf8, 0x34,
    0xf8, 0xfc, 0xf8, 0x34, 0xf8, 0xfc, 0xf8, 0x30, 0xf8, 0xfc, 0xf8, 0x34,
    0xf8, 0xfc, 0xf8, 0x34, 0xf8, 0xfc, 0xf8, 0x30, 0xf8, 0xfc, 0xf8, 0x34,
    0xf8, 0xfc, 0xf8, 0x34, 0xf8, 0xfc, 0xf8, 0x30, 0xf8, 0xfc, 0xf8, 0x34,
    0xf8, 0xfc, 0xf8, 0x24, 0x00, 0x00, 0x00, 0x00, 0x00, 0x00, 0x00, 0x00,
    0x00, 0x00, 0x00, 0x00, 0x00, 0x00, 0x00, 0x00, 0x00, 0x00, 0x00, 0x00,
    0x00, 0x00, 0x00, 0x00, 0x00, 0x00, 0x00, 0x00, 0x00, 0x00, 0x00, 0x00,
    0x00, 0x00, 0x00, 0x00, 0x00, 0x00, 0x00, 0x00, 0x00, 0x00, 0x00, 0x00,
    0x00, 0x00, 0x00, 0x00, 0x00, 0x00, 0x00, 0x00, 0x00, 0x00, 0x00, 0x00,
    0x00, 0x00, 0x00, 0x00, 0x00, 0x00, 0x00, 0x00, 0x00, 0x00, 0x00, 0x00,
    0x00, 0x00, 0x00, 0x00, 0x00, 0x00, 0x00, 0x00, 0x00, 0x00, 0x00, 0x00,
    0x00, 0x00, 0x00, 0x00, 0x00, 0x00, 0x00, 0x00, 0x00, 0x00, 0x00, 0x00,
    0x00, 0x00, 0x00, 0x00, 0x00, 0x00, 0x00, 0x00, 0x00, 0x00, 0x00, 0x00,
    0x00, 0x00, 0x00, 0x00, 0x00, 0x00, 0x00, 0x00, 0x00, 0x00, 0x00, 0x00,
    0x00, 0x00, 0x00, 0x00, 0x00, 0x00, 0x00, 0x00, 0x00, 0x00, 0x00, 0x00,
    0x00, 0x00, 0x00, 0x00, 0x00, 0x00, 0x00, 0x00, 0x00, 0x00, 0x00, 0x00,
    0x00, 0x00, 0x00, 0x00, 0x00, 0x00, 0x00, 0x00, 0x00, 0x00, 0x00, 0x00,
    0x00, 0x00, 0x00, 0x00, 0x00, 0x00, 0x00, 0x00, 0x00, 0x00, 0x00, 0x00,
    0x00, 0x00, 0x00, 0x00, 0x00, 0x00, 0x00, 0x00, 0x00, 0x00, 0x00, 0x00,
    0x00, 0x00, 0x00, 0x00, 0x00, 0x00, 0x00, 0x00, 0x00, 0x00, 0x00, 0x00,
    0x00, 0x00, 0x00, 0x00, 0x00, 0x00, 0x00, 0x00, 0x00, 0x00, 0x00, 0x00,
    0x00, 0x00, 0x00, 0x00, 0x00, 0x00, 0x00, 0x00, 0x00, 0x00, 0x00, 0x00,
    0x00, 0x00, 0x00, 0x00, 0x00, 0x00, 0x00, 0x00, 0x00, 0x00, 0x00, 0x00,
    0x00, 0x00, 0x00, 0x00, 0x00, 0x00, 0x00, 0x00, 0x00, 0x00, 0x00, 0x00,
    0x00, 0x00, 0x00, 0x00, 0x00, 0x00, 0x00, 0x00, 0x00, 0x00, 0x00, 0x00,
    0x00, 0x00, 0x00, 0x00, 0x00, 0x00, 0x00, 0x00, 0x00, 0x00, 0x00, 0x00,
    0x00, 0x00, 0x00, 0x00, 0x00, 0x00, 0x00, 0x00, 0x00, 0x00, 0x00, 0x00,
    0x00, 0x00, 0x00, 0x00, 0x00, 0x00, 0x00, 0x00, 0x00, 0x00, 0x00, 0x00,
    0x00, 0x00, 0x00, 0x00, 0x00, 0x00, 0x00, 0x00, 0x00, 0x00, 0x00, 0x00,
    0x00, 0x00, 0x00, 0x00, 0x00, 0x00, 0x00, 0x00, 0x00, 0x00, 0x00, 0x00,
    0x00, 0x00, 0x00, 0x00, 0x00, 0x00, 0x00, 0x00, 0x00, 0x00, 0x00, 0x00,
    0x00, 0x00, 0x00, 0x00, 0x00, 0x00, 0x00, 0x00, 0x00, 0x00, 0x00, 0x00,
    0x00, 0x00, 0x00, 0x00, 0x00, 0x00, 0x00, 0x00, 0x00, 0x00, 0x00, 0x00,
    0x00, 0x00, 0x00, 0x00, 0x00, 0x00, 0x00, 0x00, 0x00, 0x00, 0x00, 0x00,
    0x00, 0x00, 0x00, 0x00, 0x00, 0x00, 0x00, 0x00, 0x00, 0x00, 0x00, 0x00,
    0x00, 0x00, 0x00, 0x00, 0x00, 0x00, 0x00, 0x00, 0x00, 0x00, 0x00, 0x00,
    0x00, 0x00, 0x00, 0x00, 0x00, 0x00, 0x00, 0x00, 0x00, 0x00, 0x00, 0x00,
    0x00, 0x00, 0x00, 0x00, 0x00, 0x00, 0x00, 0x00, 0x00, 0x00, 0x00, 0x00,
    0x00, 0x00, 0x00, 0x00, 0x00, 0x00, 0x00, 0x00, 0x00, 0x00, 0x00, 0x00,
    0x00, 0x00, 0x00, 0x00, 0x00, 0x00, 0x00, 0x00, 0xf8, 0xfc, 0xf8, 0x20,
    0xf8, 0xfc, 0xf8, 0x30, 0xf8, 0xfc, 0xf8, 0x34, 0xf8, 0xfc, 0xf8, 0x34,
    0xf8, 0xfc, 0xf8, 0x30, 0xf8, 0xfc, 0xf8, 0x34, 0xf8, 0xfc, 0xf8, 0x34,
    0xf8, 0xfc, 0xf8, 0x34, 0xf8, 0xfc, 0xf8, 0x30, 0xf8, 0xfc, 0xf8, 0x34,
    0xf8, 0xfc, 0xf8, 0x34, 0xf8, 0xfc, 0xf8, 0x30, 0xf8, 0xfc, 0xf8, 0x34,
    0xf8, 0xfc, 0xf8, 0x34, 0xf8, 0xfc, 0xf8, 0x34, 0xf8, 0xfc, 0xf8, 0x30,
    0xf8, 0xfc, 0xf8, 0x34, 0xf8, 0xfc, 0xf8, 0x34, 0xf8, 0xfc, 0xf8, 0x34,
    0xf8, 0xfc, 0xf8, 0x30, 0xf8, 0xfc, 0xf8, 0x28, 0x00, 0x00, 0x00, 0x00,
    0x00, 0x00, 0x00, 0x00, 0xf8, 0xfc, 0xf8, 0x30, 0xf8, 0xfc, 0xf8, 0x34,
    0xf8, 0xfc, 0xf8, 0x34, 0xf8, 0xfc, 0xf8, 0x30, 0xf8, 0xfc, 0xf8, 0x34,
    0xf8, 0xfc, 0xf8, 0x34, 0xf8, 0xfc, 0xf8, 0x30, 0xf8, 0xfc, 0xf8, 0x34,
    0xf8, 0xfc, 0xf8, 0x34, 0xf8, 0xfc, 0xf8, 0x30, 0xf8, 0xfc, 0xf8, 0x34,
    0xf8, 0xfc, 0xf8, 0x34, 0xf8, 0xfc, 0xf8, 0x30, 0xf8, 0xfc, 0xf8, 0x34,
    0xf8, 0xfc, 0xf8, 0x34, 0xf8, 0xfc, 0xf8, 0x34, 0xf8, 0xfc, 0xf8, 0x30,
    0xf8, 0xfc, 0xf8, 0x34, 0xf8, 0xfc, 0xf8, 0x34, 0xf8, 0xfc, 0xf8, 0x30,
    0xf8, 0xfc, 0xf8, 0x14, 0x00, 0x00, 0x00, 0x00, 0x00, 0x00, 0x00, 0x00,
    0x00, 0x00, 0x00, 0x00, 0x00, 0x00, 0x00, 0x00, 0x00, 0x00, 0x00, 0x00,
    0x00, 0x00, 0x00, 0x00, 0x00, 0x00, 0x00, 0x00, 0x00, 0x00, 0x00, 0x00,
    0x00, 0x00, 0x00, 0x00, 0x00, 0x00, 0x00, 0x00, 0x00, 0x00, 0x00, 0x00,
    0x00, 0x00, 0x00, 0x00, 0x00, 0x00, 0x00, 0x00, 0x00, 0x00, 0x00, 0x00,
    0x00, 0x00, 0x00, 0x00, 0x00, 0x00, 0x00, 0x00, 0x00, 0x00, 0x00, 0x00,
    0x00, 0x00, 0x00, 0x00, 0x00, 0x00, 0x00, 0x00, 0x00, 0x00, 0x00, 0x00,
    0x00, 0x00, 0x00, 0x00, 0x00, 0x00, 0x00, 0x00, 0x00, 0x00, 0x00, 0x00,
    0x00, 0x00, 0x00, 0x00, 0x00, 0x00, 0x00, 0x00, 0x00, 0x00, 0x00, 0x00,
    0x00, 0x00, 0x00, 0x00, 0x00, 0x00, 0x00, 0x00, 0x00, 0x00, 0x00, 0x00,
    0x00, 0x00, 0x00, 0x00, 0x00, 0x00, 0x00, 0x00, 0x00, 0x00, 0x00, 0x00,
    0x00, 0x00, 0x00, 0x00, 0x00, 0x00, 0x00, 0x00, 0x00, 0x00, 0x00, 0x00,
    0x00, 0x00, 0x00, 0x00, 0x00, 0x00, 0x00, 0x00, 0x00, 0x00, 0x00, 0x00,
    0x00, 0x00, 0x00, 0x00, 0x00, 0x00, 0x00, 0x00, 0x00, 0x00, 0x00, 0x00,
    0x00, 0x00, 0x00, 0x00, 0x00, 0x00, 0x00, 0x00, 0x00, 0x00, 0x00, 0x00,
    0x00, 0x00, 0x00, 0x00, 0x00, 0x00, 0x00, 0x00, 0x00, 0x00, 0x00, 0x00,
    0x00, 0x00, 0x00, 0x00, 0x00, 0x00, 0x00, 0x00, 0x00, 0x00, 0x00, 0x00,
    0x00, 0x00, 0x00, 0x00, 0x00, 0x00, 0x00, 0x00, 0x00, 0x00, 0x00, 0x00,
    0x00, 0x00, 0x00, 0x00, 0x00, 0x00, 0x00, 0x00, 0x00, 0x00, 0x00, 0x00,
    0x00, 0x00, 0x00, 0x00, 0x00, 0x00, 0x00, 0x00, 0x00, 0x00, 0x00, 0x00,
    0x00, 0x00, 0x00, 0x00, 0x00, 0x00, 0x00, 0x00, 0x00, 0x00, 0x00, 0x00,
    0x00, 0x00, 0x00, 0x00, 0x00, 0x00, 0x00, 0x00, 0x00, 0x00, 0x00, 0x00,
    0x00, 0x00, 0x00, 0x00, 0x00, 0x00, 0x00, 0x00, 0x00, 0x00, 0x00, 0x00,
    0x00, 0x00, 0x00, 0x00, 0x00, 0x00, 0x00, 0x00, 0x00, 0x00, 0x00, 0x00,
    0x00, 0x00, 0x00, 0x00, 0x00, 0x00, 0x00, 0x00, 0x00, 0x00, 0x00, 0x00,
    0x00, 0x00, 0x00, 0x00, 0x00, 0x00, 0x00, 0x00, 0x00, 0x00, 0x00, 0x00,
    0x00, 0x00, 0x00, 0x00, 0x00, 0x00, 0x00, 0x00, 0x00, 0x00, 0x00, 0x00,
    0x00, 0x00, 0x00, 0x00, 0x00, 0x00, 0x00, 0x00, 0x00, 0x00, 0x00, 0x00,
    0x00, 0x00, 0x00, 0x00, 0x00, 0x00, 0x00, 0x00, 0x00, 0x00, 0x00, 0x00,
    0x00, 0x00, 0x00, 0x00, 0x00, 0x00, 0x00, 0x00, 0x00, 0x00, 0x00, 0x00,
    0x00, 0x00, 0x00, 0x00, 0x00, 0x00, 0x00, 0x00, 0x00, 0x00, 0x00, 0x00,
    0x00, 0x00, 0x00, 0x00, 0x00, 0x00, 0x00, 0x00, 0x00, 0x00, 0x00, 0x00,
    0x00, 0x00, 0x00, 0x00, 0x00, 0x00, 0x00, 0x00, 0x00, 0x00, 0x00, 0x00,
    0x00, 0x00, 0x00, 0x00, 0x00, 0x00, 0x00, 0x00, 0x00, 0x00, 0x00, 0x00,
    0x00, 0x00, 0x00, 0x00, 0x00, 0x00, 0x00, 0x00, 0x00, 0x00, 0x00, 0x00,
    0x00, 0x00, 0x00, 0x00, 0x00, 0x00, 0x00, 0x00, 0xf8, 0xfc, 0xf8, 0x14,
    0xf8, 0xfc, 0xf8, 0x34, 0xf8, 0xfc, 0xf8, 0x34, 0xf8, 0xfc, 0xf8, 0x30,
    0xf8, 0xfc, 0xf8, 0x34, 0xf8, 0xfc, 0xf8, 0x34, 0xf8, 0xfc, 0xf8, 0x34,
    0xf8, 0xfc, 0xf8, 0x30, 0xf8, 0xfc, 0xf8, 0x34, 0xf8, 0xfc, 0xf8, 0x34,
    0xf8, 0xfc, 0xf8, 0x34, 0xf8, 0xfc, 0xf8, 0x34, 0xf8, 0xfc, 0xf8, 0x34,
    0xf8, 0xfc, 0xf8, 0x30, 0xf8, 0xfc, 0xf8, 0x34, 0xf8, 0xfc, 0xf8, 0x34,
    0xf8, 0xfc, 0xf8, 0x34, 0xf8, 0xfc, 0xf8, 0x34, 0xf8, 0xfc, 0xf8, 0x34,
    0xf8, 0xfc, 0xf8, 0x34, 0xf8, 0xfc, 0xf8, 0x30, 0x00, 0x00, 0x00, 0x00,
    0xf8, 0xfc, 0xf8, 0x08, 0xf8, 0xfc, 0xf8, 0x34, 0xf8, 0xfc, 0xf8, 0x34,
    0xf8, 0xfc, 0xf8, 0x30, 0xf8, 0xfc, 0xf8, 0x34, 0xf8, 0xfc, 0xf8, 0x34,
    0xf8, 0xfc, 0xf8, 0x34, 0xf8, 0xfc, 0xf8, 0x30, 0xf8, 0xfc, 0xf8, 0x34,
    0xf8, 0xfc, 0xf8, 0x34, 0xf8, 0xfc, 0xf8, 0x34, 0xf8, 0xfc, 0xf8, 0x34,
    0xf8, 0xfc, 0xf8, 0x34, 0xf8, 0xfc, 0xf8, 0x34, 0xf8, 0xfc, 0xf8, 0x34,
    0xf8, 0xfc, 0xf8, 0x34, 0xf8, 0xfc, 0xf8, 0x34, 0xf8, 0xfc, 0xf8, 0x34,
    0xf8, 0xfc, 0xf8, 0x34, 0xf8, 0xfc, 0xf8, 0x34, 0xf8, 0xfc, 0xf8, 0x34,
    0xf8, 0xfc, 0xf8, 0x0c, 0x00, 0x00, 0x00, 0x00, 0x00, 0x00, 0x00, 0x00,
    0x00, 0x00, 0x00, 0x00, 0x00, 0x00, 0x00, 0x00, 0x00, 0x00, 0x00, 0x00,
    0x00, 0x00, 0x00, 0x00, 0x00, 0x00, 0x00, 0x00, 0x00, 0x00, 0x00, 0x00,
    0x00, 0x00, 0x00, 0x00, 0x00, 0x00, 0x00, 0x00, 0x00, 0x00, 0x00, 0x00,
    0x00, 0x00, 0x00, 0x00, 0x00, 0x00, 0x00, 0x00, 0x00, 0x00, 0x00, 0x00,
    0x00, 0x00, 0x00, 0x00, 0x00, 0x00, 0x00, 0x00, 0x00, 0x00, 0x00, 0x00,
    0x00, 0x00, 0x00, 0x00, 0x00, 0x00, 0x00, 0x00, 0x00, 0x00, 0x00, 0x00,
    0x00, 0x00, 0x00, 0x00, 0x00, 0x00, 0x00, 0x00, 0x00, 0x00, 0x00, 0x00,
    0x00, 0x00, 0x00, 0x00, 0x00, 0x00, 0x00, 0x00, 0x00, 0x00, 0x00, 0x00,
    0x00, 0x00, 0x00, 0x00, 0x00, 0x00, 0x00, 0x00, 0x00, 0x00, 0x00, 0x00,
    0x00, 0x00, 0x00, 0x00, 0x00, 0x00, 0x00, 0x00, 0x00, 0x00, 0x00, 0x00,
    0x00, 0x00, 0x00, 0x00, 0x00, 0x00, 0x00, 0x00, 0x00, 0x00, 0x00, 0x00,
    0x00, 0x00, 0x00, 0x00, 0x00, 0x00, 0x00, 0x00, 0x00, 0x00, 0x00, 0x00,
    0x00, 0x00, 0x00, 0x00, 0x00, 0x00, 0x00, 0x00, 0x00, 0x00, 0x00, 0x00,
    0x00, 0x00, 0x00, 0x00, 0x00, 0x00, 0x00, 0x00, 0x00, 0x00, 0x00, 0x00,
    0x00, 0x00, 0x00, 0x00, 0x00, 0x00, 0x00, 0x00, 0x00, 0x00, 0x00, 0x00,
    0x00, 0x00, 0x00, 0x00, 0x00, 0x00, 0x00, 0x00, 0x00, 0x00, 0x00, 0x00,
    0x00, 0x00, 0x00, 0x00, 0x00, 0x00, 0x00, 0x00, 0x00, 0x00, 0x00, 0x00,
    0x00, 0x00, 0x00, 0x00, 0x00, 0x00, 0x00, 0x00, 0x00, 0x00, 0x00, 0x00,
    0x00, 0x00, 0x00, 0x00, 0x00, 0x00, 0x00, 0x00, 0x00, 0x00, 0x00, 0x00,
    0x00, 0x00, 0x00, 0x00, 0x00, 0x00, 0x00, 0x00, 0x00, 0x00, 0x00, 0x00,
    0x00, 0x00, 0x00, 0x00, 0x00, 0x00, 0x00, 0x00, 0x00, 0x00, 0x00, 0x00,
    0x00, 0x00, 0x00, 0x00, 0x00, 0x00, 0x00, 0x00, 0x00, 0x00, 0x00, 0x00,
    0x00, 0x00, 0x00, 0x00, 0x00, 0x00, 0x00, 0x00, 0x00, 0x00, 0x00, 0x00,
    0x00, 0x00, 0x00, 0x00, 0x00, 0x00, 0x00, 0x00, 0x00, 0x00, 0x00, 0x00,
    0x00, 0x00, 0x00, 0x00, 0x00, 0x00, 0x00, 0x00, 0x00, 0x00, 0x00, 0x00,
    0x00, 0x00, 0x00, 0x00, 0x00, 0x00, 0x00, 0x00, 0x00, 0x00, 0x00, 0x00,
    0x00, 0x00, 0x00, 0x00, 0x00, 0x00, 0x00, 0x00, 0x00, 0x00, 0x00, 0x00,
    0x00, 0x00, 0x00, 0x00, 0x00, 0x00, 0x00, 0x00, 0x00, 0x00, 0x00, 0x00,
    0x00, 0x00, 0x00, 0x00, 0x00, 0x00, 0x00, 0x00, 0x00, 0x00, 0x00, 0x00,
    0x00, 0x00, 0x00, 0x00, 0x00, 0x00, 0x00, 0x00, 0x00, 0x00, 0x00, 0x00,
    0x00, 0x00, 0x00, 0x00, 0x00, 0x00, 0x00, 0x00, 0x00, 0x00, 0x00, 0x00,
    0x00, 0x00, 0x00, 0x00, 0x00, 0x00, 0x00, 0x00, 0x00, 0x00, 0x00, 0x00,
    0x00, 0x00, 0x00, 0x00, 0x00, 0x00, 0x00, 0x00, 0x00, 0x00, 0x00, 0x00,
    0x00, 0x00, 0x00, 0x00, 0x00, 0x00, 0x00, 0x00, 0x00, 0x00, 0x00, 0x00,
    0x00, 0x00, 0x00, 0x00, 0x00, 0x00, 0x00, 0x00, 0xf8, 0xfc, 0xf8, 0x08,
    0xf8, 0xfc, 0xf8, 0x34, 0xf8, 0xfc, 0xf8, 0x34, 0xf8, 0xfc, 0xf8, 0x34,
    0xf8, 0xfc, 0xf8, 0x34, 0xf8, 0xfc, 0xf8, 0x34, 0xf8, 0xfc, 0xf8, 0x30,
    0xf8, 0xfc, 0xf8, 0x34, 0xf8, 0xfc, 0xf8, 0x34, 0xf8, 0xfc, 0xf8, 0x30,
    0xf8, 0xfc, 0xf8, 0x34, 0xf8, 0xfc, 0xf8, 0x34, 0xf8, 0xfc, 0xf8, 0x30,
    0xf8, 0xfc, 0xf8, 0x34, 0xf8, 0xfc, 0xf8, 0x34, 0xf8, 0xfc, 0xf8, 0x30,
    0xf8, 0xfc, 0xf8, 0x30, 0xf8, 0xfc, 0xf8, 0x34, 0xf8, 0xfc, 0xf8, 0x30,
    0xf8, 0xfc, 0xf8, 0x34, 0xf8, 0xfc, 0xf8, 0x34, 0xf8, 0xfc, 0xf8, 0x04,
    0xf8, 0xfc, 0xf8, 0x0c, 0xf8, 0xfc, 0xf8, 0x34, 0xf8, 0xfc, 0xf8, 0x34,
    0xf8, 0xfc, 0xf8, 0x34, 0xf8, 0xfc, 0xf8, 0x34, 0xf8, 0xfc, 0xf8, 0x34,
    0xf8, 0xfc, 0xf8, 0x30, 0xf8, 0xfc, 0xf8, 0x34, 0xf8, 0xfc, 0xf8, 0x34,
    0xf8, 0xfc, 0xf8, 0x30, 0xf8, 0xfc, 0xf8, 0x34, 0xf8, 0xfc, 0xf8, 0x30,
    0xf8, 0xfc, 0xf8, 0x34, 0xf8, 0xfc, 0xf8, 0x34, 0xf8, 0xfc, 0xf8, 0x30,
    0xf8, 0xfc, 0xf8, 0x30, 0xf8, 0xfc, 0xf8, 0x34, 0xf8, 0xfc, 0xf8, 0x30,
    0xf8, 0xfc, 0xf8, 0x34, 0xf8, 0xfc, 0xf8, 0x30, 0xf8, 0xfc, 0xf8, 0x34,
    0x00, 0x00, 0x00, 0x00, 0x00, 0x00, 0x00, 0x00, 0x00, 0x00, 0x00, 0x00,
    0x00, 0x00, 0x00, 0x00, 0x00, 0x00, 0x00, 0x00, 0x00, 0x00, 0x00, 0x00,
    0x00, 0x00, 0x00, 0x00, 0x00, 0x00, 0x00, 0x00, 0x00, 0x00, 0x00, 0x00,
    0x00, 0x00, 0x00, 0x00, 0x00, 0x00, 0x00, 0x00, 0x00, 0x00, 0x00, 0x00,
    0x00, 0x00, 0x00, 0x00, 0x00, 0x00, 0x00, 0x00, 0x00, 0x00, 0x00, 0x00,
    0x00, 0x00, 0x00, 0x00, 0x00, 0x00, 0x00, 0x00, 0x00, 0x00, 0x00, 0x00,
    0x00, 0x00, 0x00, 0x00, 0x00, 0x00, 0x00, 0x00, 0x00, 0x00, 0x00, 0x00,
    0x00, 0x00, 0x00, 0x00, 0x00, 0x00, 0x00, 0x00, 0x00, 0x00, 0x00, 0x00,
    0x00, 0x00, 0x00, 0x00, 0x00, 0x00, 0x00, 0x00, 0x00, 0x00, 0x00, 0x00,
    0x00, 0x00, 0x00, 0x00, 0x00, 0x00, 0x00, 0x00, 0x00, 0x00, 0x00, 0x00,
    0x00, 0x00, 0x00, 0x00, 0x00, 0x00, 0x00, 0x00, 0x00, 0x00, 0x00, 0x00,
    0x00, 0x00, 0x00, 0x00, 0x00, 0x00, 0x00, 0x00, 0x00, 0x00, 0x00, 0x00,
    0x00, 0x00, 0x00, 0x00, 0x00, 0x00, 0x00, 0x00, 0x00, 0x00, 0x00, 0x00,
    0x00, 0x00, 0x00, 0x00, 0x00, 0x00, 0x00, 0x00, 0x00, 0x00, 0x00, 0x00,
    0x00, 0x00, 0x00, 0x00, 0x00, 0x00, 0x00, 0x00, 0x00, 0x00, 0x00, 0x00,
    0x00, 0x00, 0x00, 0x00, 0x00, 0x00, 0x00, 0x00, 0x00, 0x00, 0x00, 0x00,
    0x00, 0x00, 0x00, 0x00, 0x00, 0x00, 0x00, 0x00, 0x00, 0x00, 0x00, 0x00,
    0x00, 0x00, 0x00, 0x00, 0x00, 0x00, 0x00, 0x00, 0x00, 0x00, 0x00, 0x00,
    0x00, 0x00, 0x00, 0x00, 0x00, 0x00, 0x00, 0x00, 0x00, 0x00, 0x00, 0x00,
    0x00, 0x00, 0x00, 0x00, 0x00, 0x00, 0x00, 0x00, 0x00, 0x00, 0x00, 0x00,
    0x00, 0x00, 0x00, 0x00, 0x00, 0x00, 0x00, 0x00, 0x00, 0x00, 0x00, 0x00,
    0x00, 0x00, 0x00, 0x00, 0x00, 0x00, 0x00, 0x00, 0x00, 0x00, 0x00, 0x00,
    0x00, 0x00, 0x00, 0x00, 0x00, 0x00, 0x00, 0x00, 0x00, 0x00, 0x00, 0x00,
    0x00, 0x00, 0x00, 0x00, 0x00, 0x00, 0x00, 0x00, 0x00, 0x00, 0x00, 0x00,
    0x00, 0x00, 0x00, 0x00, 0x00, 0x00, 0x00, 0x00, 0x00, 0x00, 0x00, 0x00,
    0x00, 0x00, 0x00, 0x00, 0x00, 0x00, 0x00, 0x00, 0x00, 0x00, 0x00, 0x00,
    0x00, 0x00, 0x00, 0x00, 0x00, 0x00, 0x00, 0x00, 0x00, 0x00, 0x00, 0x00,
    0x00, 0x00, 0x00, 0x00, 0x00, 0x00, 0x00, 0x00, 0x00, 0x00, 0x00, 0x00,
    0x00, 0x00, 0x00, 0x00, 0x00, 0x00, 0x00, 0x00, 0x00, 0x00, 0x00, 0x00,
    0x00, 0x00, 0x00, 0x00, 0x00, 0x00, 0x00, 0x00, 0x00, 0x00, 0x00, 0x00,
    0x00, 0x00, 0x00, 0x00, 0x00, 0x00, 0x00, 0x00, 0x00, 0x00, 0x00, 0x00,
    0x00, 0x00, 0x00, 0x00, 0x00, 0x00, 0x00, 0x00, 0x00, 0x00, 0x00, 0x00,
    0x00, 0x00, 0x00, 0x00, 0x00, 0x00, 0x00, 0x00, 0x00, 0x00, 0x00, 0x00,
    0x00, 0x00, 0x00, 0x00, 0x00, 0x00, 0x00, 0x00, 0x00, 0x00, 0x00, 0x00,
    0x00, 0x00, 0x00, 0x00, 0x00, 0x00, 0x00, 0x00, 0x00, 0x00, 0x00, 0x00,
    0x00, 0x00, 0x00, 0x00, 0x00, 0x00, 0x00, 0x00, 0xf8, 0xfc, 0xf8, 0x04,
    0xf8, 0xfc, 0xf8, 0x34, 0xf8, 0xfc, 0xf8, 0x34, 0xf8, 0xfc, 0xf8, 0x30,
    0xf8, 0xfc, 0xf8, 0x34, 0xf8, 0xfc, 0xf8, 0x34, 0xf8, 0xfc, 0xf8, 0x34,
    0xf8, 0xfc, 0xf8, 0x34, 0xf8, 0xfc, 0xf8, 0x34, 0xf8, 0xfc, 0xf8, 0x30,
    0xf8, 0xfc, 0xf8, 0x34, 0xf8, 0xfc, 0xf8, 0x34, 0xf8, 0xfc, 0xf8, 0x34,
    0xf8, 0xfc, 0xf8, 0x34, 0xf8, 0xfc, 0xf8, 0x34, 0xf8, 0xfc, 0xf8, 0x34,
    0xf8, 0xfc, 0xf8, 0x34, 0xf8, 0xfc, 0xf8, 0x34, 0xf8, 0xfc, 0xf8, 0x34,
    0xf8, 0xfc, 0xf8, 0x30, 0xf8, 0xfc, 0xf8, 0x34, 0xf8, 0xfc, 0xf8, 0x10,
    0xf8, 0xfc, 0xf8, 0x14, 0xf8, 0xfc, 0xf8, 0x34, 0xf8, 0xfc, 0xf8, 0x34,
    0xf8, 0xfc, 0xf8, 0x30, 0xf8, 0xfc, 0xf8, 0x34, 0xf8, 0xfc, 0xf8, 0x34,
    0xf8, 0xfc, 0xf8, 0x30, 0xf8, 0xfc, 0xf8, 0x34, 0xf8, 0xfc, 0xf8, 0x34,
    0xf8, 0xfc, 0xf8, 0x34, 0xf8, 0xfc, 0xf8, 0x34, 0xf8, 0xfc, 0xf8, 0x30,
    0xf8, 0xfc, 0xf8, 0x34, 0xf8, 0xfc, 0xf8, 0x34, 0xf8, 0xfc, 0xf8, 0x34,
    0xf8, 0xfc, 0xf8, 0x34, 0xf8, 0xfc, 0xf8, 0x34, 0xf8, 0xfc, 0xf8, 0x34,
    0xf8, 0xfc, 0xf8, 0x30, 0xf8, 0xfc, 0xf8, 0x34, 0xf8, 0xfc, 0xf8, 0x28,
    0x00, 0x00, 0x00, 0x00, 0x00, 0x00, 0x00, 0x00, 0x00, 0x00, 0x00, 0x00,
    0x00, 0x00, 0x00, 0x00, 0x00, 0x00, 0x00, 0x00, 0x00, 0x00, 0x00, 0x00,
    0x00, 0x00, 0x00, 0x00, 0x00, 0x00, 0x00, 0x00, 0x00, 0x00, 0x00, 0x00,
    0x00, 0x00, 0x00, 0x00, 0x00, 0x00, 0x00, 0x00, 0x00, 0x00, 0x00, 0x00,
    0x00, 0x00, 0x00, 0x00, 0x00, 0x00, 0x00, 0x00, 0x00, 0x00, 0x00, 0x00,
    0x00, 0x00, 0x00, 0x00, 0x00, 0x00, 0x00, 0x00, 0x00, 0x00, 0x00, 0x00,
    0x00, 0x00, 0x00, 0x00, 0x00, 0x00, 0x00, 0x00, 0x00, 0x00, 0x00, 0x00,
    0x00, 0x00, 0x00, 0x00, 0x00, 0x00, 0x00, 0x00, 0x00, 0x00, 0x00, 0x00,
    0x00, 0x00, 0x00, 0x00, 0x00, 0x00, 0x00, 0x00, 0x00, 0x00, 0x00, 0x00,
    0x00, 0x00, 0x00, 0x00, 0x00, 0x00, 0x00, 0x00, 0x00, 0x00, 0x00, 0x00,
    0x00, 0x00, 0x00, 0x00, 0x00, 0x00, 0x00, 0x00, 0x00, 0x00, 0x00, 0x00,
    0x00, 0x00, 0x00, 0x00, 0x00, 0x00, 0x00, 0x00, 0x00, 0x00, 0x00, 0x00,
    0x00, 0x00, 0x00, 0x00, 0x00, 0x00, 0x00, 0x00, 0x00, 0x00, 0x00, 0x00,
    0x00, 0x00, 0x00, 0x00, 0x00, 0x00, 0x00, 0x00, 0x00, 0x00, 0x00, 0x00,
    0x00, 0x00, 0x00, 0x00, 0x00, 0x00, 0x00, 0x00, 0x00, 0x00, 0x00, 0x00,
    0x00, 0x00, 0x00, 0x00, 0x00, 0x00, 0x00, 0x00, 0x00, 0x00, 0x00, 0x00,
    0x00, 0x00, 0x00, 0x00, 0x00, 0x00, 0x00, 0x00, 0x00, 0x00, 0x00, 0x00,
    0x00, 0x00, 0x00, 0x00, 0x00, 0x00, 0x00, 0x00, 0x00, 0x00, 0x00, 0x00,
    0x00, 0x00, 0x00, 0x00, 0x00, 0x00, 0x00, 0x00, 0x00, 0x00, 0x00, 0x00,
    0x00, 0x00, 0x00, 0x00, 0x00, 0x00, 0x00, 0x00, 0x00, 0x00, 0x00, 0x00,
    0x00, 0x00, 0x00, 0x00, 0x00, 0x00, 0x00, 0x00, 0x00, 0x00, 0x00, 0x00,
    0x00, 0x00, 0x00, 0x00, 0x00, 0x00, 0x00, 0x00, 0x00, 0x00, 0x00, 0x00,
    0x00, 0x00, 0x00, 0x00, 0x00, 0x00, 0x00, 0x00, 0x00, 0x00, 0x00, 0x00,
    0x00, 0x00, 0x00, 0x00, 0x00, 0x00, 0x00, 0x00, 0x00, 0x00, 0x00, 0x00,
    0x00, 0x00, 0x00, 0x00, 0x00, 0x00, 0x00, 0x00, 0x00, 0x00, 0x00, 0x00,
    0x00, 0x00, 0x00, 0x00, 0x00, 0x00, 0x00, 0x00, 0x00, 0x00, 0x00, 0x00,
    0x00, 0x00, 0x00, 0x00, 0x00, 0x00, 0x00, 0x00, 0x00, 0x00, 0x00, 0x00,
    0x00, 0x00, 0x00, 0x00, 0x00, 0x00, 0x00, 0x00, 0x00, 0x00, 0x00, 0x00,
    0x00, 0x00, 0x00, 0x00, 0x00, 0x00, 0x00, 0x00, 0x00, 0x00, 0x00, 0x00,
    0x00, 0x00, 0x00, 0x00, 0x00, 0x00, 0x00, 0x00, 0x00, 0x00, 0x00, 0x00,
    0x00, 0x00, 0x00, 0x00, 0x00, 0x00, 0x00, 0x00, 0x00, 0x00, 0x00, 0x00,
    0x00, 0x00, 0x00, 0x00, 0x00, 0x00, 0x00, 0x00, 0x00, 0x00, 0x00, 0x00,
    0x00, 0x00, 0x00, 0x00, 0x00, 0x00, 0x00, 0x00, 0x00, 0x00, 0x00, 0x00,
    0x00, 0x00, 0x00, 0x00, 0x00, 0x00, 0x00, 0x00, 0x00, 0x00, 0x00, 0x00,
    0x00, 0x00, 0x00, 0x00, 0x00, 0x00, 0x00, 0x00, 0x00, 0x00, 0x00, 0x00,
    0x00, 0x00, 0x00, 0x00, 0x00, 0x00, 0x00, 0x00, 0x00, 0x00, 0x00, 0x00,
    0xf8, 0xfc, 0xf8, 0x28, 0xf8, 0xfc, 0xf8, 0x34, 0xf8, 0xfc, 0xf8, 0x34,
    0xf8, 0xfc, 0xf8, 0x30, 0xf8, 0xfc, 0xf8, 0x34, 0xf8, 0xfc, 0xf8, 0x30,
    0xf8, 0xfc, 0xf8, 0x34, 0xf8, 0xfc, 0xf8, 0x34, 0xf8, 0xfc, 0xf8, 0x34,
    0xf8, 0xfc, 0xf8, 0x30, 0xf8, 0xfc, 0xf8, 0x34, 0xf8, 0xfc, 0xf8, 0x34,
    0xf8, 0xfc, 0xf8, 0x30, 0xf8, 0xfc, 0xf8, 0x34, 0xf8, 0xfc, 0xf8, 0x34,
    0xf8, 0xfc, 0xf8, 0x30, 0xf8, 0xfc, 0xf8, 0x34, 0xf8, 0xfc, 0xf8, 0x34,
    0xf8, 0xfc, 0xf8, 0x34, 0xf8, 0xfc, 0xf8, 0x34, 0xf8, 0xfc, 0xf8, 0x14,
    0xf8, 0xfc, 0xf8, 0x18, 0xf8, 0xfc, 0xf8, 0x34, 0xf8, 0xfc, 0xf8, 0x34,
    0xf8, 0xfc, 0xf8, 0x30, 0xf8, 0xfc, 0xf8, 0x34, 0xf8, 0xfc, 0xf8, 0x34,
    0xf8, 0xfc, 0xf8, 0x34, 0xf8, 0xfc, 0xf8, 0x34, 0xf8, 0xfc, 0xf8, 0x30,
    0xf8, 0xfc, 0xf8, 0x34, 0xf8, 0xfc, 0xf8, 0x34, 0xf8, 0xfc, 0xf8, 0x34,
    0xf8, 0xfc, 0xf8, 0x30, 0xf8, 0xfc, 0xf8, 0x34, 0xf8, 0xfc, 0xf8, 0x34,
    0xf8, 0xfc, 0xf8, 0x30, 0xf8, 0xfc, 0xf8, 0x34, 0xf8, 0xfc, 0xf8, 0x34,
    0xf8, 0xfc, 0xf8, 0x34, 0xf8, 0xfc, 0xf8, 0x34, 0xf8, 0xfc, 0xf8, 0x24,
    0x00, 0x00, 0x00, 0x00, 0x00, 0x00, 0x00, 0x00, 0x00, 0x00, 0x00, 0x00,
    0x00, 0x00, 0x00, 0x00, 0x00, 0x00, 0x00, 0x00, 0x00, 0x00, 0x00, 0x00,
    0x00, 0x00, 0x00, 0x00, 0x00, 0x00, 0x00, 0x00, 0x00, 0x00, 0x00, 0x00,
    0x00, 0x00, 0x00, 0x00, 0x00, 0x00, 0x00, 0x00, 0x00, 0x00, 0x00, 0x00,
    0x00, 0x00, 0x00, 0x00, 0x00, 0x00, 0x00, 0x00, 0x00, 0x00, 0x00, 0x00,
    0x00, 0x00, 0x00, 0x00, 0x00, 0x00, 0x00, 0x00, 0x00, 0x00, 0x00, 0x00,
    0x00, 0x00, 0x00, 0x00, 0x00, 0x00, 0x00, 0x00, 0x00, 0x00, 0x00, 0x00,
    0x00, 0x00, 0x00, 0x00, 0x00, 0x00, 0x00, 0x00, 0x00, 0x00, 0x00, 0x00,
    0x00, 0x00, 0x00, 0x00, 0x00, 0x00, 0x00, 0x00, 0x00, 0x00, 0x00, 0x00,
    0x00, 0x00, 0x00, 0x00, 0x00, 0x00, 0x00, 0x00, 0x00, 0x00, 0x00, 0x00,
    0x00, 0x00, 0x00, 0x00, 0x00, 0x00, 0x00, 0x00, 0x00, 0x00, 0x00, 0x00,
    0x00, 0x00, 0x00, 0x00, 0x00, 0x00, 0x00, 0x00, 0x00, 0x00, 0x00, 0x00,
    0x00, 0x00, 0x00, 0x00, 0x00, 0x00, 0x00, 0x00, 0x00, 0x00, 0x00, 0x00,
    0x00, 0x00, 0x00, 0x00, 0x00, 0x00, 0x00, 0x00, 0x00, 0x00, 0x00, 0x00,
    0x00, 0x00, 0x00, 0x00, 0x00, 0x00, 0x00, 0x00, 0x00, 0x00, 0x00, 0x00,
    0x00, 0x00, 0x00, 0x00, 0x00, 0x00, 0x00, 0x00, 0x00, 0x00, 0x00, 0x00,
    0x00, 0x00, 0x00, 0x00, 0x00, 0x00, 0x00, 0x00, 0x00, 0x00, 0x00, 0x00,
    0x00, 0x00, 0x00, 0x00, 0x00, 0x00, 0x00, 0x00, 0x00, 0x00, 0x00, 0x00,
    0x00, 0x00, 0x00, 0x00, 0x00, 0x00, 0x00, 0x00, 0x00, 0x00, 0x00, 0x00,
    0x00, 0x00, 0x00, 0x00, 0x00, 0x00, 0x00, 0x00, 0x00, 0x00, 0x00, 0x00,
    0x00, 0x00, 0x00, 0x00, 0x00, 0x00, 0x00, 0x00, 0x00, 0x00, 0x00, 0x00,
    0x00, 0x00, 0x00, 0x00, 0x00, 0x00, 0x00, 0x00, 0x00, 0x00, 0x00, 0x00,
    0x00, 0x00, 0x00, 0x00, 0x00, 0x00, 0x00, 0x00, 0x00, 0x00, 0x00, 0x00,
    0x00, 0x00, 0x00, 0x00, 0x00, 0x00, 0x00, 0x00, 0x00, 0x00, 0x00, 0x00,
    0x00, 0x00, 0x00, 0x00, 0x00, 0x00, 0x00, 0x00, 0x00, 0x00, 0x00, 0x00,
    0x00, 0x00, 0x00, 0x00, 0x00, 0x00, 0x00, 0x00, 0x00, 0x00, 0x00, 0x00,
    0x00, 0x00, 0x00, 0x00, 0x00, 0x00, 0x00, 0x00, 0x00, 0x00, 0x00, 0x00,
    0x00, 0x00, 0x00, 0x00, 0x00, 0x00, 0x00, 0x00, 0x00, 0x00, 0x00, 0x00,
    0x00, 0x00, 0x00, 0x00, 0x00, 0x00, 0x00, 0x00, 0x00, 0x00, 0x00, 0x00,
    0x00, 0x00, 0x00, 0x00, 0x00, 0x00, 0x00, 0x00, 0x00, 0x00, 0x00, 0x00,
    0x00, 0x00, 0x00, 0x00, 0x00, 0x00, 0x00, 0x00, 0x00, 0x00, 0x00, 0x00,
    0x00, 0x00, 0x00, 0x00, 0x00, 0x00, 0x00, 0x00, 0x00, 0x00, 0x00, 0x00,
    0x00, 0x00, 0x00, 0x00, 0x00, 0x00, 0x00, 0x00, 0x00, 0x00, 0x00, 0x00,
    0x00, 0x00, 0x00, 0x00, 0x00, 0x00, 0x00, 0x00, 0x00, 0x00, 0x00, 0x00,
    0x00, 0x00, 0x00, 0x00, 0x00, 0x00, 0x00, 0x00, 0x00, 0x00, 0x00, 0x00,
    0x00, 0x00, 0x00, 0x00, 0x00, 0x00, 0x00, 0x00, 0x00, 0x00, 0x00, 0x00,
    0xf8, 0xfc, 0xf8, 0x20, 0xf8, 0xfc, 0xf8, 0x34, 0xf8, 0xfc, 0xf8, 0x34,
    0xf8, 0xfc, 0xf8, 0x34, 0xf8, 0xfc, 0xf8, 0x30, 0xf8, 0xfc, 0xf8, 0x34,
    0xf8, 0xfc, 0xf8, 0x34, 0xf8, 0xfc, 0xf8, 0x30, 0xf8, 0xfc, 0xf8, 0x34,
    0xf8, 0xfc, 0xf8, 0x34, 0xf8, 0xfc, 0xf8, 0x30, 0xf8, 0xfc, 0xf8, 0x34,
    0xf8, 0xfc, 0xf8, 0x34, 0xf8, 0xfc, 0xf8, 0x30, 0xf8, 0xfc, 0xf8, 0x34,
    0xf8, 0xfc, 0xf8, 0x34, 0xf8, 0xfc, 0xf8, 0x30, 0xf8, 0xfc, 0xf8, 0x34,
    0xf8, 0xfc, 0xf8, 0x34, 0xf8, 0xfc, 0xf8, 0x30, 0xf8, 0xfc, 0xf8, 0x18,
    0xf8, 0xfc, 0xf8, 0x20, 0xf8, 0xfc, 0xf8, 0x34, 0xf8, 0xfc, 0xf8, 0x34,
    0xf8, 0xfc, 0xf8, 0x34, 0xf8, 0xfc, 0xf8, 0x30, 0xf8, 0xfc, 0xf8, 0x34,
    0xf8, 0xfc, 0xf8, 0x34, 0xf8, 0xfc, 0xf8, 0x30, 0xf8, 0xfc, 0xf8, 0x34,
    0xf8, 0xfc, 0xf8, 0x34, 0xf8, 0xfc, 0xf8, 0x34, 0xf8, 0xfc, 0xf8, 0x34,
    0xf8, 0xfc, 0xf8, 0x30, 0xf8, 0xfc, 0xf8, 0x34, 0xf8, 0xfc, 0xf8, 0x34,
    0xf8, 0xfc, 0xf8, 0x30, 0xf8, 0xfc, 0xf8, 0x34, 0xf8, 0xfc, 0xf8, 0x34,
    0xf8, 0xfc, 0xf8, 0x30, 0xf8, 0xfc, 0xf8, 0x34, 0xf8, 0xfc, 0xf8, 0x18,
    0x00, 0x00, 0x00, 0x00, 0x00, 0x00, 0x00, 0x00, 0x00, 0x00, 0x00, 0x00,
    0x00, 0x00, 0x00, 0x00, 0x00, 0x00, 0x00, 0x00, 0x00, 0x00, 0x00, 0x00,
    0x00, 0x00, 0x00, 0x00, 0x00, 0x00, 0x00, 0x00, 0x00, 0x00, 0x00, 0x00,
    0x00, 0x00, 0x00, 0x00, 0x00, 0x00, 0x00, 0x00, 0x00, 0x00, 0x00, 0x00,
    0x00, 0x00, 0x00, 0x00, 0x00, 0x00, 0x00, 0x00, 0x00, 0x00, 0x00, 0x00,
    0x00, 0x00, 0x00, 0x00, 0x00, 0x00, 0x00, 0x00, 0x00, 0x00, 0x00, 0x00,
    0x00, 0x00, 0x00, 0x00, 0x00, 0x00, 0x00, 0x00, 0x00, 0x00, 0x00, 0x00,
    0x00, 0x00, 0x00, 0x00, 0x00, 0x00, 0x00, 0x00, 0x00, 0x00, 0x00, 0x00,
    0x00, 0x00, 0x00, 0x00, 0x00, 0x00, 0x00, 0x00, 0x00, 0x00, 0x00, 0x00,
    0x00, 0x00, 0x00, 0x00, 0x00, 0x00, 0x00, 0x00, 0x00, 0x00, 0x00, 0x00,
    0x00, 0x00, 0x00, 0x00, 0x00, 0x00, 0x00, 0x00, 0x00, 0x00, 0x00, 0x00,
    0x00, 0x00, 0x00, 0x00, 0x00, 0x00, 0x00, 0x00, 0x00, 0x00, 0x00, 0x00,
    0x00, 0x00, 0x00, 0x00, 0x00, 0x00, 0x00, 0x00, 0x00, 0x00, 0x00, 0x00,
    0x00, 0x00, 0x00, 0x00, 0x00, 0x00, 0x00, 0x00, 0x00, 0x00, 0x00, 0x00,
    0x00, 0x00, 0x00, 0x00, 0x00, 0x00, 0x00, 0x00, 0x00, 0x00, 0x00, 0x00,
    0x00, 0x00, 0x00, 0x00, 0x00, 0x00, 0x00, 0x00, 0x00, 0x00, 0x00, 0x00,
    0x00, 0x00, 0x00, 0x00, 0x00, 0x00, 0x00, 0x00, 0x00, 0x00, 0x00, 0x00,
    0x00, 0x00, 0x00, 0x00, 0x00, 0x00, 0x00, 0x00, 0x00, 0x00, 0x00, 0x00,
    0x00, 0x00, 0x00, 0x00, 0x00, 0x00, 0x00, 0x00, 0x00, 0x00, 0x00, 0x00,
    0x00, 0x00, 0x00, 0x00, 0x00, 0x00, 0x00, 0x00, 0x00, 0x00, 0x00, 0x00,
    0x00, 0x00, 0x00, 0x00, 0x00, 0x00, 0x00, 0x00, 0x00, 0x00, 0x00, 0x00,
    0x00, 0x00, 0x00, 0x00, 0x00, 0x00, 0x00, 0x00, 0x00, 0x00, 0x00, 0x00,
    0x00, 0x00, 0x00, 0x00, 0x00, 0x00, 0x00, 0x00, 0x00, 0x00, 0x00, 0x00,
    0x00, 0x00, 0x00, 0x00, 0x00, 0x00, 0x00, 0x00, 0x00, 0x00, 0x00, 0x00,
    0x00, 0x00, 0x00, 0x00, 0x00, 0x00, 0x00, 0x00, 0x00, 0x00, 0x00, 0x00,
    0x00, 0x00, 0x00, 0x00, 0x00, 0x00, 0x00, 0x00, 0x00, 0x00, 0x00, 0x00,
    0x00, 0x00, 0x00, 0x00, 0x00, 0x00, 0x00, 0x00, 0x00, 0x00, 0x00, 0x00,
    0x00, 0x00, 0x00, 0x00, 0x00, 0x00, 0x00, 0x00, 0x00, 0x00, 0x00, 0x00,
    0x00, 0x00, 0x00, 0x00, 0x00, 0x00, 0x00, 0x00, 0x00, 0x00, 0x00, 0x00,
    0x00, 0x00, 0x00, 0x00, 0x00, 0x00, 0x00, 0x00, 0x00, 0x00, 0x00, 0x00,
    0x00, 0x00, 0x00, 0x00, 0x00, 0x00, 0x00, 0x00, 0x00, 0x00, 0x00, 0x00,
    0x00, 0x00, 0x00, 0x00, 0x00, 0x00, 0x00, 0x00, 0x00, 0x00, 0x00, 0x00,
    0x00, 0x00, 0x00, 0x00, 0x00, 0x00, 0x00, 0x00, 0x00, 0x00, 0x00, 0x00,
    0x00, 0x00, 0x00, 0x00, 0x00, 0x00, 0x00, 0x00, 0x00, 0x00, 0x00, 0x00,
    0x00, 0x00, 0x00, 0x00, 0x00, 0x00, 0x00, 0x00, 0x00, 0x00, 0x00, 0x00,
    0x00, 0x00, 0x00, 0x00, 0x00, 0x00, 0x00, 0x00, 0x00, 0x00, 0x00, 0x00,
    0xf8, 0xfc, 0xf8, 0x18, 0xf8, 0xfc, 0xf8, 0x34, 0xf8, 0xfc, 0xf8, 0x30,
    0xf8, 0xfc, 0xf8, 0x34, 0xf8, 0xfc, 0xf8, 0x34, 0xf8, 0xfc, 0xf8, 0x34,
    0xf8, 0xfc, 0xf8, 0x34, 0xf8, 0xfc, 0xf8, 0x34, 0xf8, 0xfc, 0xf8, 0x34,
    0xf8, 0xfc, 0xf8, 0x34, 0xf8, 0xfc, 0xf8, 0x34, 0xf8, 0xfc, 0xf8, 0x34,
    0xf8, 0xfc, 0xf8, 0x34, 0xf8, 0xfc, 0xf8, 0x30, 0xf8, 0xfc, 0xf8, 0x34,
    0xf8, 0xfc, 0xf8, 0x34, 0xf8, 0xfc, 0xf8, 0x34, 0xf8, 0xfc, 0xf8, 0x34,
    0xf8, 0xfc, 0xf8, 0x30, 0xf8, 0xfc, 0xf8, 0x34, 0xf8, 0xfc, 0xf8, 0x20,
    0xf8, 0xfc, 0xf8, 0x24, 0xf8, 0xfc, 0xf8, 0x34, 0xf8, 0xfc, 0xf8, 0x34,
    0xf8, 0xfc, 0xf8, 0x34, 0xf8, 0xfc, 0xf8, 0x34, 0xf8, 0xfc, 0xf8, 0x30,
    0xf8, 0xfc, 0xf8, 0x34, 0xf8, 0xfc, 0xf8, 0x34, 0xf8, 0xfc, 0xf8, 0x34,
    0xf8, 0xfc, 0xf8, 0x30, 0xf8, 0xfc, 0xf8, 0x34, 0xf8, 0xfc, 0xf8, 0x34,
    0xf8, 0xfc, 0xf8, 0x34, 0xf8, 0xfc, 0xf8, 0x34, 0xf8, 0xfc, 0xf8, 0x34,
    0xf8, 0xfc, 0xf8, 0x34, 0xf8, 0xfc, 0xf8, 0x34, 0xf8, 0xfc, 0xf8, 0x30,
    0xf8, 0xfc, 0xf8, 0x34, 0xf8, 0xfc, 0xf8, 0x34, 0xf8, 0xfc, 0xf8, 0x14,
    0x00, 0x00, 0x00, 0x00, 0x00, 0x00, 0x00, 0x00, 0x00, 0x00, 0x00, 0x00,
    0x00, 0x00, 0x00, 0x00, 0x00, 0x00, 0x00, 0x00, 0x00, 0x00, 0x00, 0x00,
    0x00, 0x00, 0x00, 0x00, 0x00, 0x00, 0x00, 0x00, 0x00, 0x00, 0x00, 0x00,
    0x00, 0x00, 0x00, 0x00, 0x00, 0x00, 0x00, 0x00, 0x00, 0x00, 0x00, 0x00,
    0x00, 0x00, 0x00, 0x00, 0x00, 0x00, 0x00, 0x00, 0x00, 0x00, 0x00, 0x00,
    0x00, 0x00, 0x00, 0x00, 0x00, 0x00, 0x00, 0x00, 0x00, 0x00, 0x00, 0x00,
    0x00, 0x00, 0x00, 0x00, 0x00, 0x00, 0x00, 0x00, 0x00, 0x00, 0x00, 0x00,
    0x00, 0x00, 0x00, 0x00, 0x00, 0x00, 0x00, 0x00, 0x00, 0x00, 0x00, 0x00,
    0x00, 0x00, 0x00, 0x00, 0x00, 0x00, 0x00, 0x00, 0x00, 0x00, 0x00, 0x00,
    0x00, 0x00, 0x00, 0x00, 0x00, 0x00, 0x00, 0x00, 0x00, 0x00, 0x00, 0x00,
    0x00, 0x00, 0x00, 0x00, 0x00, 0x00, 0x00, 0x00, 0x00, 0x00, 0x00, 0x00,
    0x00, 0x00, 0x00, 0x00, 0x00, 0x00, 0x00, 0x00, 0x00, 0x00, 0x00, 0x00,
    0x00, 0x00, 0x00, 0x00, 0x00, 0x00, 0x00, 0x00, 0x00, 0x00, 0x00, 0x00,
    0x00, 0x00, 0x00, 0x00, 0x00, 0x00, 0x00, 0x00, 0x00, 0x00, 0x00, 0x00,
    0x00, 0x00, 0x00, 0x00, 0x00, 0x00, 0x00, 0x00, 0x00, 0x00, 0x00, 0x00,
    0x00, 0x00, 0x00, 0x00, 0x00, 0x00, 0x00, 0x00, 0x00, 0x00, 0x00, 0x00,
    0x00, 0x00, 0x00, 0x00, 0x00, 0x00, 0x00, 0x00, 0x00, 0x00, 0x00, 0x00,
    0x00, 0x00, 0x00, 0x00, 0x00, 0x00, 0x00, 0x00, 0x00, 0x00, 0x00, 0x00,
    0x00, 0x00, 0x00, 0x00, 0x00, 0x00, 0x00, 0x00, 0x00, 0x00, 0x00, 0x00,
    0x00, 0x00, 0x00, 0x00, 0x00, 0x00, 0x00, 0x00, 0x00, 0x00, 0x00, 0x00,
    0x00, 0x00, 0x00, 0x00, 0x00, 0x00, 0x00, 0x00, 0x00, 0x00, 0x00, 0x00,
    0x00, 0x00, 0x00, 0x00, 0x00, 0x00, 0x00, 0x00, 0x00, 0x00, 0x00, 0x00,
    0x00, 0x00, 0x00, 0x00, 0x00, 0x00, 0x00, 0x00, 0x00, 0x00, 0x00, 0x00,
    0x00, 0x00, 0x00, 0x00, 0x00, 0x00, 0x00, 0x00, 0x00, 0x00, 0x00, 0x00,
    0x00, 0x00, 0x00, 0x00, 0x00, 0x00, 0x00, 0x00, 0x00, 0x00, 0x00, 0x00,
    0x00, 0x00, 0x00, 0x00, 0x00, 0x00, 0x00, 0x00, 0x00, 0x00, 0x00, 0x00,
    0x00, 0x00, 0x00, 0x00, 0x00, 0x00, 0x00, 0x00, 0x00, 0x00, 0x00, 0x00,
    0x00, 0x00, 0x00, 0x00, 0x00, 0x00, 0x00, 0x00, 0x00, 0x00, 0x00, 0x00,
    0x00, 0x00, 0x00, 0x00, 0x00, 0x00, 0x00, 0x00, 0x00, 0x00, 0x00, 0x00,
    0x00, 0x00, 0x00, 0x00, 0x00, 0x00, 0x00, 0x00, 0x00, 0x00, 0x00, 0x00,
    0x00, 0x00, 0x00, 0x00, 0x00, 0x00, 0x00, 0x00, 0x00, 0x00, 0x00, 0x00,
    0x00, 0x00, 0x00, 0x00, 0x00, 0x00, 0x00, 0x00, 0x00, 0x00, 0x00, 0x00,
    0x00, 0x00, 0x00, 0x00, 0x00, 0x00, 0x00, 0x00, 0x00, 0x00, 0x00, 0x00,
    0x00, 0x00, 0x00, 0x00, 0x00, 0x00, 0x00, 0x00, 0x00, 0x00, 0x00, 0x00,
    0x00, 0x00, 0x00, 0x00, 0x00, 0x00, 0x00, 0x00, 0x00, 0x00, 0x00, 0x00,
    0x00, 0x00, 0x00, 0x00, 0x00, 0x00, 0x00, 0x00, 0x00, 0x00, 0x00, 0x00,
    0xf8, 0xfc, 0xf8, 0x14, 0xf8, 0xfc, 0xf8, 0x34, 0xf8, 0xfc, 0xf8, 0x34,
    0xf8, 0xfc, 0xf8, 0x30, 0xf8, 0xfc, 0xf8, 0x34, 0xf8, 0xfc, 0xf8, 0x34,
    0xf8, 0xfc, 0xf8, 0x30, 0xf8, 0xfc, 0xf8, 0x34, 0xf8, 0xfc, 0xf8, 0x30,
    0xf8, 0xfc, 0xf8, 0x34, 0xf8, 0xfc, 0xf8, 0x30, 0xf8, 0xfc, 0xf8, 0x34,
    0xf8, 0xfc, 0xf8, 0x34, 0xf8, 0xfc, 0xf8, 0x34, 0xf8, 0xfc, 0xf8, 0x34,
    0xf8, 0xfc, 0xf8, 0x30, 0xf8, 0xfc, 0xf8, 0x34, 0xf8, 0xfc, 0xf8, 0x34,
    0xf8, 0xfc, 0xf8, 0x34, 0xf8, 0xfc, 0xf8, 0x34, 0xf8, 0xfc, 0xf8, 0x24,
    0xf8, 0xfc, 0xf8, 0x24, 0xf8, 0xfc, 0xf8, 0x34, 0xf8, 0xfc, 0xf8, 0x30,
    0xf8, 0xfc, 0xf8, 0x34, 0xf8, 0xfc, 0xf8, 0x34, 0xf8, 0xfc, 0xf8, 0x34,
    0xf8, 0xfc, 0xf8, 0x30, 0xf8, 0xfc, 0xf8, 0x34, 0xf8, 0xfc, 0xf8, 0x34,
    0xf8, 0xfc, 0xf8, 0x30, 0xf8, 0xfc, 0xf8, 0x34, 0xf8, 0xfc, 0xf8, 0x30,
    0xf8, 0xfc, 0xf8, 0x34, 0xf8, 0xfc, 0xf8, 0x30, 0xf8, 0xfc, 0xf8, 0x34,
    0xf8, 0xfc, 0xf8, 0x34, 0xf8, 0xfc, 0xf8, 0x30, 0xf8, 0xfc, 0xf8, 0x34,
    0xf8, 0xfc, 0xf8, 0x34, 0xf8, 0xfc, 0xf8, 0x34, 0xf8, 0xfc, 0xf8, 0x0c,
    0x00, 0x00, 0x00, 0x00, 0x00, 0x00, 0x00, 0x00, 0x00, 0x00, 0x00, 0x00,
    0x00, 0x00, 0x00, 0x00, 0x00, 0x00, 0x00, 0x00, 0x00, 0x00, 0x00, 0x00,
    0x00, 0x00, 0x00, 0x00, 0x00, 0x00, 0x00, 0x00, 0x00, 0x00, 0x00, 0x00,
    0x00, 0x00, 0x00, 0x00, 0x00, 0x00, 0x00, 0x00, 0x00, 0x00, 0x00, 0x00,
    0x00, 0x00, 0x00, 0x00, 0x00, 0x00, 0x00, 0x00, 0x00, 0x00, 0x00, 0x00,
    0x00, 0x00, 0x00, 0x00, 0x00, 0x00, 0x00, 0x00, 0x00, 0x00, 0x00, 0x00,
    0x00, 0x00, 0x00, 0x00, 0x00, 0x00, 0x00, 0x00, 0x00, 0x00, 0x00, 0x00,
    0x00, 0x00, 0x00, 0x00, 0x00, 0x00, 0x00, 0x00, 0x00, 0x00, 0x00, 0x00,
    0x00, 0x00, 0x00, 0x00, 0x00, 0x00, 0x00, 0x00, 0x00, 0x00, 0x00, 0x00,
    0x00, 0x00, 0x00, 0x00, 0x00, 0x00, 0x00, 0x00, 0x00, 0x00, 0x00, 0x00,
    0x00, 0x00, 0x00, 0x00, 0x00, 0x00, 0x00, 0x00, 0x00, 0x00, 0x00, 0x00,
    0x00, 0x00, 0x00, 0x00, 0x00, 0x00, 0x00, 0x00, 0x00, 0x00, 0x00, 0x00,
    0x00, 0x00, 0x00, 0x00, 0x00, 0x00, 0x00, 0x00, 0x00, 0x00, 0x00, 0x00,
    0x00, 0x00, 0x00, 0x00, 0x00, 0x00, 0x00, 0x00, 0x00, 0x00, 0x00, 0x00,
    0x00, 0x00, 0x00, 0x00, 0x00, 0x00, 0x00, 0x00, 0x00, 0x00, 0x00, 0x00,
    0x00, 0x00, 0x00, 0x00, 0x00, 0x00, 0x00, 0x00, 0x00, 0x00, 0x00, 0x00,
    0x00, 0x00, 0x00, 0x00, 0x00, 0x00, 0x00, 0x00, 0x00, 0x00, 0x00, 0x00,
    0x00, 0x00, 0x00, 0x00, 0x00, 0x00, 0x00, 0x00, 0x00, 0x00, 0x00, 0x00,
    0x00, 0x00, 0x00, 0x00, 0x00, 0x00, 0x00, 0x00, 0x00, 0x00, 0x00, 0x00,
    0x00, 0x00, 0x00, 0x00, 0x00, 0x00, 0x00, 0x00, 0x00, 0x00, 0x00, 0x00,
    0x00, 0x00, 0x00, 0x00, 0x00, 0x00, 0x00, 0x00, 0x00, 0x00, 0x00, 0x00,
    0x00, 0x00, 0x00, 0x00, 0x00, 0x00, 0x00, 0x00, 0x00, 0x00, 0x00, 0x00,
    0x00, 0x00, 0x00, 0x00, 0x00, 0x00, 0x00, 0x00, 0x00, 0x00, 0x00, 0x00,
    0x00, 0x00, 0x00, 0x00, 0x00, 0x00, 0x00, 0x00, 0x00, 0x00, 0x00, 0x00,
    0x00, 0x00, 0x00, 0x00, 0x00, 0x00, 0x00, 0x00, 0x00, 0x00, 0x00, 0x00,
    0x00, 0x00, 0x00, 0x00, 0x00, 0x00, 0x00, 0x00, 0x00, 0x00, 0x00, 0x00,
    0x00, 0x00, 0x00, 0x00, 0x00, 0x00, 0x00, 0x00, 0x00, 0x00, 0x00, 0x00,
    0x00, 0x00, 0x00, 0x00, 0x00, 0x00, 0x00, 0x00, 0x00, 0x00, 0x00, 0x00,
    0x00, 0x00, 0x00, 0x00, 0x00, 0x00, 0x00, 0x00, 0x00, 0x00, 0x00, 0x00,
    0x00, 0x00, 0x00, 0x00, 0x00, 0x00, 0x00, 0x00, 0x00, 0x00, 0x00, 0x00,
    0x00, 0x00, 0x00, 0x00, 0x00, 0x00, 0x00, 0x00, 0x00, 0x00, 0x00, 0x00,
    0x00, 0x00, 0x00, 0x00, 0x00, 0x00, 0x00, 0x00, 0x00, 0x00, 0x00, 0x00,
    0x00, 0x00, 0x00, 0x00, 0x00, 0x00, 0x00, 0x00, 0x00, 0x00, 0x00, 0x00,
    0x00, 0x00, 0x00, 0x00, 0x00, 0x00, 0x00, 0x00, 0x00, 0x00, 0x00, 0x00,
    0x00, 0x00, 0x00, 0x00, 0x00, 0x00, 0x00, 0x00, 0x00, 0x00, 0x00, 0x00,
    0x00, 0x00, 0x00, 0x00, 0x00, 0x00, 0x00, 0x00, 0x00, 0x00, 0x00, 0x00,
    0xf8, 0xfc, 0xf8, 0x10, 0xf8, 0xfc, 0xf8, 0x34, 0xf8, 0xfc, 0xf8, 0x34,
    0xf8, 0xfc, 0xf8, 0x34, 0xf8, 0xfc, 0xf8, 0x30, 0xf8, 0xfc, 0xf8, 0x34,
    0xf8, 0xfc, 0xf8, 0x34, 0xf8, 0xfc, 0xf8, 0x30, 0xf8, 0xfc, 0xf8, 0x34,
    0xf8, 0xfc, 0xf8, 0x34, 0xf8, 0xfc, 0xf8, 0x34, 0xf8, 0xfc, 0xf8, 0x30,
    0xf8, 0xfc, 0xf8, 0x34, 0xf8, 0xfc, 0xf8, 0x34, 0xf8, 0xfc, 0xf8, 0x30,
    0xf8, 0xfc, 0xf8, 0x34, 0xf8, 0xfc, 0xf8, 0x34, 0xf8, 0xfc, 0xf8, 0x30,
    0xf8, 0xfc, 0xf8, 0x34, 0xf8, 0xfc, 0xf8, 0x34, 0xf8, 0xfc, 0xf8, 0x28,
    0xf8, 0xfc, 0xf8, 0x2c, 0xf8, 0xfc, 0xf8, 0x34, 0xf8, 0xfc, 0xf8, 0x34,
    0xf8, 0xfc, 0xf8, 0x30, 0xf8, 0xfc, 0xf8, 0x34, 0xf8, 0xfc, 0xf8, 0x34,
    0xf8, 0xfc, 0xf8, 0x34, 0xf8, 0xfc, 0xf8, 0x34, 0xf8, 0xfc, 0xf8, 0x34,
    0xf8, 0xfc, 0xf8, 0x34, 0xf8, 0xfc, 0xf8, 0x34, 0xf8, 0xfc, 0xf8, 0x34,
    0xf8, 0xfc, 0xf8, 0x30, 0xf8, 0xfc, 0xf8, 0x34, 0xf8, 0xfc, 0xf8, 0x34,
    0xf8, 0xfc, 0xf8, 0x30, 0xf8, 0xfc, 0xf8, 0x34, 0xf8, 0xfc, 0xf8, 0x34,
    0xf8, 0xfc, 0xf8, 0x30, 0xf8, 0xfc, 0xf8, 0x34, 0xf8, 0xfc, 0xf8, 0x08,
    0x00, 0x00, 0x00, 0x00, 0x00, 0x00, 0x00, 0x00, 0x00, 0x00, 0x00, 0x00,
    0x00, 0x00, 0x00, 0x00, 0x00, 0x00, 0x00, 0x00, 0x00, 0x00, 0x00, 0x00,
    0x00, 0x00, 0x00, 0x00, 0x00, 0x00, 0x00, 0x00, 0x00, 0x00, 0x00, 0x00,
    0x00, 0x00, 0x00, 0x00, 0x00, 0x00, 0x00, 0x00, 0x00, 0x00, 0x00, 0x00,
    0x00, 0x00, 0x00, 0x00, 0x00, 0x00, 0x00, 0x00, 0x00, 0x00, 0x00, 0x00,
    0x00, 0x00, 0x00, 0x00, 0x00, 0x00, 0x00, 0x00, 0x00, 0x00, 0x00, 0x00,
    0x00, 0x00, 0x00, 0x00, 0x00, 0x00, 0x00, 0x00, 0x00, 0x00, 0x00, 0x00,
    0x00, 0x00, 0x00, 0x00, 0x00, 0x00, 0x00, 0x00, 0x00, 0x00, 0x00, 0x00,
    0x00, 0x00, 0x00, 0x00, 0x00, 0x00, 0x00, 0x00, 0x00, 0x00, 0x00, 0x00,
    0x00, 0x00, 0x00, 0x00, 0x00, 0x00, 0x00, 0x00, 0x00, 0x00, 0x00, 0x00,
    0x00, 0x00, 0x00, 0x00, 0x00, 0x00, 0x00, 0x00, 0x00, 0x00, 0x00, 0x00,
    0x00, 0x00, 0x00, 0x00, 0x00, 0x00, 0x00, 0x00, 0x00, 0x00, 0x00, 0x00,
    0x00, 0x00, 0x00, 0x00, 0x00, 0x00, 0x00, 0x00, 0x00, 0x00, 0x00, 0x00,
    0x00, 0x00, 0x00, 0x00, 0x00, 0x00, 0x00, 0x00, 0x00, 0x00, 0x00, 0x00,
    0x00, 0x00, 0x00, 0x00, 0x00, 0x00, 0x00, 0x00, 0x00, 0x00, 0x00, 0x00,
    0x00, 0x00, 0x00, 0x00, 0x00, 0x00, 0x00, 0x00, 0x00, 0x00, 0x00, 0x00,
    0x00, 0x00, 0x00, 0x00, 0x00, 0x00, 0x00, 0x00, 0x00, 0x00, 0x00, 0x00,
    0x00, 0x00, 0x00, 0x00, 0x00, 0x00, 0x00, 0x00, 0x00, 0x00, 0x00, 0x00,
    0x00, 0x00, 0x00, 0x00, 0x00, 0x00, 0x00, 0x00, 0x00, 0x00, 0x00, 0x00,
    0x00, 0x00, 0x00, 0x00, 0x00, 0x00, 0x00, 0x00, 0x00, 0x00, 0x00, 0x00,
    0x00, 0x00, 0x00, 0x00, 0x00, 0x00, 0x00, 0x00, 0x00, 0x00, 0x00, 0x00,
    0x00, 0x00, 0x00, 0x00, 0x00, 0x00, 0x00, 0x00, 0x00, 0x00, 0x00, 0x00,
    0x00, 0x00, 0x00, 0x00, 0x00, 0x00, 0x00, 0x00, 0x00, 0x00, 0x00, 0x00,
    0x00, 0x00, 0x00, 0x00, 0x00, 0x00, 0x00, 0x00, 0x00, 0x00, 0x00, 0x00,
    0x00, 0x00, 0x00, 0x00, 0x00, 0x00, 0x00, 0x00, 0x00, 0x00, 0x00, 0x00,
    0x00, 0x00, 0x00, 0x00, 0x00, 0x00, 0x00, 0x00, 0x00, 0x00, 0x00, 0x00,
    0x00, 0x00, 0x00, 0x00, 0x00, 0x00, 0x00, 0x00, 0x00, 0x00, 0x00, 0x00,
    0x00, 0x00, 0x00, 0x00, 0x00, 0x00, 0x00, 0x00, 0x00, 0x00, 0x00, 0x00,
    0x00, 0x00, 0x00, 0x00, 0x00, 0x00, 0x00, 0x00, 0x00, 0x00, 0x00, 0x00,
    0x00, 0x00, 0x00, 0x00, 0x00, 0x00, 0x00, 0x00, 0x00, 0x00, 0x00, 0x00,
    0x00, 0x00, 0x00, 0x00, 0x00, 0x00, 0x00, 0x00, 0x00, 0x00, 0x00, 0x00,
    0x00, 0x00, 0x00, 0x00, 0x00, 0x00, 0x00, 0x00, 0x00, 0x00, 0x00, 0x00,
    0x00, 0x00, 0x00, 0x00, 0x00, 0x00, 0x00, 0x00, 0x00, 0x00, 0x00, 0x00,
    0x00, 0x00, 0x00, 0x00, 0x00, 0x00, 0x00, 0x00, 0x00, 0x00, 0x00, 0x00,
    0x00, 0x00, 0x00, 0x00, 0x00, 0x00, 0x00, 0x00, 0x00, 0x00, 0x00, 0x00,
    0x00, 0x00, 0x00, 0x00, 0x00, 0x00, 0x00, 0x00, 0x00, 0x00, 0x00, 0x00,
    0xf8, 0xfc, 0xf8, 0x04, 0xf8, 0xfc, 0xf8, 0x34, 0xf8, 0xfc, 0xf8, 0x30,
    0xf8, 0xfc, 0xf8, 0x34, 0xf8, 0xfc, 0xf8, 0x34, 0xf8, 0xfc, 0xf8, 0x34,
    0xf8, 0xfc, 0xf8, 0x34, 0xf8, 0xfc, 0xf8, 0x34, 0xf8, 0xfc, 0xf8, 0x34,
    0xf8, 0xfc, 0xf8, 0x34, 0xf8, 0xfc, 0xf8, 0x34, 0xf8, 0xfc, 0xf8, 0x30,
    0xf8, 0xfc, 0xf8, 0x34, 0xf8, 0xfc, 0xf8, 0x34, 0xf8, 0xfc, 0xf8, 0x34,
    0xf8, 0xfc, 0xf8, 0x34, 0xf8, 0xfc, 0xf8, 0x34, 0xf8, 0xfc, 0xf8, 0x30,
    0xf8, 0xfc, 0xf8, 0x34, 0xf8, 0xfc, 0xf8, 0x34, 0xf8, 0xfc, 0xf8, 0x2c,
    0xf8, 0xfc, 0xf8, 0x2c, 0xf8, 0xfc, 0xf8, 0x34, 0xf8, 0xfc, 0xf8, 0x34,
    0xf8, 0xfc, 0xf8, 0x34, 0xf8, 0xfc, 0xf8, 0x30, 0xf8, 0xfc, 0xf8, 0x34,
    0xf8, 0xfc, 0xf8, 0x34, 0xf8, 0xfc, 0xf8, 0x30, 0xf8, 0xfc, 0xf8, 0x34,
    0xf8, 0xfc, 0xf8, 0x34, 0xf8, 0xfc, 0xf8, 0x30, 0xf8, 0xfc, 0xf8, 0x34,
    0xf8, 0xfc, 0xf8, 0x34, 0xf8, 0xfc, 0xf8, 0x34, 0xf8, 0xfc, 0xf8, 0x34,
    0xf8, 0xfc, 0xf8, 0x34, 0xf8, 0xfc, 0xf8, 0x34, 0xf8, 0xfc, 0xf8, 0x34,
    0xf8, 0xfc, 0xf8, 0x34, 0xf8, 0xfc, 0xf8, 0x30, 0xf8, 0xfc, 0xf8, 0x04,
    0x00, 0x00, 0x00, 0x00, 0x00, 0x00, 0x00, 0x00, 0x00, 0x00, 0x00, 0x00,
    0x00, 0x00, 0x00, 0x00, 0x00, 0x00, 0x00, 0x00, 0x00, 0x00, 0x00, 0x00,
    0x00, 0x00, 0x00, 0x00, 0x00, 0x00, 0x00, 0x00, 0x00, 0x00, 0x00, 0x00,
    0x00, 0x00, 0x00, 0x00, 0x00, 0x00, 0x00, 0x00, 0x00, 0x00, 0x00, 0x00,
    0x00, 0x00, 0x00, 0x00, 0x00, 0x00, 0x00, 0x00, 0x00, 0x00, 0x00, 0x00,
    0x00, 0x00, 0x00, 0x00, 0x00, 0x00, 0x00, 0x00, 0x00, 0x00, 0x00, 0x00,
    0x00, 0x00, 0x00, 0x00, 0x00, 0x00, 0x00, 0x00, 0x00, 0x00, 0x00, 0x00,
    0x00, 0x00, 0x00, 0x00, 0x00, 0x00, 0x00, 0x00, 0x00, 0x00, 0x00, 0x00,
    0x00, 0x00, 0x00, 0x00, 0x00, 0x00, 0x00, 0x00, 0x00, 0x00, 0x00, 0x00,
    0x00, 0x00, 0x00, 0x00, 0x00, 0x00, 0x00, 0x00, 0x00, 0x00, 0x00, 0x00,
    0x00, 0x00, 0x00, 0x00, 0x00, 0x00, 0x00, 0x00, 0x00, 0x00, 0x00, 0x00,
    0x00, 0x00, 0x00, 0x00, 0x00, 0x00, 0x00, 0x00, 0x00, 0x00, 0x00, 0x00,
    0x00, 0x00, 0x00, 0x00, 0x00, 0x00, 0x00, 0x00, 0x00, 0x00, 0x00, 0x00,
    0x00, 0x00, 0x00, 0x00, 0x00, 0x00, 0x00, 0x00, 0x00, 0x00, 0x00, 0x00,
    0x00, 0x00, 0x00, 0x00, 0x00, 0x00, 0x00, 0x00, 0x00, 0x00, 0x00, 0x00,
    0x00, 0x00, 0x00, 0x00, 0x00, 0x00, 0x00, 0x00, 0x00, 0x00, 0x00, 0x00,
    0x00, 0x00, 0x00, 0x00, 0x00, 0x00, 0x00, 0x00, 0x00, 0x00, 0x00, 0x00,
    0x00, 0x00, 0x00, 0x00, 0x00, 0x00, 0x00, 0x00, 0x00, 0x00, 0x00, 0x00,
    0x00, 0x00, 0x00, 0x00, 0x00, 0x00, 0x00, 0x00, 0x00, 0x00, 0x00, 0x00,
    0x00, 0x00, 0x00, 0x00, 0x00, 0x00, 0x00, 0x00, 0x00, 0x00, 0x00, 0x00,
    0x00, 0x00, 0x00, 0x00, 0x00, 0x00, 0x00, 0x00, 0x00, 0x00, 0x00, 0x00,
    0x00, 0x00, 0x00, 0x00, 0x00, 0x00, 0x00, 0x00, 0x00, 0x00, 0x00, 0x00,
    0x00, 0x00, 0x00, 0x00, 0x00, 0x00, 0x00, 0x00, 0x00, 0x00, 0x00, 0x00,
    0x00, 0x00, 0x00, 0x00, 0x00, 0x00, 0x00, 0x00, 0x00, 0x00, 0x00, 0x00,
    0x00, 0x00, 0x00, 0x00, 0x00, 0x00, 0x00, 0x00, 0x00, 0x00, 0x00, 0x00,
    0x00, 0x00, 0x00, 0x00, 0x00, 0x00, 0x00, 0x00, 0x00, 0x00, 0x00, 0x00,
    0x00, 0x00, 0x00, 0x00, 0x00, 0x00, 0x00, 0x00, 0x00, 0x00, 0x00, 0x00,
    0x00, 0x00, 0x00, 0x00, 0x00, 0x00, 0x00, 0x00, 0x00, 0x00, 0x00, 0x00,
    0x00, 0x00, 0x00, 0x00, 0x00, 0x00, 0x00, 0x00, 0x00, 0x00, 0x00, 0x00,
    0x00, 0x00, 0x00, 0x00, 0x00, 0x00, 0x00, 0x00, 0x00, 0x00, 0x00, 0x00,
    0x00, 0x00, 0x00, 0x00, 0x00, 0x00, 0x00, 0x00, 0x00, 0x00, 0x00, 0x00,
    0x00, 0x00, 0x00, 0x00, 0x00, 0x00, 0x00, 0x00, 0x00, 0x00, 0x00, 0x00,
    0x00, 0x00, 0x00, 0x00, 0x00, 0x00, 0x00, 0x00, 0x00, 0x00, 0x00, 0x00,
    0x00, 0x00, 0x00, 0x00, 0x00, 0x00, 0x00, 0x00, 0x00, 0x00, 0x00, 0x00,
    0x00, 0x00, 0x00, 0x00, 0x00, 0x00, 0x00, 0x00, 0x00, 0x00, 0x00, 0x00,
    0x00, 0x00, 0x00, 0x00, 0x00, 0x00, 0x00, 0x00, 0x00, 0x00, 0x00, 0x00,
    0xf8, 0xfc, 0xf8, 0x04, 0xf8, 0xfc, 0xf8, 0x34, 0xf8, 0xfc, 0xf8, 0x34,
    0xf8, 0xfc, 0xf8, 0x30, 0xf8, 0xfc, 0xf8, 0x34, 0xf8, 0xfc, 0xf8, 0x34,
    0xf8, 0xfc, 0xf8, 0x30, 0xf8, 0xfc, 0xf8, 0x34, 0xf8, 0xfc, 0xf8, 0x30,
    0xf8, 0xfc, 0xf8, 0x34, 0xf8, 0xfc, 0xf8, 0x34, 0xf8, 0xfc, 0xf8, 0x34,
    0xf8, 0xfc, 0xf8, 0x30, 0xf8, 0xfc, 0xf8, 0x34, 0xf8, 0xfc, 0xf8, 0x30,
    0xf8, 0xfc, 0xf8, 0x34, 0xf8, 0xfc, 0xf8, 0x34, 0xf8, 0xfc, 0xf8, 0x34,
    0xf8, 0xfc, 0xf8, 0x30, 0xf8, 0xfc, 0xf8, 0x34, 0xf8, 0xfc, 0xf8, 0x2c,
    0xf8, 0xfc, 0xf8, 0x34, 0xf8, 0xfc, 0xf8, 0x30, 0xf8, 0xfc, 0xf8, 0x34,
    0xf8, 0xfc, 0xf8, 0x34, 0xf8, 0xfc, 0xf8, 0x34, 0xf8, 0xfc, 0xf8, 0x30,
    0xf8, 0xfc, 0xf8, 0x34, 0xf8, 0xfc, 0xf8, 0x34, 0xf8, 0xfc, 0xf8, 0x30,
    0xf8, 0xfc, 0xf8, 0x34, 0xf8, 0xfc, 0xf8, 0x34, 0xf8, 0xfc, 0xf8, 0x30,
    0xf8, 0xfc, 0xf8, 0x34, 0xf8, 0xfc, 0xf8, 0x34, 0xf8, 0xfc, 0xf8, 0x30,
    0xf8, 0xfc, 0xf8, 0x34, 0xf8, 0xfc, 0xf8, 0x30, 0xf8, 0xfc, 0xf8, 0x34,
    0xf8, 0xfc, 0xf8, 0x34, 0xf8, 0xfc, 0xf8, 0x34, 0xf8, 0xfc, 0xf8, 0x04,
    0x00, 0x00, 0x00, 0x00, 0x00, 0x00, 0x00, 0x00, 0x00, 0x00, 0x00, 0x00,
    0x00, 0x00, 0x00, 0x00, 0x00, 0x00, 0x00, 0x00, 0x00, 0x00, 0x00, 0x00,
    0x00, 0x00, 0x00, 0x00, 0x00, 0x00, 0x00, 0x00, 0x00, 0x00, 0x00, 0x00,
    0x00, 0x00, 0x00, 0x00, 0x00, 0x00, 0x00, 0x00, 0x00, 0x00, 0x00, 0x00,
    0x00, 0x00, 0x00, 0x00, 0x00, 0x00, 0x00, 0x00, 0x00, 0x00, 0x00, 0x00,
    0x00, 0x00, 0x00, 0x00, 0x00, 0x00, 0x00, 0x00, 0x00, 0x00, 0x00, 0x00,
    0x00, 0x00, 0x00, 0x00, 0x00, 0x00, 0x00, 0x00, 0x00, 0x00, 0x00, 0x00,
    0x00, 0x00, 0x00, 0x00, 0x00, 0x00, 0x00, 0x00, 0x00, 0x00, 0x00, 0x00,
    0x00, 0x00, 0x00, 0x00, 0x00, 0x00, 0x00, 0x00, 0x00, 0x00, 0x00, 0x00,
    0x00, 0x00, 0x00, 0x00, 0x00, 0x00, 0x00, 0x00, 0x00, 0x00, 0x00, 0x00,
    0x00, 0x00, 0x00, 0x00, 0x00, 0x00, 0x00, 0x00, 0x00, 0x00, 0x00, 0x00,
    0x00, 0x00, 0x00, 0x00, 0x00, 0x00, 0x00, 0x00, 0x00, 0x00, 0x00, 0x00,
    0x00, 0x00, 0x00, 0x00, 0x00, 0x00, 0x00, 0x00, 0x00, 0x00, 0x00, 0x00,
    0x00, 0x00, 0x00, 0x00, 0x00, 0x00, 0x00, 0x00, 0x00, 0x00, 0x00, 0x00,
    0x00, 0x00, 0x00, 0x00, 0x00, 0x00, 0x00, 0x00, 0x00, 0x00, 0x00, 0x00,
    0x00, 0x00, 0x00, 0x00, 0x00, 0x00, 0x00, 0x00, 0x00, 0x00, 0x00, 0x00,
    0x00, 0x00, 0x00, 0x00, 0x00, 0x00, 0x00, 0x00, 0x00, 0x00, 0x00, 0x00,
    0x00, 0x00, 0x00, 0x00, 0x00, 0x00, 0x00, 0x00, 0x00, 0x00, 0x00, 0x00,
    0x00, 0x00, 0x00, 0x00, 0x00, 0x00, 0x00, 0x00, 0x00, 0x00, 0x00, 0x00,
    0x00, 0x00, 0x00, 0x00, 0x00, 0x00, 0x00, 0x00, 0x00, 0x00, 0x00, 0x00,
    0x00, 0x00, 0x00, 0x00, 0x00, 0x00, 0x00, 0x00, 0x00, 0x00, 0x00, 0x00,
    0x00, 0x00, 0x00, 0x00, 0x00, 0x00, 0x00, 0x00, 0x00, 0x00, 0x00, 0x00,
    0x00, 0x00, 0x00, 0x00, 0x00, 0x00, 0x00, 0x00, 0x00, 0x00, 0x00, 0x00,
    0x00, 0x00, 0x00, 0x00, 0x00, 0x00, 0x00, 0x00, 0x00, 0x00, 0x00, 0x00,
    0x00, 0x00, 0x00, 0x00, 0x00, 0x00, 0x00, 0x00, 0x00, 0x00, 0x00, 0x00,
    0x00, 0x00, 0x00, 0x00, 0x00, 0x00, 0x00, 0x00, 0x00, 0x00, 0x00, 0x00,
    0x00, 0x00, 0x00, 0x00, 0x00, 0x00, 0x00, 0x00, 0x00, 0x00, 0x00, 0x00,
    0x00, 0x00, 0x00, 0x00, 0x00, 0x00, 0x00, 0x00, 0x00, 0x00, 0x00, 0x00,
    0x00, 0x00, 0x00, 0x00, 0x00, 0x00, 0x00, 0x00, 0x00, 0x00, 0x00, 0x00,
    0x00, 0x00, 0x00, 0x00, 0x00, 0x00, 0x00, 0x00, 0x00, 0x00, 0x00, 0x00,
    0x00, 0x00, 0x00, 0x00, 0x00, 0x00, 0x00, 0x00, 0x00, 0x00, 0x00, 0x00,
    0x00, 0x00, 0x00, 0x00, 0x00, 0x00, 0x00, 0x00, 0x00, 0x00, 0x00, 0x00,
    0x00, 0x00, 0x00, 0x00, 0x00, 0x00, 0x00, 0x00, 0x00, 0x00, 0x00, 0x00,
    0x00, 0x00, 0x00, 0x00, 0x00, 0x00, 0x00, 0x00, 0x00, 0x00, 0x00, 0x00,
    0x00, 0x00, 0x00, 0x00, 0x00, 0x00, 0x00, 0x00, 0x00, 0x00, 0x00, 0x00,
    0x00, 0x00, 0x00, 0x00, 0x00, 0x00, 0x00, 0x00, 0x00, 0x00, 0x00, 0x00,
    0xf8, 0xfc, 0xf8, 0x04, 0xf8, 0xfc, 0xf8, 0x34, 0xf8, 0xfc, 0xf8, 0x34,
    0xf8, 0xfc, 0xf8, 0x34, 0xf8, 0xfc, 0xf8, 0x34, 0xf8, 0xfc, 0xf8, 0x30,
    0xf8, 0xfc, 0xf8, 0x34, 0xf8, 0xfc, 0xf8, 0x34, 0xf8, 0xfc, 0xf8, 0x30,
    0xf8, 0xfc, 0xf8, 0x34, 0xf8, 0xfc, 0xf8, 0x34, 0xf8, 0xfc, 0xf8, 0x30,
    0xf8, 0xfc, 0xf8, 0x34, 0xf8, 0xfc, 0xf8, 0x34, 0xf8, 0xfc, 0xf8, 0x34,
    0xf8, 0xfc, 0xf8, 0x30, 0xf8, 0xfc, 0xf8, 0x34, 0xf8, 0xfc, 0xf8, 0x34,
    0xf8, 0xfc, 0xf8, 0x34, 0xf8, 0xfc, 0xf8, 0x30, 0xf8, 0xfc, 0xf8, 0x34,
    0xf8, 0xfc, 0xf8, 0x34, 0xf8, 0xfc, 0xf8, 0x34, 0xf8, 0xfc, 0xf8, 0x30,
    0xf8, 0xfc, 0xf8, 0x34, 0xf8, 0xfc, 0xf8, 0x34, 0xf8, 0xfc, 0xf8, 0x34,
    0xf8, 0xfc, 0xf8, 0x34, 0xf8, 0xfc, 0xf8, 0x34, 0xf8, 0xfc, 0xf8, 0x30,
    0xf8, 0xfc, 0xf8, 0x34, 0xf8, 0xfc, 0xf8, 0x34, 0xf8, 0xfc, 0xf8, 0x34,
    0xf8, 0xfc, 0xf8, 0x34, 0xf8, 0xfc, 0xf8, 0x30, 0xf8, 0xfc, 0xf8, 0x34,
    0xf8, 0xfc, 0xf8, 0x34, 0xf8, 0xfc, 0xf8, 0x34, 0xf8, 0xfc, 0xf8, 0x30,
    0xf8, 0xfc, 0xf8, 0x34, 0xf8, 0xfc, 0xf8, 0x34, 0x00, 0x00, 0x00, 0x00,
    0x00, 0x00, 0x00, 0x00, 0x00, 0x00, 0x00, 0x00, 0x00, 0x00, 0x00, 0x00,
    0x00, 0x00, 0x00, 0x00, 0x00, 0x00, 0x00, 0x00, 0x00, 0x00, 0x00, 0x00,
    0x00, 0x00, 0x00, 0x00, 0x00, 0x00, 0x00, 0x00, 0x00, 0x00, 0x00, 0x00,
    0x00, 0x00, 0x00, 0x00, 0x00, 0x00, 0x00, 0x00, 0x00, 0x00, 0x00, 0x00,
    0x00, 0x00, 0x00, 0x00, 0x00, 0x00, 0x00, 0x00, 0x00, 0x00, 0x00, 0x00,
    0x00, 0x00, 0x00, 0x00, 0x00, 0x00, 0x00, 0x00, 0x00, 0x00, 0x00, 0x00,
    0x00, 0x00, 0x00, 0x00, 0x00, 0x00, 0x00, 0x00, 0x00, 0x00, 0x00, 0x00,
    0x00, 0x00, 0x00, 0x00, 0x00, 0x00, 0x00, 0x00, 0x00, 0x00, 0x00, 0x00,
    0x00, 0x00, 0x00, 0x00, 0x00, 0x00, 0x00, 0x00, 0x00, 0x00, 0x00, 0x00,
    0x00, 0x00, 0x00, 0x00, 0x00, 0x00, 0x00, 0x00, 0x00, 0x00, 0x00, 0x00,
    0x00, 0x00, 0x00, 0x00, 0x00, 0x00, 0x00, 0x00, 0x00, 0x00, 0x00, 0x00,
    0x00, 0x00, 0x00, 0x00, 0x00, 0x00, 0x00, 0x00, 0x00, 0x00, 0x00, 0x00,
    0x00, 0x00, 0x00, 0x00, 0x00, 0x00, 0x00, 0x00, 0x00, 0x00, 0x00, 0x00,
    0x00, 0x00, 0x00, 0x00, 0x00, 0x00, 0x00, 0x00, 0x00, 0x00, 0x00, 0x00,
    0x00, 0x00, 0x00, 0x00, 0x00, 0x00, 0x00, 0x00, 0x00, 0x00, 0x00, 0x00,
    0x00, 0x00, 0x00, 0x00, 0x00, 0x00, 0x00, 0x00, 0x00, 0x00, 0x00, 0x00,
    0x00, 0x00, 0x00, 0x00, 0x00, 0x00, 0x00, 0x00, 0x00, 0x00, 0x00, 0x00,
    0x00, 0x00, 0x00, 0x00, 0x00, 0x00, 0x00, 0x00, 0x00, 0x00, 0x00, 0x00,
    0x00, 0x00, 0x00, 0x00, 0x00, 0x00, 0x00, 0x00, 0x00, 0x00, 0x00, 0x00,
    0x00, 0x00, 0x00, 0x00, 0x00, 0x00, 0x00, 0x00, 0x00, 0x00, 0x00, 0x00,
    0x00, 0x00, 0x00, 0x00, 0x00, 0x00, 0x00, 0x00, 0x00, 0x00, 0x00, 0x00,
    0x00, 0x00, 0x00, 0x00, 0x00, 0x00, 0x00, 0x00, 0x00, 0x00, 0x00, 0x00,
    0x00, 0x00, 0x00, 0x00, 0x00, 0x00, 0x00, 0x00, 0x00, 0x00, 0x00, 0x00,
    0x00, 0x00, 0x00, 0x00, 0x00, 0x00, 0x00, 0x00, 0x00, 0x00, 0x00, 0x00,
    0x00, 0x00, 0x00, 0x00, 0x00, 0x00, 0x00, 0x00, 0x00, 0x00, 0x00, 0x00,
    0x00, 0x00, 0x00, 0x00, 0x00, 0x00, 0x00, 0x00, 0x00, 0x00, 0x00, 0x00,
    0x00, 0x00, 0x00, 0x00, 0x00, 0x00, 0x00, 0x00, 0x00, 0x00, 0x00, 0x00,
    0x00, 0x00, 0x00, 0x00, 0x00, 0x00, 0x00, 0x00, 0x00, 0x00, 0x00, 0x00,
    0x00, 0x00, 0x00, 0x00, 0x00, 0x00, 0x00, 0x00, 0x00, 0x00, 0x00, 0x00,
    0x00, 0x00, 0x00, 0x00, 0x00, 0x00, 0x00, 0x00, 0x00, 0x00, 0x00, 0x00,
    0x00, 0x00, 0x00, 0x00, 0x00, 0x00, 0x00, 0x00, 0x00, 0x00, 0x00, 0x00,
    0x00, 0x00, 0x00, 0x00, 0x00, 0x00, 0x00, 0x00, 0x00, 0x00, 0x00, 0x00,
    0x00, 0x00, 0x00, 0x00, 0x00, 0x00, 0x00, 0x00, 0x00, 0x00, 0x00, 0x00,
    0x00, 0x00, 0x00, 0x00, 0x00, 0x00, 0x00, 0x00, 0x00, 0x00, 0x00, 0x00,
    0x00, 0x00, 0x00, 0x00, 0x00, 0x00, 0x00, 0x00, 0x00, 0x00, 0x00, 0x00,
    0x00, 0x00, 0x00, 0x00, 0x00, 0x00, 0x00, 0x00, 0x00, 0x00, 0x00, 0x00,
    0x00, 0x00, 0x00, 0x00, 0xf8, 0xfc, 0xf8, 0x34, 0xf8, 0xfc, 0xf8, 0x30,
    0xf8, 0xfc, 0xf8, 0x34, 0xf8, 0xfc, 0xf8, 0x34, 0xf8, 0xfc, 0xf8, 0x34,
    0xf8, 0xfc, 0xf8, 0x34, 0xf8, 0xfc, 0xf8, 0x34, 0xf8, 0xfc, 0xf8, 0x34,
    0xf8, 0xfc, 0xf8, 0x34, 0xf8, 0xfc, 0xf8, 0x30, 0xf8, 0xfc, 0xf8, 0x34,
    0xf8, 0xfc, 0xf8, 0x34, 0xf8, 0xfc, 0xf8, 0x34, 0xf8, 0xfc, 0xf8, 0x34,
    0xf8, 0xfc, 0xf8, 0x34, 0xf8, 0xfc, 0xf8, 0x30, 0xf8, 0xfc, 0xf8, 0x34,
    0xf8, 0xfc, 0xf8, 0x34, 0xf8, 0xfc, 0xf8, 0x34, 0xf8, 0xfc, 0xf8, 0x34,
    0xf8, 0xfc, 0xf8, 0x34, 0xf8, 0xfc, 0xf8, 0x34, 0xf8, 0xfc, 0xf8, 0x34,
    0xf8, 0xfc, 0xf8, 0x30, 0xf8, 0xfc, 0xf8, 0x34, 0xf8, 0xfc, 0xf8, 0x30,
    0xf8, 0xfc, 0xf8, 0x34, 0xf8, 0xfc, 0xf8, 0x34, 0xf8, 0xfc, 0xf8, 0x34,
    0xf8, 0xfc, 0xf8, 0x30, 0xf8, 0xfc, 0xf8, 0x34, 0xf8, 0xfc, 0xf8, 0x34,
    0xf8, 0xfc, 0xf8, 0x30, 0xf8, 0xfc, 0xf8, 0x34, 0xf8, 0xfc, 0xf8, 0x34,
    0xf8, 0xfc, 0xf8, 0x34, 0xf8, 0xfc, 0xf8, 0x34, 0xf8, 0xfc, 0xf8, 0x34,
    0xf8, 0xfc, 0xf8, 0x30, 0xf8, 0xfc, 0xf8, 0x34, 0x00, 0x00, 0x00, 0x00,
    0x00, 0x00, 0x00, 0x00, 0x00, 0x00, 0x00, 0x00, 0x00, 0x00, 0x00, 0x00,
    0x00, 0x00, 0x00, 0x00, 0x00, 0x00, 0x00, 0x00, 0x00, 0x00, 0x00, 0x00,
    0x00, 0x00, 0x00, 0x00, 0x00, 0x00, 0x00, 0x00, 0x00, 0x00, 0x00, 0x00,
    0x00, 0x00, 0x00, 0x00, 0x00, 0x00, 0x00, 0x00, 0x00, 0x00, 0x00, 0x00,
    0x00, 0x00, 0x00, 0x00, 0x00, 0x00, 0x00, 0x00, 0x00, 0x00, 0x00, 0x00,
    0x00, 0x00, 0x00, 0x00, 0x00, 0x00, 0x00, 0x00, 0x00, 0x00, 0x00, 0x00,
    0x00, 0x00, 0x00, 0x00, 0x00, 0x00, 0x00, 0x00, 0x00, 0x00, 0x00, 0x00,
    0x00, 0x00, 0x00, 0x00, 0x00, 0x00, 0x00, 0x00, 0x00, 0x00, 0x00, 0x00,
    0x00, 0x00, 0x00, 0x00, 0x00, 0x00, 0x00, 0x00, 0x00, 0x00, 0x00, 0x00,
    0x00, 0x00, 0x00, 0x00, 0x00, 0x00, 0x00, 0x00, 0x00, 0x00, 0x00, 0x00,
    0x00, 0x00, 0x00, 0x00, 0x00, 0x00, 0x00, 0x00, 0x00, 0x00, 0x00, 0x00,
    0x00, 0x00, 0x00, 0x00, 0x00, 0x00, 0x00, 0x00, 0x00, 0x00, 0x00, 0x00,
    0x00, 0x00, 0x00, 0x00, 0x00, 0x00, 0x00, 0x00, 0x00, 0x00, 0x00, 0x00,
    0x00, 0x00, 0x00, 0x00, 0x00, 0x00, 0x00, 0x00, 0x00, 0x00, 0x00, 0x00,
    0x00, 0x00, 0x00, 0x00, 0x00, 0x00, 0x00, 0x00, 0x00, 0x00, 0x00, 0x00,
    0x00, 0x00, 0x00, 0x00, 0x00, 0x00, 0x00, 0x00, 0x00, 0x00, 0x00, 0x00,
    0x00, 0x00, 0x00, 0x00, 0x00, 0x00, 0x00, 0x00, 0x00, 0x00, 0x00, 0x00,
    0x00, 0x00, 0x00, 0x00, 0x00, 0x00, 0x00, 0x00, 0x00, 0x00, 0x00, 0x00,
    0x00, 0x00, 0x00, 0x00, 0x00, 0x00, 0x00, 0x00, 0x00, 0x00, 0x00, 0x00,
    0x00, 0x00, 0x00, 0x00, 0x00, 0x00, 0x00, 0x00, 0x00, 0x00, 0x00, 0x00,
    0x00, 0x00, 0x00, 0x00, 0x00, 0x00, 0x00, 0x00, 0x00, 0x00, 0x00, 0x00,
    0x00, 0x00, 0x00, 0x00, 0x00, 0x00, 0x00, 0x00, 0x00, 0x00, 0x00, 0x00,
    0x00, 0x00, 0x00, 0x00, 0x00, 0x00, 0x00, 0x00, 0x00, 0x00, 0x00, 0x00,
    0x00, 0x00, 0x00, 0x00, 0x00, 0x00, 0x00, 0x00, 0x00, 0x00, 0x00, 0x00,
    0x00, 0x00, 0x00, 0x00, 0x00, 0x00, 0x00, 0x00, 0x00, 0x00, 0x00, 0x00,
    0x00, 0x00, 0x00, 0x00, 0x00, 0x00, 0x00, 0x00, 0x00, 0x00, 0x00, 0x00,
    0x00, 0x00, 0x00, 0x00, 0x00, 0x00, 0x00, 0x00, 0x00, 0x00, 0x00, 0x00,
    0x00, 0x00, 0x00, 0x00, 0x00, 0x00, 0x00, 0x00, 0x00, 0x00, 0x00, 0x00,
    0x00, 0x00, 0x00, 0x00, 0x00, 0x00, 0x00, 0x00, 0x00, 0x00, 0x00, 0x00,
    0x00, 0x00, 0x00, 0x00, 0x00, 0x00, 0x00, 0x00, 0x00, 0x00, 0x00, 0x00,
    0x00, 0x00, 0x00, 0x00, 0x00, 0x00, 0x00, 0x00, 0x00, 0x00, 0x00, 0x00,
    0x00, 0x00, 0x00, 0x00, 0x00, 0x00, 0x00, 0x00, 0x00, 0x00, 0x00, 0x00,
    0x00, 0x00, 0x00, 0x00, 0x00, 0x00, 0x00, 0x00, 0x00, 0x00, 0x00, 0x00,
    0x00, 0x00, 0x00, 0x00, 0x00, 0x00, 0x00, 0x00, 0x00, 0x00, 0x00, 0x00,
    0x00, 0x00, 0x00, 0x00, 0x00, 0x00, 0x00, 0x00, 0x00, 0x00, 0x00, 0x00,
    0x00, 0x00, 0x00, 0x00, 0x00, 0x00, 0x00, 0x00, 0x00, 0x00, 0x00, 0x00,
    0x00, 0x00, 0x00, 0x00, 0xf8, 0xfc, 0xf8, 0x34, 0xf8, 0xfc, 0xf8, 0x34,
    0xf8, 0xfc, 0xf8, 0x30, 0xf8, 0xfc, 0xf8, 0x34, 0xf8, 0xfc, 0xf8, 0x30,
    0xf8, 0xfc, 0xf8, 0x34, 0xf8, 0xfc, 0xf8, 0x30, 0xf8, 0xfc, 0xf8, 0x34,
    0xf8, 0xfc, 0xf8, 0x34, 0xf8, 0xfc, 0xf8, 0x34, 0xf8, 0xfc, 0xf8, 0x34,
    0xf8, 0xfc, 0xf8, 0x30, 0xf8, 0xfc, 0xf8, 0x34, 0xf8, 0xfc, 0xf8, 0x34,
    0xf8, 0xfc, 0xf8, 0x30, 0xf8, 0xfc, 0xf8, 0x34, 0xf8, 0xfc, 0xf8, 0x34,
    0xf8, 0xfc, 0xf8, 0x30, 0xf8, 0xfc, 0xf8, 0x34, 0xf8, 0xfc, 0xf8, 0x34,
    0xf8, 0xfc, 0xf8, 0x30, 0xf8, 0xfc, 0xf8, 0x34, 0xf8, 0xfc, 0xf8, 0x34,
    0xf8, 0xfc, 0xf8, 0x34, 0xf8, 0xfc, 0xf8, 0x34, 0xf8, 0xfc, 0xf8, 0x30,
    0xf8, 0xfc, 0xf8, 0x34, 0xf8, 0xfc, 0xf8, 0x34, 0xf8, 0xfc, 0xf8, 0x34,
    0xf8, 0xfc, 0xf8, 0x34, 0xf8, 0xfc, 0xf8, 0x30, 0xf8, 0xfc, 0xf8, 0x34,
    0xf8, 0xfc, 0xf8, 0x34, 0xf8, 0xfc, 0xf8, 0x34, 0xf8, 0xfc, 0xf8, 0x30,
    0xf8, 0xfc, 0xf8, 0x30, 0xf8, 0xfc, 0xf8, 0x34, 0xf8, 0xfc, 0xf8, 0x34,
    0xf8, 0xfc, 0xf8, 0x34, 0xf8, 0xfc, 0xf8, 0x30, 0x00, 0x00, 0x00, 0x00,
    0x00, 0x00, 0x00, 0x00, 0x00, 0x00, 0x00, 0x00, 0x00, 0x00, 0x00, 0x00,
    0x00, 0x00, 0x00, 0x00, 0x00, 0x00, 0x00, 0x00, 0x00, 0x00, 0x00, 0x00,
    0x00, 0x00, 0x00, 0x00, 0x00, 0x00, 0x00, 0x00, 0x00, 0x00, 0x00, 0x00,
    0x00, 0x00, 0x00, 0x00, 0x00, 0x00, 0x00, 0x00, 0x00, 0x00, 0x00, 0x00,
    0x00, 0x00, 0x00, 0x00, 0x00, 0x00, 0x00, 0x00, 0x00, 0x00, 0x00, 0x00,
    0x00, 0x00, 0x00, 0x00, 0x00, 0x00, 0x00, 0x00, 0x00, 0x00, 0x00, 0x00,
    0x00, 0x00, 0x00, 0x00, 0x00, 0x00, 0x00, 0x00, 0x00, 0x00, 0x00, 0x00,
    0x00, 0x00, 0x00, 0x00, 0x00, 0x00, 0x00, 0x00, 0x00, 0x00, 0x00, 0x00,
    0x00, 0x00, 0x00, 0x00, 0x00, 0x00, 0x00, 0x00, 0x00, 0x00, 0x00, 0x00,
    0x00, 0x00, 0x00, 0x00, 0x00, 0x00, 0x00, 0x00, 0x00, 0x00, 0x00, 0x00,
    0x00, 0x00, 0x00, 0x00, 0x00, 0x00, 0x00, 0x00, 0x00, 0x00, 0x00, 0x00,
    0x00, 0x00, 0x00, 0x00, 0x00, 0x00, 0x00, 0x00, 0x00, 0x00, 0x00, 0x00,
    0x00, 0x00, 0x00, 0x00, 0x00, 0x00, 0x00, 0x00, 0x00, 0x00, 0x00, 0x00,
    0x00, 0x00, 0x00, 0x00, 0x00, 0x00, 0x00, 0x00, 0x00, 0x00, 0x00, 0x00,
    0x00, 0x00, 0x00, 0x00, 0x00, 0x00, 0x00, 0x00, 0x00, 0x00, 0x00, 0x00,
    0x00, 0x00, 0x00, 0x00, 0x00, 0x00, 0x00, 0x00, 0x00, 0x00, 0x00, 0x00,
    0x00, 0x00, 0x00, 0x00, 0x00, 0x00, 0x00, 0x00, 0x00, 0x00, 0x00, 0x00,
    0x00, 0x00, 0x00, 0x00, 0x00, 0x00, 0x00, 0x00, 0x00, 0x00, 0x00, 0x00,
    0x00, 0x00, 0x00, 0x00, 0x00, 0x00, 0x00, 0x00, 0x00, 0x00, 0x00, 0x00,
    0x00, 0x00, 0x00, 0x00, 0x00, 0x00, 0x00, 0x00, 0x00, 0x00, 0x00, 0x00,
    0x00, 0x00, 0x00, 0x00, 0x00, 0x00, 0x00, 0x00, 0x00, 0x00, 0x00, 0x00,
    0x00, 0x00, 0x00, 0x00, 0x00, 0x00, 0x00, 0x00, 0x00, 0x00, 0x00, 0x00,
    0x00, 0x00, 0x00, 0x00, 0x00, 0x00, 0x00, 0x00, 0x00, 0x00, 0x00, 0x00,
    0x00, 0x00, 0x00, 0x00, 0x00, 0x00, 0x00, 0x00, 0x00, 0x00, 0x00, 0x00,
    0x00, 0x00, 0x00, 0x00, 0x00, 0x00, 0x00, 0x00, 0x00, 0x00, 0x00, 0x00,
    0x00, 0x00, 0x00, 0x00, 0x00, 0x00, 0x00, 0x00, 0x00, 0x00, 0x00, 0x00,
    0x00, 0x00, 0x00, 0x00, 0x00, 0x00, 0x00, 0x00, 0x00, 0x00, 0x00, 0x00,
    0x00, 0x00, 0x00, 0x00, 0x00, 0x00, 0x00, 0x00, 0x00, 0x00, 0x00, 0x00,
    0x00, 0x00, 0x00, 0x00, 0x00, 0x00, 0x00, 0x00, 0x00, 0x00, 0x00, 0x00,
    0x00, 0x00, 0x00, 0x00, 0x00, 0x00, 0x00, 0x00, 0x00, 0x00, 0x00, 0x00,
    0x00, 0x00, 0x00, 0x00, 0x00, 0x00, 0x00, 0x00, 0x00, 0x00, 0x00, 0x00,
    0x00, 0x00, 0x00, 0x00, 0x00, 0x00, 0x00, 0x00, 0x00, 0x00, 0x00, 0x00,
    0x00, 0x00, 0x00, 0x00, 0x00, 0x00, 0x00, 0x00, 0x00, 0x00, 0x00, 0x00,
    0x00, 0x00, 0x00, 0x00, 0x00, 0x00, 0x00, 0x00, 0x00, 0x00, 0x00, 0x00,
    0x00, 0x00, 0x00, 0x00, 0x00, 0x00, 0x00, 0x00, 0x00, 0x00, 0x00, 0x00,
    0x00, 0x00, 0x00, 0x00, 0x00, 0x00, 0x00, 0x00, 0x00, 0x00, 0x00, 0x00,
    0x00, 0x00, 0x00, 0x00, 0xf8, 0xfc, 0xf8, 0x34, 0xf8, 0xfc, 0xf8, 0x34,
    0xf8, 0xfc, 0xf8, 0x34, 0xf8, 0xfc, 0xf8, 0x34, 0xf8, 0xfc, 0xf8, 0x34,
    0xf8, 0xfc, 0xf8, 0x30, 0xf8, 0xfc, 0xf8, 0x34, 0xf8, 0xfc, 0xf8, 0x34,
    0xf8, 0xfc, 0xf8, 0x30, 0xf8, 0xfc, 0xf8, 0x34, 0xf8, 0xfc, 0xf8, 0x34,
    0xf8, 0xfc, 0xf8, 0x30, 0xf8, 0xfc, 0xf8, 0x34, 0xf8, 0xfc, 0xf8, 0x34,
    0xf8, 0xfc, 0xf8, 0x30, 0xf8, 0xfc, 0xf8, 0x34, 0xf8, 0xfc, 0xf8, 0x34,
    0xf8, 0xfc, 0xf8, 0x30, 0xf8, 0xfc, 0xf8, 0x34, 0xf8, 0xfc, 0xf8, 0x34,
    0xf8, 0xfc, 0xf8, 0x34, 0xf8, 0xfc, 0xf8, 0x34, 0xf8, 0xfc, 0xf8, 0x30,
    0xf8, 0xfc, 0xf8, 0x34, 0xf8, 0xfc, 0xf8, 0x34, 0xf8, 0xfc, 0xf8, 0x34,
    0xf8, 0xfc, 0xf8, 0x30, 0xf8, 0xfc, 0xf8, 0x34, 0xf8, 0xfc, 0xf8, 0x34,
    0xf8, 0xfc, 0xf8, 0x30, 0xf8, 0xfc, 0xf8, 0x34, 0xf8, 0xfc, 0xf8, 0x34,
    0xf8, 0xfc, 0xf8, 0x34, 0xf8, 0xfc, 0xf8, 0x34, 0xf8, 0xfc, 0xf8, 0x34,
    0xf8, 0xfc, 0xf8, 0x34, 0xf8, 0xfc, 0xf8, 0x30, 0xf8, 0xfc, 0xf8, 0x34,
    0xf8, 0xfc, 0xf8, 0x34, 0xf8, 0xfc, 0xf8, 0x34, 0x00, 0x00, 0x00, 0x00,
    0x00, 0x00, 0x00, 0x00, 0x00, 0x00, 0x00, 0x00, 0x00, 0x00, 0x00, 0x00,
    0x00, 0x00, 0x00, 0x00, 0x00, 0x00, 0x00, 0x00, 0x00, 0x00, 0x00, 0x00,
    0x00, 0x00, 0x00, 0x00, 0x00, 0x00, 0x00, 0x00, 0x00, 0x00, 0x00, 0x00,
    0x00, 0x00, 0x00, 0x00, 0x00, 0x00, 0x00, 0x00, 0x00, 0x00, 0x00, 0x00,
    0x00, 0x00, 0x00, 0x00, 0x00, 0x00, 0x00, 0x00, 0x00, 0x00, 0x00, 0x00,
    0x00, 0x00, 0x00, 0x00, 0x00, 0x00, 0x00, 0x00, 0x00, 0x00, 0x00, 0x00,
    0x00, 0x00, 0x00, 0x00, 0x00, 0x00, 0x00, 0x00, 0x00, 0x00, 0x00, 0x00,
    0x00, 0x00, 0x00, 0x00, 0x00, 0x00, 0x00, 0x00, 0x00, 0x00, 0x00, 0x00,
    0x00, 0x00, 0x00, 0x00, 0x00, 0x00, 0x00, 0x00, 0x00, 0x00, 0x00, 0x00,
    0x00, 0x00, 0x00, 0x00, 0x00, 0x00, 0x00, 0x00, 0x00, 0x00, 0x00, 0x00,
    0x00, 0x00, 0x00, 0x00, 0x00, 0x00, 0x00, 0x00, 0x00, 0x00, 0x00, 0x00,
    0x00, 0x00, 0x00, 0x00, 0x00, 0x00, 0x00, 0x00, 0x00, 0x00, 0x00, 0x00,
    0x00, 0x00, 0x00, 0x00, 0x00, 0x00, 0x00, 0x00, 0x00, 0x00, 0x00, 0x00,
    0x00, 0x00, 0x00, 0x00, 0x00, 0x00, 0x00, 0x00, 0x00, 0x00, 0x00, 0x00,
    0x00, 0x00, 0x00, 0x00, 0x00, 0x00, 0x00, 0x00, 0x00, 0x00, 0x00, 0x00,
    0x00, 0x00, 0x00, 0x00, 0x00, 0x00, 0x00, 0x00, 0x00, 0x00, 0x00, 0x00,
    0x00, 0x00, 0x00, 0x00, 0x00, 0x00, 0x00, 0x00, 0x00, 0x00, 0x00, 0x00,
    0x00, 0x00, 0x00, 0x00, 0x00, 0x00, 0x00, 0x00, 0x00, 0x00, 0x00, 0x00,
    0x00, 0x00, 0x00, 0x00, 0x00, 0x00, 0x00, 0x00, 0x00, 0x00, 0x00, 0x00,
    0x00, 0x00, 0x00, 0x00, 0x00, 0x00, 0x00, 0x00, 0x00, 0x00, 0x00, 0x00,
    0x00, 0x00, 0x00, 0x00, 0x00, 0x00, 0x00, 0x00, 0x00, 0x00, 0x00, 0x00,
    0x00, 0x00, 0x00, 0x00, 0x00, 0x00, 0x00, 0x00, 0x00, 0x00, 0x00, 0x00,
    0x00, 0x00, 0x00, 0x00, 0x00, 0x00, 0x00, 0x00, 0x00, 0x00, 0x00, 0x00,
    0x00, 0x00, 0x00, 0x00, 0x00, 0x00, 0x00, 0x00, 0x00, 0x00, 0x00, 0x00,
    0x00, 0x00, 0x00, 0x00, 0x00, 0x00, 0x00, 0x00, 0x00, 0x00, 0x00, 0x00,
    0x00, 0x00, 0x00, 0x00, 0x00, 0x00, 0x00, 0x00, 0x00, 0x00, 0x00, 0x00,
    0x00, 0x00, 0x00, 0x00, 0x00, 0x00, 0x00, 0x00, 0x00, 0x00, 0x00, 0x00,
    0x00, 0x00, 0x00, 0x00, 0x00, 0x00, 0x00, 0x00, 0x00, 0x00, 0x00, 0x00,
    0x00, 0x00, 0x00, 0x00, 0x00, 0x00, 0x00, 0x00, 0x00, 0x00, 0x00, 0x00,
    0x00, 0x00, 0x00, 0x00, 0x00, 0x00, 0x00, 0x00, 0x00, 0x00, 0x00, 0x00,
    0x00, 0x00, 0x00, 0x00, 0x00, 0x00, 0x00, 0x00, 0x00, 0x00, 0x00, 0x00,
    0x00, 0x00, 0x00, 0x00, 0x00, 0x00, 0x00, 0x00, 0x00, 0x00, 0x00, 0x00,
    0x00, 0x00, 0x00, 0x00, 0x00, 0x00, 0x00, 0x00, 0x00, 0x00, 0x00, 0x00,
    0x00, 0x00, 0x00, 0x00, 0x00, 0x00, 0x00, 0x00, 0x00, 0x00, 0x00, 0x00,
    0x00, 0x00, 0x00, 0x00, 0x00, 0x00, 0x00, 0x00, 0x00, 0x00, 0x00, 0x00,
    0x00, 0x00, 0x00, 0x00, 0x00, 0x00, 0x00, 0x00, 0x00, 0x00, 0x00, 0x00,
    0x00, 0x00, 0x00, 0x00, 0xf8, 0xfc, 0xf8, 0x30, 0xf8, 0xfc, 0xf8, 0x34,
    0xf8, 0xfc, 0xf8, 0x30, 0xf8, 0xfc, 0xf8, 0x34, 0xf8, 0xfc, 0xf8, 0x34,
    0xf8, 0xfc, 0xf8, 0x34, 0xf8, 0xfc, 0xf8, 0x34, 0xf8, 0xfc, 0xf8, 0x34,
    0xf8, 0xfc, 0xf8, 0x30, 0xf8, 0xfc, 0xf8, 0x34, 0xf8, 0xfc, 0xf8, 0x34,
    0xf8, 0xfc, 0xf8, 0x34, 0xf8, 0xfc, 0xf8, 0x34, 0xf8, 0xfc, 0xf8, 0x34,
    0xf8, 0xfc, 0xf8, 0x34, 0xf8, 0xfc, 0xf8, 0x34, 0xf8, 0xfc, 0xf8, 0x34,
    0xf8, 0xfc, 0xf8, 0x34, 0xf8, 0xfc, 0xf8, 0x30, 0xf8, 0xfc, 0xf8, 0x34,
    0xf8, 0xfc, 0xf8, 0x34, 0xf8, 0xfc, 0xf8, 0x34, 0xf8, 0xfc, 0xf8, 0x30,
    0xf8, 0xfc, 0xf8, 0x34, 0xf8, 0xfc, 0xf8, 0x34, 0xf8, 0xfc, 0xf8, 0x34,
    0xf8, 0xfc, 0xf8, 0x30, 0xf8, 0xfc, 0xf8, 0x34, 0xf8, 0xfc, 0xf8, 0x34,
    0xf8, 0xfc, 0xf8, 0x34, 0xf8, 0xfc, 0xf8, 0x34, 0xf8, 0xfc, 0xf8, 0x30,
    0xf8, 0xfc, 0xf8, 0x30, 0xf8, 0xfc, 0xf8, 0x34, 0xf8, 0xfc, 0xf8, 0x34,
    0xf8, 0xfc, 0xf8, 0x34, 0xf8, 0xfc, 0xf8, 0x34, 0xf8, 0xfc, 0xf8, 0x30,
    0xf8, 0xfc, 0xf8, 0x34, 0xf8, 0xfc, 0xf8, 0x34, 0xf8, 0xfc, 0xf8, 0x04,
    0x00, 0x00, 0x00, 0x00, 0x00, 0x00, 0x00, 0x00, 0x00, 0x00, 0x00, 0x00,
    0x00, 0x00, 0x00, 0x00, 0x00, 0x00, 0x00, 0x00, 0x00, 0x00, 0x00, 0x00,
    0x00, 0x00, 0x00, 0x00, 0x00, 0x00, 0x00, 0x00, 0x00, 0x00, 0x00, 0x00,
    0x00, 0x00, 0x00, 0x00, 0x00, 0x00, 0x00, 0x00, 0x00, 0x00, 0x00, 0x00,
    0x00, 0x00, 0x00, 0x00, 0x00, 0x00, 0x00, 0x00, 0x00, 0x00, 0x00, 0x00,
    0x00, 0x00, 0x00, 0x00, 0x00, 0x00, 0x00, 0x00, 0x00, 0x00, 0x00, 0x00,
    0x00, 0x00, 0x00, 0x00, 0x00, 0x00, 0x00, 0x00, 0x00, 0x00, 0x00, 0x00,
    0x00, 0x00, 0x00, 0x00, 0x00, 0x00, 0x00, 0x00, 0x00, 0x00, 0x00, 0x00,
    0x00, 0x00, 0x00, 0x00, 0x00, 0x00, 0x00, 0x00, 0x00, 0x00, 0x00, 0x00,
    0x00, 0x00, 0x00, 0x00, 0x00, 0x00, 0x00, 0x00, 0x00, 0x00, 0x00, 0x00,
    0x00, 0x00, 0x00, 0x00, 0x00, 0x00, 0x00, 0x00, 0x00, 0x00, 0x00, 0x00,
    0x00, 0x00, 0x00, 0x00, 0x00, 0x00, 0x00, 0x00, 0x00, 0x00, 0x00, 0x00,
    0x00, 0x00, 0x00, 0x00, 0x00, 0x00, 0x00, 0x00, 0x00, 0x00, 0x00, 0x00,
    0x00, 0x00, 0x00, 0x00, 0x00, 0x00, 0x00, 0x00, 0x00, 0x00, 0x00, 0x00,
    0x00, 0x00, 0x00, 0x00, 0x00, 0x00, 0x00, 0x00, 0x00, 0x00, 0x00, 0x00,
    0x00, 0x00, 0x00, 0x00, 0x00, 0x00, 0x00, 0x00, 0x00, 0x00, 0x00, 0x00,
    0x00, 0x00, 0x00, 0x00, 0x00, 0x00, 0x00, 0x00, 0x00, 0x00, 0x00, 0x00,
    0x00, 0x00, 0x00, 0x00, 0x00, 0x00, 0x00, 0x00, 0x00, 0x00, 0x00, 0x00,
    0x00, 0x00, 0x00, 0x00, 0x00, 0x00, 0x00, 0x00, 0x00, 0x00, 0x00, 0x00,
    0x00, 0x00, 0x00, 0x00, 0x00, 0x00, 0x00, 0x00, 0x00, 0x00, 0x00, 0x00,
    0x00, 0x00, 0x00, 0x00, 0x00, 0x00, 0x00, 0x00, 0x00, 0x00, 0x00, 0x00,
    0x00, 0x00, 0x00, 0x00, 0x00, 0x00, 0x00, 0x00, 0x00, 0x00, 0x00, 0x00,
    0x00, 0x00, 0x00, 0x00, 0x00, 0x00, 0x00, 0x00, 0x00, 0x00, 0x00, 0x00,
    0x00, 0x00, 0x00, 0x00, 0x00, 0x00, 0x00, 0x00, 0x00, 0x00, 0x00, 0x00,
    0x00, 0x00, 0x00, 0x00, 0x00, 0x00, 0x00, 0x00, 0x00, 0x00, 0x00, 0x00,
    0x00, 0x00, 0x00, 0x00, 0x00, 0x00, 0x00, 0x00, 0x00, 0x00, 0x00, 0x00,
    0x00, 0x00, 0x00, 0x00, 0x00, 0x00, 0x00, 0x00, 0x00, 0x00, 0x00, 0x00,
    0x00, 0x00, 0x00, 0x00, 0x00, 0x00, 0x00, 0x00, 0x00, 0x00, 0x00, 0x00,
    0x00, 0x00, 0x00, 0x00, 0x00, 0x00, 0x00, 0x00, 0x00, 0x00, 0x00, 0x00,
    0x00, 0x00, 0x00, 0x00, 0x00, 0x00, 0x00, 0x00, 0x00, 0x00, 0x00, 0x00,
    0x00, 0x00, 0x00, 0x00, 0x00, 0x00, 0x00, 0x00, 0x00, 0x00, 0x00, 0x00,
    0x00, 0x00, 0x00, 0x00, 0x00, 0x00, 0x00, 0x00, 0x00, 0x00, 0x00, 0x00,
    0x00, 0x00, 0x00, 0x00, 0x00, 0x00, 0x00, 0x00, 0x00, 0x00, 0x00, 0x00,
    0x00, 0x00, 0x00, 0x00, 0x00, 0x00, 0x00, 0x00, 0x00, 0x00, 0x00, 0x00,
    0x00, 0x00, 0x00, 0x00, 0x00, 0x00, 0x00, 0x00, 0x00, 0x00, 0x00, 0x00,
    0x00, 0x00, 0x00, 0x00, 0x00, 0x00, 0x00, 0x00, 0x00, 0x00, 0x00, 0x00,
    0xf8, 0xfc, 0xf8, 0x04, 0xf8, 0xfc, 0xf8, 0x34, 0xf8, 0xfc, 0xf8, 0x34,
    0xf8, 0xfc, 0xf8, 0x34, 0xf8, 0xfc, 0xf8, 0x30, 0xf8, 0xfc, 0xf8, 0x34,
    0xf8, 0xfc, 0xf8, 0x34, 0xf8, 0xfc, 0xf8, 0x30, 0xf8, 0xfc, 0xf8, 0x34,
    0xf8, 0xfc, 0xf8, 0x34, 0xf8, 0xfc, 0xf8, 0x34, 0xf8, 0xfc, 0xf8, 0x30,
    0xf8, 0xfc, 0xf8, 0x34, 0xf8, 0xfc, 0xf8, 0x30, 0xf8, 0xfc, 0xf8, 0x34,
    0xf8, 0xfc, 0xf8, 0x34, 0xf8, 0xfc, 0xf8, 0x30, 0xf8, 0xfc, 0xf8, 0x34,
    0xf8, 0xfc, 0xf8, 0x34, 0xf8, 0xfc, 0xf8, 0x34, 0xf8, 0xfc, 0xf8, 0x34,
    0xf8, 0xfc, 0xf8, 0x2c, 0xf8, 0xfc, 0xf8, 0x34, 0xf8, 0xfc, 0xf8, 0x34,
    0xf8, 0xfc, 0xf8, 0x30, 0xf8, 0xfc, 0xf8, 0x34, 0xf8, 0xfc, 0xf8, 0x34,
    0xf8, 0xfc, 0xf8, 0x34, 0xf8, 0xfc, 0xf8, 0x30, 0xf8, 0xfc, 0xf8, 0x34,
    0xf8, 0xfc, 0xf8, 0x34, 0xf8, 0xfc, 0xf8, 0x34, 0xf8, 0xfc, 0xf8, 0x34,
    0xf8, 0xfc, 0xf8, 0x34, 0xf8, 0xfc, 0xf8, 0x30, 0xf8, 0xfc, 0xf8, 0x34,
    0xf8, 0xfc, 0xf8, 0x34, 0xf8, 0xfc, 0xf8, 0x34, 0xf8, 0xfc, 0xf8, 0x34,
    0xf8, 0xfc, 0xf8, 0x30, 0xf8, 0xfc, 0xf8, 0x34, 0xf8, 0xfc, 0xf8, 0x04,
    0x00, 0x00, 0x00, 0x00, 0x00, 0x00, 0x00, 0x00, 0x00, 0x00, 0x00, 0x00,
    0x00, 0x00, 0x00, 0x00, 0x00, 0x00, 0x00, 0x00, 0x00, 0x00, 0x00, 0x00,
    0x00, 0x00, 0x00, 0x00, 0x00, 0x00, 0x00, 0x00, 0x00, 0x00, 0x00, 0x00,
    0x00, 0x00, 0x00, 0x00, 0x00, 0x00, 0x00, 0x00, 0x00, 0x00, 0x00, 0x00,
    0x00, 0x00, 0x00, 0x00, 0x00, 0x00, 0x00, 0x00, 0x00, 0x00, 0x00, 0x00,
    0x00, 0x00, 0x00, 0x00, 0x00, 0x00, 0x00, 0x00, 0x00, 0x00, 0x00, 0x00,
    0x00, 0x00, 0x00, 0x00, 0x00, 0x00, 0x00, 0x00, 0x00, 0x00, 0x00, 0x00,
    0x00, 0x00, 0x00, 0x00, 0x00, 0x00, 0x00, 0x00, 0x00, 0x00, 0x00, 0x00,
    0x00, 0x00, 0x00, 0x00, 0x00, 0x00, 0x00, 0x00, 0x00, 0x00, 0x00, 0x00,
    0x00, 0x00, 0x00, 0x00, 0x00, 0x00, 0x00, 0x00, 0x00, 0x00, 0x00, 0x00,
    0x00, 0x00, 0x00, 0x00, 0x00, 0x00, 0x00, 0x00, 0x00, 0x00, 0x00, 0x00,
    0x00, 0x00, 0x00, 0x00, 0x00, 0x00, 0x00, 0x00, 0x00, 0x00, 0x00, 0x00,
    0x00, 0x00, 0x00, 0x00, 0x00, 0x00, 0x00, 0x00, 0x00, 0x00, 0x00, 0x00,
    0x00, 0x00, 0x00, 0x00, 0x00, 0x00, 0x00, 0x00, 0x00, 0x00, 0x00, 0x00,
    0x00, 0x00, 0x00, 0x00, 0x00, 0x00, 0x00, 0x00, 0x00, 0x00, 0x00, 0x00,
    0x00, 0x00, 0x00, 0x00, 0x00, 0x00, 0x00, 0x00, 0x00, 0x00, 0x00, 0x00,
    0x00, 0x00, 0x00, 0x00, 0x00, 0x00, 0x00, 0x00, 0x00, 0x00, 0x00, 0x00,
    0x00, 0x00, 0x00, 0x00, 0x00, 0x00, 0x00, 0x00, 0x00, 0x00, 0x00, 0x00,
    0x00, 0x00, 0x00, 0x00, 0x00, 0x00, 0x00, 0x00, 0x00, 0x00, 0x00, 0x00,
    0x00, 0x00, 0x00, 0x00, 0x00, 0x00, 0x00, 0x00, 0x00, 0x00, 0x00, 0x00,
    0x00, 0x00, 0x00, 0x00, 0x00, 0x00, 0x00, 0x00, 0x00, 0x00, 0x00, 0x00,
    0x00, 0x00, 0x00, 0x00, 0x00, 0x00, 0x00, 0x00, 0x00, 0x00, 0x00, 0x00,
    0x00, 0x00, 0x00, 0x00, 0x00, 0x00, 0x00, 0x00, 0x00, 0x00, 0x00, 0x00,
    0x00, 0x00, 0x00, 0x00, 0x00, 0x00, 0x00, 0x00, 0x00, 0x00, 0x00, 0x00,
    0x00, 0x00, 0x00, 0x00, 0x00, 0x00, 0x00, 0x00, 0x00, 0x00, 0x00, 0x00,
    0x00, 0x00, 0x00, 0x00, 0x00, 0x00, 0x00, 0x00, 0x00, 0x00, 0x00, 0x00,
    0x00, 0x00, 0x00, 0x00, 0x00, 0x00, 0x00, 0x00, 0x00, 0x00, 0x00, 0x00,
    0x00, 0x00, 0x00, 0x00, 0x00, 0x00, 0x00, 0x00, 0x00, 0x00, 0x00, 0x00,
    0x00, 0x00, 0x00, 0x00, 0x00, 0x00, 0x00, 0x00, 0x00, 0x00, 0x00, 0x00,
    0x00, 0x00, 0x00, 0x00, 0x00, 0x00, 0x00, 0x00, 0x00, 0x00, 0x00, 0x00,
    0x00, 0x00, 0x00, 0x00, 0x00, 0x00, 0x00, 0x00, 0x00, 0x00, 0x00, 0x00,
    0x00, 0x00, 0x00, 0x00, 0x00, 0x00, 0x00, 0x00, 0x00, 0x00, 0x00, 0x00,
    0x00, 0x00, 0x00, 0x00, 0x00, 0x00, 0x00, 0x00, 0x00, 0x00, 0x00, 0x00,
    0x00, 0x00, 0x00, 0x00, 0x00, 0x00, 0x00, 0x00, 0x00, 0x00, 0x00, 0x00,
    0x00, 0x00, 0x00, 0x00, 0x00, 0x00, 0x00, 0x00, 0x00, 0x00, 0x00, 0x00,
    0x00, 0x00, 0x00, 0x00, 0x00, 0x00, 0x00, 0x00, 0x00, 0x00, 0x00, 0x00,
    0xf8, 0xfc, 0xf8, 0x04, 0xf8, 0xfc, 0xf8, 0x34, 0xf8, 0xfc, 0xf8, 0x34,
    0xf8, 0xfc, 0xf8, 0x34, 0xf8, 0xfc, 0xf8, 0x30, 0xf8, 0xfc, 0xf8, 0x34,
    0xf8, 0xfc, 0xf8, 0x34, 0xf8, 0xfc, 0xf8, 0x30, 0xf8, 0xfc, 0xf8, 0x34,
    0xf8, 0xfc, 0xf8, 0x34, 0xf8, 0xfc, 0xf8, 0x30, 0xf8, 0xfc, 0xf8, 0x34,
    0xf8, 0xfc, 0xf8, 0x34, 0xf8, 0xfc, 0xf8, 0x34, 0xf8, 0xfc, 0xf8, 0x30,
    0xf8, 0xfc, 0xf8, 0x34, 0xf8, 0xfc, 0xf8, 0x34, 0xf8, 0xfc, 0xf8, 0x30,
    0xf8, 0xfc, 0xf8, 0x34, 0xf8, 0xfc, 0xf8, 0x34, 0xf8, 0xfc, 0xf8, 0x2c,
    0xf8, 0xfc, 0xf8, 0x2c, 0xf8, 0xfc, 0xf8, 0x34, 0xf8, 0xfc, 0xf8, 0x34,
    0xf8, 0xfc, 0xf8, 0x34, 0xf8, 0xfc, 0xf8, 0x30, 0xf8, 0xfc, 0xf8, 0x34,
    0xf8, 0xfc, 0xf8, 0x34, 0xf8, 0xfc, 0xf8, 0x34, 0xf8, 0xfc, 0xf8, 0x30,
    0xf8, 0xfc, 0xf8, 0x30, 0xf8, 0xfc, 0xf8, 0x34, 0xf8, 0xfc, 0xf8, 0x34,
    0xf8, 0xfc, 0xf8, 0x34, 0xf8, 0xfc, 0xf8, 0x34, 0xf8, 0xfc, 0xf8, 0x30,
    0xf8, 0xfc, 0xf8, 0x34, 0xf8, 0xfc, 0xf8, 0x30, 0xf8, 0xfc, 0xf8, 0x34,
    0xf8, 0xfc, 0xf8, 0x34, 0xf8, 0xfc, 0xf8, 0x34, 0xf8, 0xfc, 0xf8, 0x04,
    0x00, 0x00, 0x00, 0x00, 0x00, 0x00, 0x00, 0x00, 0x00, 0x00, 0x00, 0x00,
    0x00, 0x00, 0x00, 0x00, 0x00, 0x00, 0x00, 0x00, 0x00, 0x00, 0x00, 0x00,
    0x00, 0x00, 0x00, 0x00, 0x00, 0x00, 0x00, 0x00, 0x00, 0x00, 0x00, 0x00,
    0x00, 0x00, 0x00, 0x00, 0x00, 0x00, 0x00, 0x00, 0x00, 0x00, 0x00, 0x00,
    0x00, 0x00, 0x00, 0x00, 0x00, 0x00, 0x00, 0x00, 0x00, 0x00, 0x00, 0x00,
    0x00, 0x00, 0x00, 0x00, 0x00, 0x00, 0x00, 0x00, 0x00, 0x00, 0x00, 0x00,
    0x00, 0x00, 0x00, 0x00, 0x00, 0x00, 0x00, 0x00, 0x00, 0x00, 0x00, 0x00,
    0x00, 0x00, 0x00, 0x00, 0x00, 0x00, 0x00, 0x00, 0x00, 0x00, 0x00, 0x00,
    0x00, 0x00, 0x00, 0x00, 0x00, 0x00, 0x00, 0x00, 0x00, 0x00, 0x00, 0x00,
    0x00, 0x00, 0x00, 0x00, 0x00, 0x00, 0x00, 0x00, 0x00, 0x00, 0x00, 0x00,
    0x00, 0x00, 0x00, 0x00, 0x00, 0x00, 0x00, 0x00, 0x00, 0x00, 0x00, 0x00,
    0x00, 0x00, 0x00, 0x00, 0x00, 0x00, 0x00, 0x00, 0x00, 0x00, 0x00, 0x00,
    0x00, 0x00, 0x00, 0x00, 0x00, 0x00, 0x00, 0x00, 0x00, 0x00, 0x00, 0x00,
    0x00, 0x00, 0x00, 0x00, 0x00, 0x00, 0x00, 0x00, 0x00, 0x00, 0x00, 0x00,
    0x00, 0x00, 0x00, 0x00, 0x00, 0x00, 0x00, 0x00, 0x00, 0x00, 0x00, 0x00,
    0x00, 0x00, 0x00, 0x00, 0x00, 0x00, 0x00, 0x00, 0x00, 0x00, 0x00, 0x00,
    0x00, 0x00, 0x00, 0x00, 0x00, 0x00, 0x00, 0x00, 0x00, 0x00, 0x00, 0x00,
    0x00, 0x00, 0x00, 0x00, 0x00, 0x00, 0x00, 0x00, 0x00, 0x00, 0x00, 0x00,
    0x00, 0x00, 0x00, 0x00, 0x00, 0x00, 0x00, 0x00, 0x00, 0x00, 0x00, 0x00,
    0x00, 0x00, 0x00, 0x00, 0x00, 0x00, 0x00, 0x00, 0x00, 0x00, 0x00, 0x00,
    0x00, 0x00, 0x00, 0x00, 0x00, 0x00, 0x00, 0x00, 0x00, 0x00, 0x00, 0x00,
    0x00, 0x00, 0x00, 0x00, 0x00, 0x00, 0x00, 0x00, 0x00, 0x00, 0x00, 0x00,
    0x00, 0x00, 0x00, 0x00, 0x00, 0x00, 0x00, 0x00, 0x00, 0x00, 0x00, 0x00,
    0x00, 0x00, 0x00, 0x00, 0x00, 0x00, 0x00, 0x00, 0x00, 0x00, 0x00, 0x00,
    0x00, 0x00, 0x00, 0x00, 0x00, 0x00, 0x00, 0x00, 0x00, 0x00, 0x00, 0x00,
    0x00, 0x00, 0x00, 0x00, 0x00, 0x00, 0x00, 0x00, 0x00, 0x00, 0x00, 0x00,
    0x00, 0x00, 0x00, 0x00, 0x00, 0x00, 0x00, 0x00, 0x00, 0x00, 0x00, 0x00,
    0x00, 0x00, 0x00, 0x00, 0x00, 0x00, 0x00, 0x00, 0x00, 0x00, 0x00, 0x00,
    0x00, 0x00, 0x00, 0x00, 0x00, 0x00, 0x00, 0x00, 0x00, 0x00, 0x00, 0x00,
    0x00, 0x00, 0x00, 0x00, 0x00, 0x00, 0x00, 0x00, 0x00, 0x00, 0x00, 0x00,
    0x00, 0x00, 0x00, 0x00, 0x00, 0x00, 0x00, 0x00, 0x00, 0x00, 0x00, 0x00,
    0x00, 0x00, 0x00, 0x00, 0x00, 0x00, 0x00, 0x00, 0x00, 0x00, 0x00, 0x00,
    0x00, 0x00, 0x00, 0x00, 0x00, 0x00, 0x00, 0x00, 0x00, 0x00, 0x00, 0x00,
    0x00, 0x00, 0x00, 0x00, 0x00, 0x00, 0x00, 0x00, 0x00, 0x00, 0x00, 0x00,
    0x00, 0x00, 0x00, 0x00, 0x00, 0x00, 0x00, 0x00, 0x00, 0x00, 0x00, 0x00,
    0x00, 0x00, 0x00, 0x00, 0x00, 0x00, 0x00, 0x00, 0x00, 0x00, 0x00, 0x00,
    0xf8, 0xfc, 0xf8, 0x08, 0xf8, 0xfc, 0xf8, 0x34, 0xf8, 0xfc, 0xf8, 0x34,
    0xf8, 0xfc, 0xf8, 0x30, 0xf8, 0xfc, 0xf8, 0x34, 0xf8, 0xfc, 0xf8, 0x34,
    0xf8, 0xfc, 0xf8, 0x34, 0xf8, 0xfc, 0xf8, 0x34, 0xf8, 0xfc, 0xf8, 0x34,
    0xf8, 0xfc, 0xf8, 0x34, 0xf8, 0xfc, 0xf8, 0x34, 0xf8, 0xfc, 0xf8, 0x34,
    0xf8, 0xfc, 0xf8, 0x34, 0xf8, 0xfc, 0xf8, 0x34, 0xf8, 0xfc, 0xf8, 0x30,
    0xf8, 0xfc, 0xf8, 0x34, 0xf8, 0xfc, 0xf8, 0x34, 0xf8, 0xfc, 0xf8, 0x34,
    0xf8, 0xfc, 0xf8, 0x30, 0xf8, 0xfc, 0xf8, 0x34, 0xf8, 0xfc, 0xf8, 0x2c,
    0xf8, 0xfc, 0xf8, 0x28, 0xf8, 0xfc, 0xf8, 0x30, 0xf8, 0xfc, 0xf8, 0x34,
    0xf8, 0xfc, 0xf8, 0x34, 0xf8, 0xfc, 0xf8, 0x34, 0xf8, 0xfc, 0xf8, 0x30,
    0xf8, 0xfc, 0xf8, 0x34, 0xf8, 0xfc, 0xf8, 0x34, 0xf8, 0xfc, 0xf8, 0x34,
    0xf8, 0xfc, 0xf8, 0x34, 0xf8, 0xfc, 0xf8, 0x30, 0xf8, 0xfc, 0xf8, 0x34,
    0xf8, 0xfc, 0xf8, 0x34, 0xf8, 0xfc, 0xf8, 0x30, 0xf8, 0xfc, 0xf8, 0x34,
    0xf8, 0xfc, 0xf8, 0x34, 0xf8, 0xfc, 0xf8, 0x34, 0xf8, 0xfc, 0xf8, 0x30,
    0xf8, 0xfc, 0xf8, 0x34, 0xf8, 0xfc, 0xf8, 0x34, 0xf8, 0xfc, 0xf8, 0x10,
    0x00, 0x00, 0x00, 0x00, 0x00, 0x00, 0x00, 0x00, 0x00, 0x00, 0x00, 0x00,
    0x00, 0x00, 0x00, 0x00, 0x00, 0x00, 0x00, 0x00, 0x00, 0x00, 0x00, 0x00,
    0x00, 0x00, 0x00, 0x00, 0x00, 0x00, 0x00, 0x00, 0x00, 0x00, 0x00, 0x00,
    0x00, 0x00, 0x00, 0x00, 0x00, 0x00, 0x00, 0x00, 0x00, 0x00, 0x00, 0x00,
    0x00, 0x00, 0x00, 0x00, 0x00, 0x00, 0x00, 0x00, 0x00, 0x00, 0x00, 0x00,
    0x00, 0x00, 0x00, 0x00, 0x00, 0x00, 0x00, 0x00, 0x00, 0x00, 0x00, 0x00,
    0x00, 0x00, 0x00, 0x00, 0x00, 0x00, 0x00, 0x00, 0x00, 0x00, 0x00, 0x00,
    0x00, 0x00, 0x00, 0x00, 0x00, 0x00, 0x00, 0x00, 0x00, 0x00, 0x00, 0x00,
    0x00, 0x00, 0x00, 0x00, 0x00, 0x00, 0x00, 0x00, 0x00, 0x00, 0x00, 0x00,
    0x00, 0x00, 0x00, 0x00, 0x00, 0x00, 0x00, 0x00, 0x00, 0x00, 0x00, 0x00,
    0x00, 0x00, 0x00, 0x00, 0x00, 0x00, 0x00, 0x00, 0x00, 0x00, 0x00, 0x00,
    0x00, 0x00, 0x00, 0x00, 0x00, 0x00, 0x00, 0x00, 0x00, 0x00, 0x00, 0x00,
    0x00, 0x00, 0x00, 0x00, 0x00, 0x00, 0x00, 0x00, 0x00, 0x00, 0x00, 0x00,
    0x00, 0x00, 0x00, 0x00, 0x00, 0x00, 0x00, 0x00, 0x00, 0x00, 0x00, 0x00,
    0x00, 0x00, 0x00, 0x00, 0x00, 0x00, 0x00, 0x00, 0x00, 0x00, 0x00, 0x00,
    0x00, 0x00, 0x00, 0x00, 0x00, 0x00, 0x00, 0x00, 0x00, 0x00, 0x00, 0x00,
    0x00, 0x00, 0x00, 0x00, 0x00, 0x00, 0x00, 0x00, 0x00, 0x00, 0x00, 0x00,
    0x00, 0x00, 0x00, 0x00, 0x00, 0x00, 0x00, 0x00, 0x00, 0x00, 0x00, 0x00,
    0x00, 0x00, 0x00, 0x00, 0x00, 0x00, 0x00, 0x00, 0x00, 0x00, 0x00, 0x00,
    0x00, 0x00, 0x00, 0x00, 0x00, 0x00, 0x00, 0x00, 0x00, 0x00, 0x00, 0x00,
    0x00, 0x00, 0x00, 0x00, 0x00, 0x00, 0x00, 0x00, 0x00, 0x00, 0x00, 0x00,
    0x00, 0x00, 0x00, 0x00, 0x00, 0x00, 0x00, 0x00, 0x00, 0x00, 0x00, 0x00,
    0x00, 0x00, 0x00, 0x00, 0x00, 0x00, 0x00, 0x00, 0x00, 0x00, 0x00, 0x00,
    0x00, 0x00, 0x00, 0x00, 0x00, 0x00, 0x00, 0x00, 0x00, 0x00, 0x00, 0x00,
    0x00, 0x00, 0x00, 0x00, 0x00, 0x00, 0x00, 0x00, 0x00, 0x00, 0x00, 0x00,
    0x00, 0x00, 0x00, 0x00, 0x00, 0x00, 0x00, 0x00, 0x00, 0x00, 0x00, 0x00,
    0x00, 0x00, 0x00, 0x00, 0x00, 0x00, 0x00, 0x00, 0x00, 0x00, 0x00, 0x00,
    0x00, 0x00, 0x00, 0x00, 0x00, 0x00, 0x00, 0x00, 0x00, 0x00, 0x00, 0x00,
    0x00, 0x00, 0x00, 0x00, 0x00, 0x00, 0x00, 0x00, 0x00, 0x00, 0x00, 0x00,
    0x00, 0x00, 0x00, 0x00, 0x00, 0x00, 0x00, 0x00, 0x00, 0x00, 0x00, 0x00,
    0x00, 0x00, 0x00, 0x00, 0x00, 0x00, 0x00, 0x00, 0x00, 0x00, 0x00, 0x00,
    0x00, 0x00, 0x00, 0x00, 0x00, 0x00, 0x00, 0x00, 0x00, 0x00, 0x00, 0x00,
    0x00, 0x00, 0x00, 0x00, 0x00, 0x00, 0x00, 0x00, 0x00, 0x00, 0x00, 0x00,
    0x00, 0x00, 0x00, 0x00, 0x00, 0x00, 0x00, 0x00, 0x00, 0x00, 0x00, 0x00,
    0x00, 0x00, 0x00, 0x00, 0x00, 0x00, 0x00, 0x00, 0x00, 0x00, 0x00, 0x00,
    0x00, 0x00, 0x00, 0x00, 0x00, 0x00, 0x00, 0x00, 0x00, 0x00, 0x00, 0x00,
    0xf8, 0xfc, 0xf8, 0x0c, 0xf8, 0xfc, 0xf8, 0x34, 0xf8, 0xfc, 0xf8, 0x34,
    0xf8, 0xfc, 0xf8, 0x34, 0xf8, 0xfc, 0xf8, 0x34, 0xf8, 0xfc, 0xf8, 0x30,
    0xf8, 0xfc, 0xf8, 0x34, 0xf8, 0xfc, 0xf8, 0x34, 0xf8, 0xfc, 0xf8, 0x30,
    0xf8, 0xfc, 0xf8, 0x34, 0xf8, 0xfc, 0xf8, 0x30, 0xf8, 0xfc, 0xf8, 0x30,
    0xf8, 0xfc, 0xf8, 0x34, 0xf8, 0xfc, 0xf8, 0x34, 0xf8, 0xfc, 0xf8, 0x34,
    0xf8, 0xfc, 0xf8, 0x30, 0xf8, 0xfc, 0xf8, 0x34, 0xf8, 0xfc, 0xf8, 0x34,
    0xf8, 0xfc, 0xf8, 0x34, 0xf8, 0xfc, 0xf8, 0x30, 0xf8, 0xfc, 0xf8, 0x24,
    0xf8, 0xfc, 0xf8, 0x24, 0xf8, 0xfc, 0xf8, 0x34, 0xf8, 0xfc, 0xf8, 0x30,
    0xf8, 0xfc, 0xf8, 0x34, 0xf8, 0xfc, 0xf8, 0x34, 0xf8, 0xfc, 0xf8, 0x34,
    0xf8, 0xfc, 0xf8, 0x30, 0xf8, 0xfc, 0xf8, 0x34, 0xf8, 0xfc, 0xf8, 0x34,
    0xf8, 0xfc, 0xf8, 0x34, 0xf8, 0xfc, 0xf8, 0x34, 0xf8, 0xfc, 0xf8, 0x30,
    0xf8, 0xfc, 0xf8, 0x34, 0xf8, 0xfc, 0xf8, 0x34, 0xf8, 0xfc, 0xf8, 0x34,
    0xf8, 0xfc, 0xf8, 0x34, 0xf8, 0xfc, 0xf8, 0x34, 0xf8, 0xfc, 0xf8, 0x34,
    0xf8, 0xfc, 0xf8, 0x30, 0xf8, 0xfc, 0xf8, 0x34, 0xf8, 0xfc, 0xf8, 0x14,
    0x00, 0x00, 0x00, 0x00, 0x00, 0x00, 0x00, 0x00, 0x00, 0x00, 0x00, 0x00,
    0x00, 0x00, 0x00, 0x00, 0x00, 0x00, 0x00, 0x00, 0x00, 0x00, 0x00, 0x00,
    0x00, 0x00, 0x00, 0x00, 0x00, 0x00, 0x00, 0x00, 0x00, 0x00, 0x00, 0x00,
    0x00, 0x00, 0x00, 0x00, 0x00, 0x00, 0x00, 0x00, 0x00, 0x00, 0x00, 0x00,
    0x00, 0x00, 0x00, 0x00, 0x00, 0x00, 0x00, 0x00, 0x00, 0x00, 0x00, 0x00,
    0x00, 0x00, 0x00, 0x00, 0x00, 0x00, 0x00, 0x00, 0x00, 0x00, 0x00, 0x00,
    0x00, 0x00, 0x00, 0x00, 0x00, 0x00, 0x00, 0x00, 0x00, 0x00, 0x00, 0x00,
    0x00, 0x00, 0x00, 0x00, 0x00, 0x00, 0x00, 0x00, 0x00, 0x00, 0x00, 0x00,
    0x00, 0x00, 0x00, 0x00, 0x00, 0x00, 0x00, 0x00, 0x00, 0x00, 0x00, 0x00,
    0x00, 0x00, 0x00, 0x00, 0x00, 0x00, 0x00, 0x00, 0x00, 0x00, 0x00, 0x00,
    0x00, 0x00, 0x00, 0x00, 0x00, 0x00, 0x00, 0x00, 0x00, 0x00, 0x00, 0x00,
    0x00, 0x00, 0x00, 0x00, 0x00, 0x00, 0x00, 0x00, 0x00, 0x00, 0x00, 0x00,
    0x00, 0x00, 0x00, 0x00, 0x00, 0x00, 0x00, 0x00, 0x00, 0x00, 0x00, 0x00,
    0x00, 0x00, 0x00, 0x00, 0x00, 0x00, 0x00, 0x00, 0x00, 0x00, 0x00, 0x00,
    0x00, 0x00, 0x00, 0x00, 0x00, 0x00, 0x00, 0x00, 0x00, 0x00, 0x00, 0x00,
    0x00, 0x00, 0x00, 0x00, 0x00, 0x00, 0x00, 0x00, 0x00, 0x00, 0x00, 0x00,
    0x00, 0x00, 0x00, 0x00, 0x00, 0x00, 0x00, 0x00, 0x00, 0x00, 0x00, 0x00,
    0x00, 0x00, 0x00, 0x00, 0x00, 0x00, 0x00, 0x00, 0x00, 0x00, 0x00, 0x00,
    0x00, 0x00, 0x00, 0x00, 0x00, 0x00, 0x00, 0x00, 0x00, 0x00, 0x00, 0x00,
    0x00, 0x00, 0x00, 0x00, 0x00, 0x00, 0x00, 0x00, 0x00, 0x00, 0x00, 0x00,
    0x00, 0x00, 0x00, 0x00, 0x00, 0x00, 0x00, 0x00, 0x00, 0x00, 0x00, 0x00,
    0x00, 0x00, 0x00, 0x00, 0x00, 0x00, 0x00, 0x00, 0x00, 0x00, 0x00, 0x00,
    0x00, 0x00, 0x00, 0x00, 0x00, 0x00, 0x00, 0x00, 0x00, 0x00, 0x00, 0x00,
    0x00, 0x00, 0x00, 0x00, 0x00, 0x00, 0x00, 0x00, 0x00, 0x00, 0x00, 0x00,
    0x00, 0x00, 0x00, 0x00, 0x00, 0x00, 0x00, 0x00, 0x00, 0x00, 0x00, 0x00,
    0x00, 0x00, 0x00, 0x00, 0x00, 0x00, 0x00, 0x00, 0x00, 0x00, 0x00, 0x00,
    0x00, 0x00, 0x00, 0x00, 0x00, 0x00, 0x00, 0x00, 0x00, 0x00, 0x00, 0x00,
    0x00, 0x00, 0x00, 0x00, 0x00, 0x00, 0x00, 0x00, 0x00, 0x00, 0x00, 0x00,
    0x00, 0x00, 0x00, 0x00, 0x00, 0x00, 0x00, 0x00, 0x00, 0x00, 0x00, 0x00,
    0x00, 0x00, 0x00, 0x00, 0x00, 0x00, 0x00, 0x00, 0x00, 0x00, 0x00, 0x00,
    0x00, 0x00, 0x00, 0x00, 0x00, 0x00, 0x00, 0x00, 0x00, 0x00, 0x00, 0x00,
    0x00, 0x00, 0x00, 0x00, 0x00, 0x00, 0x00, 0x00, 0x00, 0x00, 0x00, 0x00,
    0x00, 0x00, 0x00, 0x00, 0x00, 0x00, 0x00, 0x00, 0x00, 0x00, 0x00, 0x00,
    0x00, 0x00, 0x00, 0x00, 0x00, 0x00, 0x00, 0x00, 0x00, 0x00, 0x00, 0x00,
    0x00, 0x00, 0x00, 0x00, 0x00, 0x00, 0x00, 0x00, 0x00, 0x00, 0x00, 0x00,
    0x00, 0x00, 0x00, 0x00, 0x00, 0x00, 0x00, 0x00, 0x00, 0x00, 0x00, 0x00,
    0xf8, 0xfc, 0xf8, 0x14, 0xf8, 0xfc, 0xf8, 0x34, 0xf8, 0xfc, 0xf8, 0x30,
    0xf8, 0xfc, 0xf8, 0x34, 0xf8, 0xfc, 0xf8, 0x34, 0xf8, 0xfc, 0xf8, 0x30,
    0xf8, 0xfc, 0xf8, 0x34, 0xf8, 0xfc, 0xf8, 0x34, 0xf8, 0xfc, 0xf8, 0x30,
    0xf8, 0xfc, 0xf8, 0x34, 0xf8, 0xfc, 0xf8, 0x34, 0xf8, 0xfc, 0xf8, 0x34,
    0xf8, 0xfc, 0xf8, 0x34, 0xf8, 0xfc, 0xf8, 0x30, 0xf8, 0xfc, 0xf8, 0x34,
    0xf8, 0xfc, 0xf8, 0x34, 0xf8, 0xfc, 0xf8, 0x30, 0xf8, 0xfc, 0xf8, 0x34,
    0xf8, 0xfc, 0xf8, 0x34, 0xf8, 0xfc, 0xf8, 0x34, 0xf8, 0xfc, 0xf8, 0x24,
    0xf8, 0xfc, 0xf8, 0x20, 0xf8, 0xfc, 0xf8, 0x34, 0xf8, 0xfc, 0xf8, 0x34,
    0xf8, 0xfc, 0xf8, 0x30, 0xf8, 0xfc, 0xf8, 0x34, 0xf8, 0xfc, 0xf8, 0x34,
    0xf8, 0xfc, 0xf8, 0x34, 0xf8, 0xfc, 0xf8, 0x30, 0xf8, 0xfc, 0xf8, 0x34,
    0xf8, 0xfc, 0xf8, 0x34, 0xf8, 0xfc, 0xf8, 0x34, 0xf8, 0xfc, 0xf8, 0x34,
    0xf8, 0xfc, 0xf8, 0x30, 0xf8, 0xfc, 0xf8, 0x34, 0xf8, 0xfc, 0xf8, 0x30,
    0xf8, 0xfc, 0xf8, 0x30, 0xf8, 0xfc, 0xf8, 0x34, 0xf8, 0xfc, 0xf8, 0x34,
    0xf8, 0xfc, 0xf8, 0x34, 0xf8, 0xfc, 0xf8, 0x30, 0xf8, 0xfc, 0xf8, 0x18,
    0x00, 0x00, 0x00, 0x00, 0x00, 0x00, 0x00, 0x00, 0x00, 0x00, 0x00, 0x00,
    0x00, 0x00, 0x00, 0x00, 0x00, 0x00, 0x00, 0x00, 0x00, 0x00, 0x00, 0x00,
    0x00, 0x00, 0x00, 0x00, 0x00, 0x00, 0x00, 0x00, 0x00, 0x00, 0x00, 0x00,
    0x00, 0x00, 0x00, 0x00, 0x00, 0x00, 0x00, 0x00, 0x00, 0x00, 0x00, 0x00,
    0x00, 0x00, 0x00, 0x00, 0x00, 0x00, 0x00, 0x00, 0x00, 0x00, 0x00, 0x00,
    0x00, 0x00, 0x00, 0x00, 0x00, 0x00, 0x00, 0x00, 0x00, 0x00, 0x00, 0x00,
    0x00, 0x00, 0x00, 0x00, 0x00, 0x00, 0x00, 0x00, 0x00, 0x00, 0x00, 0x00,
    0x00, 0x00, 0x00, 0x00, 0x00, 0x00, 0x00, 0x00, 0x00, 0x00, 0x00, 0x00,
    0x00, 0x00, 0x00, 0x00, 0x00, 0x00, 0x00, 0x00, 0x00, 0x00, 0x00, 0x00,
    0x00, 0x00, 0x00, 0x00, 0x00, 0x00, 0x00, 0x00, 0x00, 0x00, 0x00, 0x00,
    0x00, 0x00, 0x00, 0x00, 0x00, 0x00, 0x00, 0x00, 0x00, 0x00, 0x00, 0x00,
    0x00, 0x00, 0x00, 0x00, 0x00, 0x00, 0x00, 0x00, 0x00, 0x00, 0x00, 0x00,
    0x00, 0x00, 0x00, 0x00, 0x00, 0x00, 0x00, 0x00, 0x00, 0x00, 0x00, 0x00,
    0x00, 0x00, 0x00, 0x00, 0x00, 0x00, 0x00, 0x00, 0x00, 0x00, 0x00, 0x00,
    0x00, 0x00, 0x00, 0x00, 0x00, 0x00, 0x00, 0x00, 0x00, 0x00, 0x00, 0x00,
    0x00, 0x00, 0x00, 0x00, 0x00, 0x00, 0x00, 0x00, 0x00, 0x00, 0x00, 0x00,
    0x00, 0x00, 0x00, 0x00, 0x00, 0x00, 0x00, 0x00, 0x00, 0x00, 0x00, 0x00,
    0x00, 0x00, 0x00, 0x00, 0x00, 0x00, 0x00, 0x00, 0x00, 0x00, 0x00, 0x00,
    0x00, 0x00, 0x00, 0x00, 0x00, 0x00, 0x00, 0x00, 0x00, 0x00, 0x00, 0x00,
    0x00, 0x00, 0x00, 0x00, 0x00, 0x00, 0x00, 0x00, 0x00, 0x00, 0x00, 0x00,
    0x00, 0x00, 0x00, 0x00, 0x00, 0x00, 0x00, 0x00, 0x00, 0x00, 0x00, 0x00,
    0x00, 0x00, 0x00, 0x00, 0x00, 0x00, 0x00, 0x00, 0x00, 0x00, 0x00, 0x00,
    0x00, 0x00, 0x00, 0x00, 0x00, 0x00, 0x00, 0x00, 0x00, 0x00, 0x00, 0x00,
    0x00, 0x00, 0x00, 0x00, 0x00, 0x00, 0x00, 0x00, 0x00, 0x00, 0x00, 0x00,
    0x00, 0x00, 0x00, 0x00, 0x00, 0x00, 0x00, 0x00, 0x00, 0x00, 0x00, 0x00,
    0x00, 0x00, 0x00, 0x00, 0x00, 0x00, 0x00, 0x00, 0x00, 0x00, 0x00, 0x00,
    0x00, 0x00, 0x00, 0x00, 0x00, 0x00, 0x00, 0x00, 0x00, 0x00, 0x00, 0x00,
    0x00, 0x00, 0x00, 0x00, 0x00, 0x00, 0x00, 0x00, 0x00, 0x00, 0x00, 0x00,
    0x00, 0x00, 0x00, 0x00, 0x00, 0x00, 0x00, 0x00, 0x00, 0x00, 0x00, 0x00,
    0x00, 0x00, 0x00, 0x00, 0x00, 0x00, 0x00, 0x00, 0x00, 0x00, 0x00, 0x00,
    0x00, 0x00, 0x00, 0x00, 0x00, 0x00, 0x00, 0x00, 0x00, 0x00, 0x00, 0x00,
    0x00, 0x00, 0x00, 0x00, 0x00, 0x00, 0x00, 0x00, 0x00, 0x00, 0x00, 0x00,
    0x00, 0x00, 0x00, 0x00, 0x00, 0x00, 0x00, 0x00, 0x00, 0x00, 0x00, 0x00,
    0x00, 0x00, 0x00, 0x00, 0x00, 0x00, 0x00, 0x00, 0x00, 0x00, 0x00, 0x00,
    0x00, 0x00, 0x00, 0x00, 0x00, 0x00, 0x00, 0x00, 0x00, 0x00, 0x00, 0x00,
    0x00, 0x00, 0x00, 0x00, 0x00, 0x00, 0x00, 0x00, 0x00, 0x00, 0x00, 0x00,
    0xf8, 0xfc, 0xf8, 0x18, 0xf8, 0xfc, 0xf8, 0x34, 0xf8, 0xfc, 0xf8, 0x34,
    0xf8, 0xfc, 0xf8, 0x30, 0xf8, 0xfc, 0xf8, 0x34, 0xf8, 0xfc, 0xf8, 0x34,
    0xf8, 0xfc, 0xf8, 0x34, 0xf8, 0xfc, 0xf8, 0x34, 0xf8, 0xfc, 0xf8, 0x34,
    0xf8, 0xfc, 0xf8, 0x34, 0xf8, 0xfc, 0xf8, 0x34, 0xf8, 0xfc, 0xf8, 0x34,
    0xf8, 0xfc, 0xf8, 0x30, 0xf8, 0xfc, 0xf8, 0x34, 0xf8, 0xfc, 0xf8, 0x34,
    0xf8, 0xfc, 0xf8, 0x34, 0xf8, 0xfc, 0xf8, 0x34, 0xf8, 0xfc, 0xf8, 0x30,
    0xf8, 0xfc, 0xf8, 0x34, 0xf8, 0xfc, 0xf8, 0x34, 0xf8, 0xfc, 0xf8, 0x20,
    0xf8, 0xfc, 0xf8, 0x18, 0xf8, 0xfc, 0xf8, 0x34, 0xf8, 0xfc, 0xf8, 0x34,
    0xf8, 0xfc, 0xf8, 0x34, 0xf8, 0xfc, 0xf8, 0x30, 0xf8, 0xfc, 0xf8, 0x34,
    0xf8, 0xfc, 0xf8, 0x34, 0xf8, 0xfc, 0xf8, 0x34, 0xf8, 0xfc, 0xf8, 0x30,
    0xf8, 0xfc, 0xf8, 0x30, 0xf8, 0xfc, 0xf8, 0x34, 0xf8, 0xfc, 0xf8, 0x34,
    0xf8, 0xfc, 0xf8, 0x34, 0xf8, 0xfc, 0xf8, 0x34, 0xf8, 0xfc, 0xf8, 0x34,
    0xf8, 0xfc, 0xf8, 0x34, 0xf8, 0xfc, 0xf8, 0x34, 0xf8, 0xfc, 0xf8, 0x30,
    0xf8, 0xfc, 0xf8, 0x34, 0xf8, 0xfc, 0xf8, 0x34, 0xf8, 0xfc, 0xf8, 0x20,
    0x00, 0x00, 0x00, 0x00, 0x00, 0x00, 0x00, 0x00, 0x00, 0x00, 0x00, 0x00,
    0x00, 0x00, 0x00, 0x00, 0x00, 0x00, 0x00, 0x00, 0x00, 0x00, 0x00, 0x00,
    0x00, 0x00, 0x00, 0x00, 0x00, 0x00, 0x00, 0x00, 0x00, 0x00, 0x00, 0x00,
    0x00, 0x00, 0x00, 0x00, 0x00, 0x00, 0x00, 0x00, 0x00, 0x00, 0x00, 0x00,
    0x00, 0x00, 0x00, 0x00, 0x00, 0x00, 0x00, 0x00, 0x00, 0x00, 0x00, 0x00,
    0x00, 0x00, 0x00, 0x00, 0x00, 0x00, 0x00, 0x00, 0x00, 0x00, 0x00, 0x00,
    0x00, 0x00, 0x00, 0x00, 0x00, 0x00, 0x00, 0x00, 0x00, 0x00, 0x00, 0x00,
    0x00, 0x00, 0x00, 0x00, 0x00, 0x00, 0x00, 0x00, 0x00, 0x00, 0x00, 0x00,
    0x00, 0x00, 0x00, 0x00, 0x00, 0x00, 0x00, 0x00, 0x00, 0x00, 0x00, 0x00,
    0x00, 0x00, 0x00, 0x00, 0x00, 0x00, 0x00, 0x00, 0x00, 0x00, 0x00, 0x00,
    0x00, 0x00, 0x00, 0x00, 0x00, 0x00, 0x00, 0x00, 0x00, 0x00, 0x00, 0x00,
    0x00, 0x00, 0x00, 0x00, 0x00, 0x00, 0x00, 0x00, 0x00, 0x00, 0x00, 0x00,
    0x00, 0x00, 0x00, 0x00, 0x00, 0x00, 0x00, 0x00, 0x00, 0x00, 0x00, 0x00,
    0x00, 0x00, 0x00, 0x00, 0x00, 0x00, 0x00, 0x00, 0x00, 0x00, 0x00, 0x00,
    0x00, 0x00, 0x00, 0x00, 0x00, 0x00, 0x00, 0x00, 0x00, 0x00, 0x00, 0x00,
    0x00, 0x00, 0x00, 0x00, 0x00, 0x00, 0x00, 0x00, 0x00, 0x00, 0x00, 0x00,
    0x00, 0x00, 0x00, 0x00, 0x00, 0x00, 0x00, 0x00, 0x00, 0x00, 0x00, 0x00,
    0x00, 0x00, 0x00, 0x00, 0x00, 0x00, 0x00, 0x00, 0x00, 0x00, 0x00, 0x00,
    0x00, 0x00, 0x00, 0x00, 0x00, 0x00, 0x00, 0x00, 0x00, 0x00, 0x00, 0x00,
    0x00, 0x00, 0x00, 0x00, 0x00, 0x00, 0x00, 0x00, 0x00, 0x00, 0x00, 0x00,
    0x00, 0x00, 0x00, 0x00, 0x00, 0x00, 0x00, 0x00, 0x00, 0x00, 0x00, 0x00,
    0x00, 0x00, 0x00, 0x00, 0x00, 0x00, 0x00, 0x00, 0x00, 0x00, 0x00, 0x00,
    0x00, 0x00, 0x00, 0x00, 0x00, 0x00, 0x00, 0x00, 0x00, 0x00, 0x00, 0x00,
    0x00, 0x00, 0x00, 0x00, 0x00, 0x00, 0x00, 0x00, 0x00, 0x00, 0x00, 0x00,
    0x00, 0x00, 0x00, 0x00, 0x00, 0x00, 0x00, 0x00, 0x00, 0x00, 0x00, 0x00,
    0x00, 0x00, 0x00, 0x00, 0x00, 0x00, 0x00, 0x00, 0x00, 0x00, 0x00, 0x00,
    0x00, 0x00, 0x00, 0x00, 0x00, 0x00, 0x00, 0x00, 0x00, 0x00, 0x00, 0x00,
    0x00, 0x00, 0x00, 0x00, 0x00, 0x00, 0x00, 0x00, 0x00, 0x00, 0x00, 0x00,
    0x00, 0x00, 0x00, 0x00, 0x00, 0x00, 0x00, 0x00, 0x00, 0x00, 0x00, 0x00,
    0x00, 0x00, 0x00, 0x00, 0x00, 0x00, 0x00, 0x00, 0x00, 0x00, 0x00, 0x00,
    0x00, 0x00, 0x00, 0x00, 0x00, 0x00, 0x00, 0x00, 0x00, 0x00, 0x00, 0x00,
    0x00, 0x00, 0x00, 0x00, 0x00, 0x00, 0x00, 0x00, 0x00, 0x00, 0x00, 0x00,
    0x00, 0x00, 0x00, 0x00, 0x00, 0x00, 0x00, 0x00, 0x00, 0x00, 0x00, 0x00,
    0x00, 0x00, 0x00, 0x00, 0x00, 0x00, 0x00, 0x00, 0x00, 0x00, 0x00, 0x00,
    0x00, 0x00, 0x00, 0x00, 0x00, 0x00, 0x00, 0x00, 0x00, 0x00, 0x00, 0x00,
    0x00, 0x00, 0x00, 0x00, 0x00, 0x00, 0x00, 0x00, 0x00, 0x00, 0x00, 0x00,
    0xf8, 0xfc, 0xf8, 0x24, 0xf8, 0xfc, 0xf8, 0x34, 0xf8, 0xfc, 0xf8, 0x34,
    0xf8, 0xfc, 0xf8, 0x34, 0xf8, 0xfc, 0xf8, 0x30, 0xf8, 0xfc, 0xf8, 0x34,
    0xf8, 0xfc, 0xf8, 0x30, 0xf8, 0xfc, 0xf8, 0x34, 0xf8, 0xfc, 0xf8, 0x30,
    0xf8, 0xfc, 0xf8, 0x34, 0xf8, 0xfc, 0xf8, 0x30, 0xf8, 0xfc, 0xf8, 0x34,
    0xf8, 0xfc, 0xf8, 0x34, 0xf8, 0xfc, 0xf8, 0x34, 0xf8, 0xfc, 0xf8, 0x30,
    0xf8, 0xfc, 0xf8, 0x34, 0xf8, 0xfc, 0xf8, 0x34, 0xf8, 0xfc, 0xf8, 0x34,
    0xf8, 0xfc, 0xf8, 0x34, 0xf8, 0xfc, 0xf8, 0x34, 0xf8, 0xfc, 0xf8, 0x18,
    0xf8, 0xfc, 0xf8, 0x14, 0xf8, 0xfc, 0xf8, 0x30, 0xf8, 0xfc, 0xf8, 0x34,
    0xf8, 0xfc, 0xf8, 0x34, 0xf8, 0xfc, 0xf8, 0x34, 0xf8, 0xfc, 0xf8, 0x30,
    0xf8, 0xfc, 0xf8, 0x34, 0xf8, 0xfc, 0xf8, 0x34, 0xf8, 0xfc, 0xf8, 0x34,
    0xf8, 0xfc, 0xf8, 0x34, 0xf8, 0xfc, 0xf8, 0x30, 0xf8, 0xfc, 0xf8, 0x34,
    0xf8, 0xfc, 0xf8, 0x34, 0xf8, 0xfc, 0xf8, 0x30, 0xf8, 0xfc, 0xf8, 0x34,
    0xf8, 0xfc, 0xf8, 0x34, 0xf8, 0xfc, 0xf8, 0x34, 0xf8, 0xfc, 0xf8, 0x34,
    0xf8, 0xfc, 0xf8, 0x34, 0xf8, 0xfc, 0xf8, 0x34, 0xf8, 0xfc, 0xf8, 0x28,
    0x00, 0x00, 0x00, 0x00, 0x00, 0x00, 0x00, 0x00, 0x00, 0x00, 0x00, 0x00,
    0x00, 0x00, 0x00, 0x00, 0x00, 0x00, 0x00, 0x00, 0x00, 0x00, 0x00, 0x00,
    0x00, 0x00, 0x00, 0x00, 0x00, 0x00, 0x00, 0x00, 0x00, 0x00, 0x00, 0x00,
    0x00, 0x00, 0x00, 0x00, 0x00, 0x00, 0x00, 0x00, 0x00, 0x00, 0x00, 0x00,
    0x00, 0x00, 0x00, 0x00, 0x00, 0x00, 0x00, 0x00, 0x00, 0x00, 0x00, 0x00,
    0x00, 0x00, 0x00, 0x00, 0x00, 0x00, 0x00, 0x00, 0x00, 0x00, 0x00, 0x00,
    0x00, 0x00, 0x00, 0x00, 0x00, 0x00, 0x00, 0x00, 0x00, 0x00, 0x00, 0x00,
    0x00, 0x00, 0x00, 0x00, 0x00, 0x00, 0x00, 0x00, 0x00, 0x00, 0x00, 0x00,
    0x00, 0x00, 0x00, 0x00, 0x00, 0x00, 0x00, 0x00, 0x00, 0x00, 0x00, 0x00,
    0x00, 0x00, 0x00, 0x00, 0x00, 0x00, 0x00, 0x00, 0x00, 0x00, 0x00, 0x00,
    0x00, 0x00, 0x00, 0x00, 0x00, 0x00, 0x00, 0x00, 0x00, 0x00, 0x00, 0x00,
    0x00, 0x00, 0x00, 0x00, 0x00, 0x00, 0x00, 0x00, 0x00, 0x00, 0x00, 0x00,
    0x00, 0x00, 0x00, 0x00, 0x00, 0x00, 0x00, 0x00, 0x00, 0x00, 0x00, 0x00,
    0x00, 0x00, 0x00, 0x00, 0x00, 0x00, 0x00, 0x00, 0x00, 0x00, 0x00, 0x00,
    0x00, 0x00, 0x00, 0x00, 0x00, 0x00, 0x00, 0x00, 0x00, 0x00, 0x00, 0x00,
    0x00, 0x00, 0x00, 0x00, 0x00, 0x00, 0x00, 0x00, 0x00, 0x00, 0x00, 0x00,
    0x00, 0x00, 0x00, 0x00, 0x00, 0x00, 0x00, 0x00, 0x00, 0x00, 0x00, 0x00,
    0x00, 0x00, 0x00, 0x00, 0x00, 0x00, 0x00, 0x00, 0x00, 0x00, 0x00, 0x00,
    0x00, 0x00, 0x00, 0x00, 0x00, 0x00, 0x00, 0x00, 0x00, 0x00, 0x00, 0x00,
    0x00, 0x00, 0x00, 0x00, 0x00, 0x00, 0x00, 0x00, 0x00, 0x00, 0x00, 0x00,
    0x00, 0x00, 0x00, 0x00, 0x00, 0x00, 0x00, 0x00, 0x00, 0x00, 0x00, 0x00,
    0x00, 0x00, 0x00, 0x00, 0x00, 0x00, 0x00, 0x00, 0x00, 0x00, 0x00, 0x00,
    0x00, 0x00, 0x00, 0x00, 0x00, 0x00, 0x00, 0x00, 0x00, 0x00, 0x00, 0x00,
    0x00, 0x00, 0x00, 0x00, 0x00, 0x00, 0x00, 0x00, 0x00, 0x00, 0x00, 0x00,
    0x00, 0x00, 0x00, 0x00, 0x00, 0x00, 0x00, 0x00, 0x00, 0x00, 0x00, 0x00,
    0x00, 0x00, 0x00, 0x00, 0x00, 0x00, 0x00, 0x00, 0x00, 0x00, 0x00, 0x00,
    0x00, 0x00, 0x00, 0x00, 0x00, 0x00, 0x00, 0x00, 0x00, 0x00, 0x00, 0x00,
    0x00, 0x00, 0x00, 0x00, 0x00, 0x00, 0x00, 0x00, 0x00, 0x00, 0x00, 0x00,
    0x00, 0x00, 0x00, 0x00, 0x00, 0x00, 0x00, 0x00, 0x00, 0x00, 0x00, 0x00,
    0x00, 0x00, 0x00, 0x00, 0x00, 0x00, 0x00, 0x00, 0x00, 0x00, 0x00, 0x00,
    0x00, 0x00, 0x00, 0x00, 0x00, 0x00, 0x00, 0x00, 0x00, 0x00, 0x00, 0x00,
    0x00, 0x00, 0x00, 0x00, 0x00, 0x00, 0x00, 0x00, 0x00, 0x00, 0x00, 0x00,
    0x00, 0x00, 0x00, 0x00, 0x00, 0x00, 0x00, 0x00, 0x00, 0x00, 0x00, 0x00,
    0x00, 0x00, 0x00, 0x00, 0x00, 0x00, 0x00, 0x00, 0x00, 0x00, 0x00, 0x00,
    0x00, 0x00, 0x00, 0x00, 0x00, 0x00, 0x00, 0x00, 0x00, 0x00, 0x00, 0x00,
    0x00, 0x00, 0x00, 0x00, 0x00, 0x00, 0x00, 0x00, 0x00, 0x00, 0x00, 0x00,
    0xf8, 0xfc, 0xf8, 0x28, 0xf8, 0xfc, 0xf8, 0x30, 0xf8, 0xfc, 0xf8, 0x34,
    0xf8, 0xfc, 0xf8, 0x34, 0xf8, 0xfc, 0xf8, 0x34, 0xf8, 0xfc, 0xf8, 0x34,
    0xf8, 0xfc, 0xf8, 0x34, 0xf8, 0xfc, 0xf8, 0x30, 0xf8, 0xfc, 0xf8, 0x34,
    0xf8, 0xfc, 0xf8, 0x34, 0xf8, 0xfc, 0xf8, 0x34, 0xf8, 0xfc, 0xf8, 0x30,
    0xf8, 0xfc, 0xf8, 0x34, 0xf8, 0xfc, 0xf8, 0x34, 0xf8, 0xfc, 0xf8, 0x34,
    0xf8, 0xfc, 0xf8, 0x30, 0xf8, 0xfc, 0xf8, 0x34, 0xf8, 0xfc, 0xf8, 0x34,
    0xf8, 0xfc, 0xf8, 0x30, 0xf8, 0xfc, 0xf8, 0x34, 0xf8, 0xfc, 0xf8, 0x14,
    0xf8, 0xfc, 0xf8, 0x10, 0xf8, 0xfc, 0xf8, 0x34, 0xf8, 0xfc, 0xf8, 0x30,
    0xf8, 0xfc, 0xf8, 0x34, 0xf8, 0xfc, 0xf8, 0x34, 0xf8, 0xfc, 0xf8, 0x34,
    0xf8, 0xfc, 0xf8, 0x30, 0xf8, 0xfc, 0xf8, 0x34, 0xf8, 0xfc, 0xf8, 0x34,
    0xf8, 0xfc, 0xf8, 0x34, 0xf8, 0xfc, 0xf8, 0x34, 0xf8, 0xfc, 0xf8, 0x30,
    0xf8, 0xfc, 0xf8, 0x34, 0xf8, 0xfc, 0xf8, 0x34, 0xf8, 0xfc, 0xf8, 0x30,
    0xf8, 0xfc, 0xf8, 0x34, 0xf8, 0xfc, 0xf8, 0x30, 0xf8, 0xfc, 0xf8, 0x34,
    0xf8, 0xfc, 0xf8, 0x34, 0xf8, 0xfc, 0xf8, 0x30, 0xf8, 0xfc, 0xf8, 0x34,
    0x00, 0x00, 0x00, 0x00, 0x00, 0x00, 0x00, 0x00, 0x00, 0x00, 0x00, 0x00,
    0x00, 0x00, 0x00, 0x00, 0x00, 0x00, 0x00, 0x00, 0x00, 0x00, 0x00, 0x00,
    0x00, 0x00, 0x00, 0x00, 0x00, 0x00, 0x00, 0x00, 0x00, 0x00, 0x00, 0x00,
    0x00, 0x00, 0x00, 0x00, 0x00, 0x00, 0x00, 0x00, 0x00, 0x00, 0x00, 0x00,
    0x00, 0x00, 0x00, 0x00, 0x00, 0x00, 0x00, 0x00, 0x00, 0x00, 0x00, 0x00,
    0x00, 0x00, 0x00, 0x00, 0x00, 0x00, 0x00, 0x00, 0x00, 0x00, 0x00, 0x00,
    0x00, 0x00, 0x00, 0x00, 0x00, 0x00, 0x00, 0x00, 0x00, 0x00, 0x00, 0x00,
    0x00, 0x00, 0x00, 0x00, 0x00, 0x00, 0x00, 0x00, 0x00, 0x00, 0x00, 0x00,
    0x00, 0x00, 0x00, 0x00, 0x00, 0x00, 0x00, 0x00, 0x00, 0x00, 0x00, 0x00,
    0x00, 0x00, 0x00, 0x00, 0x00, 0x00, 0x00, 0x00, 0x00, 0x00, 0x00, 0x00,
    0x00, 0x00, 0x00, 0x00, 0x00, 0x00, 0x00, 0x00, 0x00, 0x00, 0x00, 0x00,
    0x00, 0x00, 0x00, 0x00, 0x00, 0x00, 0x00, 0x00, 0x00, 0x00, 0x00, 0x00,
    0x00, 0x00, 0x00, 0x00, 0x00, 0x00, 0x00, 0x00, 0x00, 0x00, 0x00, 0x00,
    0x00, 0x00, 0x00, 0x00, 0x00, 0x00, 0x00, 0x00, 0x00, 0x00, 0x00, 0x00,
    0x00, 0x00, 0x00, 0x00, 0x00, 0x00, 0x00, 0x00, 0x00, 0x00, 0x00, 0x00,
    0x00, 0x00, 0x00, 0x00, 0x00, 0x00, 0x00, 0x00, 0x00, 0x00, 0x00, 0x00,
    0x00, 0x00, 0x00, 0x00, 0x00, 0x00, 0x00, 0x00, 0x00, 0x00, 0x00, 0x00,
    0x00, 0x00, 0x00, 0x00, 0x00, 0x00, 0x00, 0x00, 0x00, 0x00, 0x00, 0x00,
    0x00, 0x00, 0x00, 0x00, 0x00, 0x00, 0x00, 0x00, 0x00, 0x00, 0x00, 0x00,
    0x00, 0x00, 0x00, 0x00, 0x00, 0x00, 0x00, 0x00, 0x00, 0x00, 0x00, 0x00,
    0x00, 0x00, 0x00, 0x00, 0x00, 0x00, 0x00, 0x00, 0x00, 0x00, 0x00, 0x00,
    0x00, 0x00, 0x00, 0x00, 0x00, 0x00, 0x00, 0x00, 0x00, 0x00, 0x00, 0x00,
    0x00, 0x00, 0x00, 0x00, 0x00, 0x00, 0x00, 0x00, 0x00, 0x00, 0x00, 0x00,
    0x00, 0x00, 0x00, 0x00, 0x00, 0x00, 0x00, 0x00, 0x00, 0x00, 0x00, 0x00,
    0x00, 0x00, 0x00, 0x00, 0x00, 0x00, 0x00, 0x00, 0x00, 0x00, 0x00, 0x00,
    0x00, 0x00, 0x00, 0x00, 0x00, 0x00, 0x00, 0x00, 0x00, 0x00, 0x00, 0x00,
    0x00, 0x00, 0x00, 0x00, 0x00, 0x00, 0x00, 0x00, 0x00, 0x00, 0x00, 0x00,
    0x00, 0x00, 0x00, 0x00, 0x00, 0x00, 0x00, 0x00, 0x00, 0x00, 0x00, 0x00,
    0x00, 0x00, 0x00, 0x00, 0x00, 0x00, 0x00, 0x00, 0x00, 0x00, 0x00, 0x00,
    0x00, 0x00, 0x00, 0x00, 0x00, 0x00, 0x00, 0x00, 0x00, 0x00, 0x00, 0x00,
    0x00, 0x00, 0x00, 0x00, 0x00, 0x00, 0x00, 0x00, 0x00, 0x00, 0x00, 0x00,
    0x00, 0x00, 0x00, 0x00, 0x00, 0x00, 0x00, 0x00, 0x00, 0x00, 0x00, 0x00,
    0x00, 0x00, 0x00, 0x00, 0x00, 0x00, 0x00, 0x00, 0x00, 0x00, 0x00, 0x00,
    0x00, 0x00, 0x00, 0x00, 0x00, 0x00, 0x00, 0x00, 0x00, 0x00, 0x00, 0x00,
    0x00, 0x00, 0x00, 0x00, 0x00, 0x00, 0x00, 0x00, 0x00, 0x00, 0x00, 0x00,
    0x00, 0x00, 0x00, 0x00, 0x00, 0x00, 0x00, 0x00, 0x00, 0x00, 0x00, 0x00,
    0xf8, 0xfc, 0xf8, 0x34, 0xf8, 0xfc, 0xf8, 0x34, 0xf8, 0xfc, 0xf8, 0x30,
    0xf8, 0xfc, 0xf8, 0x34, 0xf8, 0xfc, 0xf8, 0x34, 0xf8, 0xfc, 0xf8, 0x30,
    0xf8, 0xfc, 0xf8, 0x34, 0xf8, 0xfc, 0xf8, 0x34, 0xf8, 0xfc, 0xf8, 0x34,
    0xf8, 0xfc, 0xf8, 0x34, 0xf8, 0xfc, 0xf8, 0x34, 0xf8, 0xfc, 0xf8, 0x34,
    0xf8, 0xfc, 0xf8, 0x30, 0xf8, 0xfc, 0xf8, 0x34, 0xf8, 0xfc, 0xf8, 0x34,
    0xf8, 0xfc, 0xf8, 0x34, 0xf8, 0xfc, 0xf8, 0x30, 0xf8, 0xfc, 0xf8, 0x34,
    0xf8, 0xfc, 0xf8, 0x34, 0xf8, 0xfc, 0xf8, 0x34, 0xf8, 0xfc, 0xf8, 0x0c,
    0xf8, 0xfc, 0xf8, 0x04, 0xf8, 0xfc, 0xf8, 0x34, 0xf8, 0xfc, 0xf8, 0x34,
    0xf8, 0xfc, 0xf8, 0x34, 0xf8, 0xfc, 0xf8, 0x34, 0xf8, 0xfc, 0xf8, 0x30,
    0xf8, 0xfc, 0xf8, 0x34, 0xf8, 0xfc, 0xf8, 0x34, 0xf8, 0xfc, 0xf8, 0x30,
    0xf8, 0xfc, 0xf8, 0x34, 0xf8, 0xfc, 0xf8, 0x34, 0xf8, 0xfc, 0xf8, 0x34,
    0xf8, 0xfc, 0xf8, 0x34, 0xf8, 0xfc, 0xf8, 0x34, 0xf8, 0xfc, 0xf8, 0x34,
    0xf8, 0xfc, 0xf8, 0x34, 0xf8, 0xfc, 0xf8, 0x30, 0xf8, 0xfc, 0xf8, 0x34,
    0xf8, 0xfc, 0xf8, 0x34, 0xf8, 0xfc, 0xf8, 0x30, 0xf8, 0xfc, 0xf8, 0x34,
    0xf8, 0xfc, 0xf8, 0x08, 0x00, 0x00, 0x00, 0x00, 0x00, 0x00, 0x00, 0x00,
    0x00, 0x00, 0x00, 0x00, 0x00, 0x00, 0x00, 0x00, 0x00, 0x00, 0x00, 0x00,
    0x00, 0x00, 0x00, 0x00, 0x00, 0x00, 0x00, 0x00, 0x00, 0x00, 0x00, 0x00,
    0x00, 0x00, 0x00, 0x00, 0x00, 0x00, 0x00, 0x00, 0x00, 0x00, 0x00, 0x00,
    0x00, 0x00, 0x00, 0x00, 0x00, 0x00, 0x00, 0x00, 0x00, 0x00, 0x00, 0x00,
    0x00, 0x00, 0x00, 0x00, 0x00, 0x00, 0x00, 0x00, 0x00, 0x00, 0x00, 0x00,
    0x00, 0x00, 0x00, 0x00, 0x00, 0x00, 0x00, 0x00, 0x00, 0x00, 0x00, 0x00,
    0x00, 0x00, 0x00, 0x00, 0x00, 0x00, 0x00, 0x00, 0x00, 0x00, 0x00, 0x00,
    0x00, 0x00, 0x00, 0x00, 0x00, 0x00, 0x00, 0x00, 0x00, 0x00, 0x00, 0x00,
    0x00, 0x00, 0x00, 0x00, 0x00, 0x00, 0x00, 0x00, 0x00, 0x00, 0x00, 0x00,
    0x00, 0x00, 0x00, 0x00, 0x00, 0x00, 0x00, 0x00, 0x00, 0x00, 0x00, 0x00,
    0x00, 0x00, 0x00, 0x00, 0x00, 0x00, 0x00, 0x00, 0x00, 0x00, 0x00, 0x00,
    0x00, 0x00, 0x00, 0x00, 0x00, 0x00, 0x00, 0x00, 0x00, 0x00, 0x00, 0x00,
    0x00, 0x00, 0x00, 0x00, 0x00, 0x00, 0x00, 0x00, 0x00, 0x00, 0x00, 0x00,
    0x00, 0x00, 0x00, 0x00, 0x00, 0x00, 0x00, 0x00, 0x00, 0x00, 0x00, 0x00,
    0x00, 0x00, 0x00, 0x00, 0x00, 0x00, 0x00, 0x00, 0x00, 0x00, 0x00, 0x00,
    0x00, 0x00, 0x00, 0x00, 0x00, 0x00, 0x00, 0x00, 0x00, 0x00, 0x00, 0x00,
    0x00, 0x00, 0x00, 0x00, 0x00, 0x00, 0x00, 0x00, 0x00, 0x00, 0x00, 0x00,
    0x00, 0x00, 0x00, 0x00, 0x00, 0x00, 0x00, 0x00, 0x00, 0x00, 0x00, 0x00,
    0x00, 0x00, 0x00, 0x00, 0x00, 0x00, 0x00, 0x00, 0x00, 0x00, 0x00, 0x00,
    0x00, 0x00, 0x00, 0x00, 0x00, 0x00, 0x00, 0x00, 0x00, 0x00, 0x00, 0x00,
    0x00, 0x00, 0x00, 0x00, 0x00, 0x00, 0x00, 0x00, 0x00, 0x00, 0x00, 0x00,
    0x00, 0x00, 0x00, 0x00, 0x00, 0x00, 0x00, 0x00, 0x00, 0x00, 0x00, 0x00,
    0x00, 0x00, 0x00, 0x00, 0x00, 0x00, 0x00, 0x00, 0x00, 0x00, 0x00, 0x00,
    0x00, 0x00, 0x00, 0x00, 0x00, 0x00, 0x00, 0x00, 0x00, 0x00, 0x00, 0x00,
    0x00, 0x00, 0x00, 0x00, 0x00, 0x00, 0x00, 0x00, 0x00, 0x00, 0x00, 0x00,
    0x00, 0x00, 0x00, 0x00, 0x00, 0x00, 0x00, 0x00, 0x00, 0x00, 0x00, 0x00,
    0x00, 0x00, 0x00, 0x00, 0x00, 0x00, 0x00, 0x00, 0x00, 0x00, 0x00, 0x00,
    0x00, 0x00, 0x00, 0x00, 0x00, 0x00, 0x00, 0x00, 0x00, 0x00, 0x00, 0x00,
    0x00, 0x00, 0x00, 0x00, 0x00, 0x00, 0x00, 0x00, 0x00, 0x00, 0x00, 0x00,
    0x00, 0x00, 0x00, 0x00, 0x00, 0x00, 0x00, 0x00, 0x00, 0x00, 0x00, 0x00,
    0x00, 0x00, 0x00, 0x00, 0x00, 0x00, 0x00, 0x00, 0x00, 0x00, 0x00, 0x00,
    0x00, 0x00, 0x00, 0x00, 0x00, 0x00, 0x00, 0x00, 0x00, 0x00, 0x00, 0x00,
    0x00, 0x00, 0x00, 0x00, 0x00, 0x00, 0x00, 0x00, 0x00, 0x00, 0x00, 0x00,
    0x00, 0x00, 0x00, 0x00, 0x00, 0x00, 0x00, 0x00, 0x00, 0x00, 0x00, 0x00,
    0x00, 0x00, 0x00, 0x00, 0x00, 0x00, 0x00, 0x00, 0xf8, 0xfc, 0xf8, 0x0c,
    0xf8, 0xfc, 0xf8, 0x34, 0xf8, 0xfc, 0xf8, 0x34, 0xf8, 0xfc, 0xf8, 0x34,
    0xf8, 0xfc, 0xf8, 0x34, 0xf8, 0xfc, 0xf8, 0x30, 0xf8, 0xfc, 0xf8, 0x34,
    0xf8, 0xfc, 0xf8, 0x34, 0xf8, 0xfc, 0xf8, 0x34, 0xf8, 0xfc, 0xf8, 0x30,
    0xf8, 0xfc, 0xf8, 0x30, 0xf8, 0xfc, 0xf8, 0x34, 0xf8, 0xfc, 0xf8, 0x34,
    0xf8, 0xfc, 0xf8, 0x34, 0xf8, 0xfc, 0xf8, 0x30, 0xf8, 0xfc, 0xf8, 0x34,
    0xf8, 0xfc, 0xf8, 0x34, 0xf8, 0xfc, 0xf8, 0x34, 0xf8, 0xfc, 0xf8, 0x30,
    0xf8, 0xfc, 0xf8, 0x34, 0xf8, 0xfc, 0xf8, 0x34, 0xf8, 0xfc, 0xf8, 0x08,
    0x00, 0x00, 0x00, 0x00, 0xf8, 0xfc, 0xf8, 0x30, 0xf8, 0xfc, 0xf8, 0x34,
    0xf8, 0xfc, 0xf8, 0x30, 0xf8, 0xfc, 0xf8, 0x34, 0xf8, 0xfc, 0xf8, 0x34,
    0xf8, 0xfc, 0xf8, 0x34, 0xf8, 0xfc, 0xf8, 0x34, 0xf8, 0xfc, 0xf8, 0x30,
    0xf8, 0xfc, 0xf8, 0x34, 0xf8, 0xfc, 0xf8, 0x34, 0xf8, 0xfc, 0xf8, 0x30,
    0xf8, 0xfc, 0xf8, 0x34, 0xf8, 0xfc, 0xf8, 0x30, 0xf8, 0xfc, 0xf8, 0x34,
    0xf8, 0xfc, 0xf8, 0x34, 0xf8, 0xfc, 0xf8, 0x34, 0xf8, 0xfc, 0xf8, 0x34,
    0xf8, 0xfc, 0xf8, 0x34, 0xf8, 0xfc, 0xf8, 0x34, 0xf8, 0xfc, 0xf8, 0x34,
    0xf8, 0xfc, 0xf8, 0x14, 0x00, 0x00, 0x00, 0x00, 0x00, 0x00, 0x00, 0x00,
    0x00, 0x00, 0x00, 0x00, 0x00, 0x00, 0x00, 0x00, 0x00, 0x00, 0x00, 0x00,
    0x00, 0x00, 0x00, 0x00, 0x00, 0x00, 0x00, 0x00, 0x00, 0x00, 0x00, 0x00,
    0x00, 0x00, 0x00, 0x00, 0x00, 0x00, 0x00, 0x00, 0x00, 0x00, 0x00, 0x00,
    0x00, 0x00, 0x00, 0x00, 0x00, 0x00, 0x00, 0x00, 0x00, 0x00, 0x00, 0x00,
    0x00, 0x00, 0x00, 0x00, 0x00, 0x00, 0x00, 0x00, 0x00, 0x00, 0x00, 0x00,
    0x00, 0x00, 0x00, 0x00, 0x00, 0x00, 0x00, 0x00, 0x00, 0x00, 0x00, 0x00,
    0x00, 0x00, 0x00, 0x00, 0x00, 0x00, 0x00, 0x00, 0x00, 0x00, 0x00, 0x00,
    0x00, 0x00, 0x00, 0x00, 0x00, 0x00, 0x00, 0x00, 0x00, 0x00, 0x00, 0x00,
    0x00, 0x00, 0x00, 0x00, 0x00, 0x00, 0x00, 0x00, 0x00, 0x00, 0x00, 0x00,
    0x00, 0x00, 0x00, 0x00, 0x00, 0x00, 0x00, 0x00, 0x00, 0x00, 0x00, 0x00,
    0x00, 0x00, 0x00, 0x00, 0x00, 0x00, 0x00, 0x00, 0x00, 0x00, 0x00, 0x00,
    0x00, 0x00, 0x00, 0x00, 0x00, 0x00, 0x00, 0x00, 0x00, 0x00, 0x00, 0x00,
    0x00, 0x00, 0x00, 0x00, 0x00, 0x00, 0x00, 0x00, 0x00, 0x00, 0x00, 0x00,
    0x00, 0x00, 0x00, 0x00, 0x00, 0x00, 0x00, 0x00, 0x00, 0x00, 0x00, 0x00,
    0x00, 0x00, 0x00, 0x00, 0x00, 0x00, 0x00, 0x00, 0x00, 0x00, 0x00, 0x00,
    0x00, 0x00, 0x00, 0x00, 0x00, 0x00, 0x00, 0x00, 0x00, 0x00, 0x00, 0x00,
    0x00, 0x00, 0x00, 0x00, 0x00, 0x00, 0x00, 0x00, 0x00, 0x00, 0x00, 0x00,
    0x00, 0x00, 0x00, 0x00, 0x00, 0x00, 0x00, 0x00, 0x00, 0x00, 0x00, 0x00,
    0x00, 0x00, 0x00, 0x00, 0x00, 0x00, 0x00, 0x00, 0x00, 0x00, 0x00, 0x00,
    0x00, 0x00, 0x00, 0x00, 0x00, 0x00, 0x00, 0x00, 0x00, 0x00, 0x00, 0x00,
    0x00, 0x00, 0x00, 0x00, 0x00, 0x00, 0x00, 0x00, 0x00, 0x00, 0x00, 0x00,
    0x00, 0x00, 0x00, 0x00, 0x00, 0x00, 0x00, 0x00, 0x00, 0x00, 0x00, 0x00,
    0x00, 0x00, 0x00, 0x00, 0x00, 0x00, 0x00, 0x00, 0x00, 0x00, 0x00, 0x00,
    0x00, 0x00, 0x00, 0x00, 0x00, 0x00, 0x00, 0x00, 0x00, 0x00, 0x00, 0x00,
    0x00, 0x00, 0x00, 0x00, 0x00, 0x00, 0x00, 0x00, 0x00, 0x00, 0x00, 0x00,
    0x00, 0x00, 0x00, 0x00, 0x00, 0x00, 0x00, 0x00, 0x00, 0x00, 0x00, 0x00,
    0x00, 0x00, 0x00, 0x00, 0x00, 0x00, 0x00, 0x00, 0x00, 0x00, 0x00, 0x00,
    0x00, 0x00, 0x00, 0x00, 0x00, 0x00, 0x00, 0x00, 0x00, 0x00, 0x00, 0x00,
    0x00, 0x00, 0x00, 0x00, 0x00, 0x00, 0x00, 0x00, 0x00, 0x00, 0x00, 0x00,
    0x00, 0x00, 0x00, 0x00, 0x00, 0x00, 0x00, 0x00, 0x00, 0x00, 0x00, 0x00,
    0x00, 0x00, 0x00, 0x00, 0x00, 0x00, 0x00, 0x00, 0x00, 0x00, 0x00, 0x00,
    0x00, 0x00, 0x00, 0x00, 0x00, 0x00, 0x00, 0x00, 0x00, 0x00, 0x00, 0x00,
    0x00, 0x00, 0x00, 0x00, 0x00, 0x00, 0x00, 0x00, 0x00, 0x00, 0x00, 0x00,
    0x00, 0x00, 0x00, 0x00, 0x00, 0x00, 0x00, 0x00, 0x00, 0x00, 0x00, 0x00,
    0x00, 0x00, 0x00, 0x00, 0x00, 0x00, 0x00, 0x00, 0xf8, 0xfc, 0xf8, 0x14,
    0xf8, 0xfc, 0xf8, 0x34, 0xf8, 0xfc, 0xf8, 0x34, 0xf8, 0xfc, 0xf8, 0x30,
    0xf8, 0xfc, 0xf8, 0x34, 0xf8, 0xfc, 0xf8, 0x34, 0xf8, 0xfc, 0xf8, 0x34,
    0xf8, 0xfc, 0xf8, 0x34, 0xf8, 0xfc, 0xf8, 0x30, 0xf8, 0xfc, 0xf8, 0x34,
    0xf8, 0xfc, 0xf8, 0x34, 0xf8, 0xfc, 0xf8, 0x34, 0xf8, 0xfc, 0xf8, 0x30,
    0xf8, 0xfc, 0xf8, 0x34, 0xf8, 0xfc, 0xf8, 0x34, 0xf8, 0xfc, 0xf8, 0x30,
    0xf8, 0xfc, 0xf8, 0x34, 0xf8, 0xfc, 0xf8, 0x34, 0xf8, 0xfc, 0xf8, 0x34,
    0xf8, 0xfc, 0xf8, 0x30, 0xf8, 0xfc, 0xf8, 0x30, 0x00, 0x00, 0x00, 0x00,
    0x00, 0x00, 0x00, 0x00, 0xf8, 0xfc, 0xf8, 0x28, 0xf8, 0xfc, 0xf8, 0x34,
    0xf8, 0xfc, 0xf8, 0x34, 0xf8, 0xfc, 0xf8, 0x30, 0xf8, 0xfc, 0xf8, 0x34,
    0xf8, 0xfc, 0xf8, 0x34, 0xf8, 0xfc, 0xf8, 0x30, 0xf8, 0xfc, 0xf8, 0x34,
    0xf8, 0xfc, 0xf8, 0x34, 0xf8, 0xfc, 0xf8, 0x30, 0xf8, 0xfc, 0xf8, 0x34,
    0xf8, 0xfc, 0xf8, 0x34, 0xf8, 0xfc, 0xf8, 0x34, 0xf8, 0xfc, 0xf8, 0x30,
    0xf8, 0xfc, 0xf8, 0x34, 0xf8, 0xfc, 0xf8, 0x30, 0xf8, 0xfc, 0xf8, 0x34,
    0xf8, 0xfc, 0xf8, 0x30, 0xf8, 0xfc, 0xf8, 0x34, 0xf8, 0xfc, 0xf8, 0x34,
    0xf8, 0xfc, 0xf8, 0x20, 0x00, 0x00, 0x00, 0x00, 0x00, 0x00, 0x00, 0x00,
    0x00, 0x00, 0x00, 0x00, 0x00, 0x00, 0x00, 0x00, 0x00, 0x00, 0x00, 0x00,
    0x00, 0x00, 0x00, 0x00, 0x00, 0x00, 0x00, 0x00, 0x00, 0x00, 0x00, 0x00,
    0x00, 0x00, 0x00, 0x00, 0x00, 0x00, 0x00, 0x00, 0x00, 0x00, 0x00, 0x00,
    0x00, 0x00, 0x00, 0x00, 0x00, 0x00, 0x00, 0x00, 0x00, 0x00, 0x00, 0x00,
    0x00, 0x00, 0x00, 0x00, 0x00, 0x00, 0x00, 0x00, 0x00, 0x00, 0x00, 0x00,
    0x00, 0x00, 0x00, 0x00, 0x00, 0x00, 0x00, 0x00, 0x00, 0x00, 0x00, 0x00,
    0x00, 0x00, 0x00, 0x00, 0x00, 0x00, 0x00, 0x00, 0x00, 0x00, 0x00, 0x00,
    0x00, 0x00, 0x00, 0x00, 0x00, 0x00, 0x00, 0x00, 0x00, 0x00, 0x00, 0x00,
    0x00, 0x00, 0x00, 0x00, 0x00, 0x00, 0x00, 0x00, 0x00, 0x00, 0x00, 0x00,
    0x00, 0x00, 0x00, 0x00, 0x00, 0x00, 0x00, 0x00, 0x00, 0x00, 0x00, 0x00,
    0x00, 0x00, 0x00, 0x00, 0x00, 0x00, 0x00, 0x00, 0x00, 0x00, 0x00, 0x00,
    0x00, 0x00, 0x00, 0x00, 0x00, 0x00, 0x00, 0x00, 0x00, 0x00, 0x00, 0x00,
    0x00, 0x00, 0x00, 0x00, 0x00, 0x00, 0x00, 0x00, 0x00, 0x00, 0x00, 0x00,
    0x00, 0x00, 0x00, 0x00, 0x00, 0x00, 0x00, 0x00, 0x00, 0x00, 0x00, 0x00,
    0x00, 0x00, 0x00, 0x00, 0x00, 0x00, 0x00, 0x00, 0x00, 0x00, 0x00, 0x00,
    0x00, 0x00, 0x00, 0x00, 0x00, 0x00, 0x00, 0x00, 0x00, 0x00, 0x00, 0x00,
    0x00, 0x00, 0x00, 0x00, 0x00, 0x00, 0x00, 0x00, 0x00, 0x00, 0x00, 0x00,
    0x00, 0x00, 0x00, 0x00, 0x00, 0x00, 0x00, 0x00, 0x00, 0x00, 0x00, 0x00,
    0x00, 0x00, 0x00, 0x00, 0x00, 0x00, 0x00, 0x00, 0x00, 0x00, 0x00, 0x00,
    0x00, 0x00, 0x00, 0x00, 0x00, 0x00, 0x00, 0x00, 0x00, 0x00, 0x00, 0x00,
    0x00, 0x00, 0x00, 0x00, 0x00, 0x00, 0x00, 0x00, 0x00, 0x00, 0x00, 0x00,
    0x00, 0x00, 0x00, 0x00, 0x00, 0x00, 0x00, 0x00, 0x00, 0x00, 0x00, 0x00,
    0x00, 0x00, 0x00, 0x00, 0x00, 0x00, 0x00, 0x00, 0x00, 0x00, 0x00, 0x00,
    0x00, 0x00, 0x00, 0x00, 0x00, 0x00, 0x00, 0x00, 0x00, 0x00, 0x00, 0x00,
    0x00, 0x00, 0x00, 0x00, 0x00, 0x00, 0x00, 0x00, 0x00, 0x00, 0x00, 0x00,
    0x00, 0x00, 0x00, 0x00, 0x00, 0x00, 0x00, 0x00, 0x00, 0x00, 0x00, 0x00,
    0x00, 0x00, 0x00, 0x00, 0x00, 0x00, 0x00, 0x00, 0x00, 0x00, 0x00, 0x00,
    0x00, 0x00, 0x00, 0x00, 0x00, 0x00, 0x00, 0x00, 0x00, 0x00, 0x00, 0x00,
    0x00, 0x00, 0x00, 0x00, 0x00, 0x00, 0x00, 0x00, 0x00, 0x00, 0x00, 0x00,
    0x00, 0x00, 0x00, 0x00, 0x00, 0x00, 0x00, 0x00, 0x00, 0x00, 0x00, 0x00,
    0x00, 0x00, 0x00, 0x00, 0x00, 0x00, 0x00, 0x00, 0x00, 0x00, 0x00, 0x00,
    0x00, 0x00, 0x00, 0x00, 0x00, 0x00, 0x00, 0x00, 0x00, 0x00, 0x00, 0x00,
    0x00, 0x00, 0x00, 0x00, 0x00, 0x00, 0x00, 0x00, 0x00, 0x00, 0x00, 0x00,
    0x00, 0x00, 0x00, 0x00, 0x00, 0x00, 0x00, 0x00, 0x00, 0x00, 0x00, 0x00,
    0x00, 0x00, 0x00, 0x00, 0x00, 0x00, 0x00, 0x00, 0xf8, 0xfc, 0xf8, 0x24,
    0xf8, 0xfc, 0xf8, 0x34, 0xf8, 0xfc, 0xf8, 0x34, 0xf8, 0xfc, 0xf8, 0x30,
    0xf8, 0xfc, 0xf8, 0x34, 0xf8, 0xfc, 0xf8, 0x34, 0xf8, 0xfc, 0xf8, 0x30,
    0xf8, 0xfc, 0xf8, 0x34, 0xf8, 0xfc, 0xf8, 0x34, 0xf8, 0xfc, 0xf8, 0x34,
    0xf8, 0xfc, 0xf8, 0x34, 0xf8, 0xfc, 0xf8, 0x34, 0xf8, 0xfc, 0xf8, 0x34,
    0xf8, 0xfc, 0xf8, 0x34, 0xf8, 0xfc, 0xf8, 0x34, 0xf8, 0xfc, 0xf8, 0x34,
    0xf8, 0xfc, 0xf8, 0x30, 0xf8, 0xfc, 0xf8, 0x34, 0xf8, 0xfc, 0xf8, 0x34,
    0xf8, 0xfc, 0xf8, 0x34, 0xf8, 0xfc, 0xf8, 0x24, 0x00, 0x00, 0x00, 0x00,
    0x00, 0x00, 0x00, 0x00, 0xf8, 0xfc, 0xf8, 0x20, 0xf8, 0xfc, 0xf8, 0x34,
    0xf8, 0xfc, 0xf8, 0x34, 0xf8, 0xfc, 0xf8, 0x34, 0xf8, 0xfc, 0xf8, 0x30,
    0xf8, 0xfc, 0xf8, 0x34, 0xf8, 0xfc, 0xf8, 0x34, 0xf8, 0xfc, 0xf8, 0x34,
    0xf8, 0xfc, 0xf8, 0x34, 0xf8, 0xfc, 0xf8, 0x34, 0xf8, 0xfc, 0xf8, 0x34,
    0xf8, 0xfc, 0xf8, 0x34, 0xf8, 0xfc, 0xf8, 0x34, 0xf8, 0xfc, 0xf8, 0x34,
    0xf8, 0xfc, 0xf8, 0x34, 0xf8, 0xfc, 0xf8, 0x34, 0xf8, 0xfc, 0xf8, 0x30,
    0xf8, 0xfc, 0xf8, 0x34, 0xf8, 0xfc, 0xf8, 0x34, 0xf8, 0xfc, 0xf8, 0x34,
    0xf8, 0xfc, 0xf8, 0x30, 0x00, 0x00, 0x00, 0x00, 0x00, 0x00, 0x00, 0x00,
    0x00, 0x00, 0x00, 0x00, 0x00, 0x00, 0x00, 0x00, 0x00, 0x00, 0x00, 0x00,
    0x00, 0x00, 0x00, 0x00, 0x00, 0x00, 0x00, 0x00, 0x00, 0x00, 0x00, 0x00,
    0x00, 0x00, 0x00, 0x00, 0x00, 0x00, 0x00, 0x00, 0x00, 0x00, 0x00, 0x00,
    0x00, 0x00, 0x00, 0x00, 0x00, 0x00, 0x00, 0x00, 0x00, 0x00, 0x00, 0x00,
    0x00, 0x00, 0x00, 0x00, 0x00, 0x00, 0x00, 0x00, 0x00, 0x00, 0x00, 0x00,
    0x00, 0x00, 0x00, 0x00, 0x00, 0x00, 0x00, 0x00, 0x00, 0x00, 0x00, 0x00,
    0x00, 0x00, 0x00, 0x00, 0x00, 0x00, 0x00, 0x00, 0x00, 0x00, 0x00, 0x00,
    0x00, 0x00, 0x00, 0x00, 0x00, 0x00, 0x00, 0x00, 0x00, 0x00, 0x00, 0x00,
    0x00, 0x00, 0x00, 0x00, 0x00, 0x00, 0x00, 0x00, 0x00, 0x00, 0x00, 0x00,
    0x00, 0x00, 0x00, 0x00, 0x00, 0x00, 0x00, 0x00, 0x00, 0x00, 0x00, 0x00,
    0x00, 0x00, 0x00, 0x00, 0x00, 0x00, 0x00, 0x00, 0x00, 0x00, 0x00, 0x00,
    0x00, 0x00, 0x00, 0x00, 0x00, 0x00, 0x00, 0x00, 0x00, 0x00, 0x00, 0x00,
    0x00, 0x00, 0x00, 0x00, 0x00, 0x00, 0x00, 0x00, 0x00, 0x00, 0x00, 0x00,
    0x00, 0x00, 0x00, 0x00, 0x00, 0x00, 0x00, 0x00, 0x00, 0x00, 0x00, 0x00,
    0x00, 0x00, 0x00, 0x00, 0x00, 0x00, 0x00, 0x00, 0x00, 0x00, 0x00, 0x00,
    0x00, 0x00, 0x00, 0x00, 0x00, 0x00, 0x00, 0x00, 0x00, 0x00, 0x00, 0x00,
    0x00, 0x00, 0x00, 0x00, 0x00, 0x00, 0x00, 0x00, 0x00, 0x00, 0x00, 0x00,
    0x00, 0x00, 0x00, 0x00, 0x00, 0x00, 0x00, 0x00, 0x00, 0x00, 0x00, 0x00,
    0x00, 0x00, 0x00, 0x00, 0x00, 0x00, 0x00, 0x00, 0x00, 0x00, 0x00, 0x00,
    0x00, 0x00, 0x00, 0x00, 0x00, 0x00, 0x00, 0x00, 0x00, 0x00, 0x00, 0x00,
    0x00, 0x00, 0x00, 0x00, 0x00, 0x00, 0x00, 0x00, 0x00, 0x00, 0x00, 0x00,
    0x00, 0x00, 0x00, 0x00, 0x00, 0x00, 0x00, 0x00, 0x00, 0x00, 0x00, 0x00,
    0x00, 0x00, 0x00, 0x00, 0x00, 0x00, 0x00, 0x00, 0x00, 0x00, 0x00, 0x00,
    0x00, 0x00, 0x00, 0x00, 0x00, 0x00, 0x00, 0x00, 0x00, 0x00, 0x00, 0x00,
    0x00, 0x00, 0x00, 0x00, 0x00, 0x00, 0x00, 0x00, 0x00, 0x00, 0x00, 0x00,
    0x00, 0x00, 0x00, 0x00, 0x00, 0x00, 0x00, 0x00, 0x00, 0x00, 0x00, 0x00,
    0x00, 0x00, 0x00, 0x00, 0x00, 0x00, 0x00, 0x00, 0x00, 0x00, 0x00, 0x00,
    0x00, 0x00, 0x00, 0x00, 0x00, 0x00, 0x00, 0x00, 0x00, 0x00, 0x00, 0x00,
    0x00, 0x00, 0x00, 0x00, 0x00, 0x00, 0x00, 0x00, 0x00, 0x00, 0x00, 0x00,
    0x00, 0x00, 0x00, 0x00, 0x00, 0x00, 0x00, 0x00, 0x00, 0x00, 0x00, 0x00,
    0x00, 0x00, 0x00, 0x00, 0x00, 0x00, 0x00, 0x00, 0x00, 0x00, 0x00, 0x00,
    0x00, 0x00, 0x00, 0x00, 0x00, 0x00, 0x00, 0x00, 0x00, 0x00, 0x00, 0x00,
    0x00, 0x00, 0x00, 0x00, 0x00, 0x00, 0x00, 0x00, 0x00, 0x00, 0x00, 0x00,
    0x00, 0x00, 0x00, 0x00, 0x00, 0x00, 0x00, 0x00, 0x00, 0x00, 0x00, 0x00,
    0x00, 0x00, 0x00, 0x00, 0x00, 0x00, 0x00, 0x00, 0xf8, 0xfc, 0xf8, 0x30,
    0xf8, 0xfc, 0xf8, 0x34, 0xf8, 0xfc, 0xf8, 0x34, 0xf8, 0xfc, 0xf8, 0x34,
    0xf8, 0xfc, 0xf8, 0x34, 0xf8, 0xfc, 0xf8, 0x30, 0xf8, 0xfc, 0xf8, 0x34,
    0xf8, 0xfc, 0xf8, 0x34, 0xf8, 0xfc, 0xf8, 0x30, 0xf8, 0xfc, 0xf8, 0x34,
    0xf8, 0xfc, 0xf8, 0x30, 0xf8, 0xfc, 0xf8, 0x34, 0xf8, 0xfc, 0xf8, 0x30,
    0xf8, 0xfc, 0xf8, 0x34, 0xf8, 0xfc, 0xf8, 0x34, 0xf8, 0xfc, 0xf8, 0x30,
    0xf8, 0xfc, 0xf8, 0x34, 0xf8, 0xfc, 0xf8, 0x34, 0xf8, 0xfc, 0xf8, 0x34,
    0xf8, 0xfc, 0xf8, 0x34, 0xf8, 0xfc, 0xf8, 0x1c, 0x00, 0x00, 0x00, 0x00,
    0x00, 0x00, 0x00, 0x00, 0xf8, 0xfc, 0xf8, 0x14, 0xf8, 0xfc, 0xf8, 0x30,
    0xf8, 0xfc, 0xf8, 0x34, 0xf8, 0xfc, 0xf8, 0x34, 0xf8, 0xfc, 0xf8, 0x34,
    0xf8, 0xfc, 0xf8, 0x34, 0xf8, 0xfc, 0xf8, 0x30, 0xf8, 0xfc, 0xf8, 0x34,
    0xf8, 0xfc, 0xf8, 0x34, 0xf8, 0xfc, 0xf8, 0x30, 0xf8, 0xfc, 0xf8, 0x30,
    0xf8, 0xfc, 0xf8, 0x34, 0xf8, 0xfc, 0xf8, 0x30, 0xf8, 0xfc, 0xf8, 0x34,
    0xf8, 0xfc, 0xf8, 0x34, 0xf8, 0xfc, 0xf8, 0x34, 0xf8, 0xfc, 0xf8, 0x34,
    0xf8, 0xfc, 0xf8, 0x34, 0xf8, 0xfc, 0xf8, 0x30, 0xf8, 0xfc, 0xf8, 0x34,
    0xf8, 0xfc, 0xf8, 0x34, 0xf8, 0xfc, 0xf8, 0x0c, 0x00, 0x00, 0x00, 0x00,
    0x00, 0x00, 0x00, 0x00, 0x00, 0x00, 0x00, 0x00, 0x00, 0x00, 0x00, 0x00,
    0x00, 0x00, 0x00, 0x00, 0x00, 0x00, 0x00, 0x00, 0x00, 0x00, 0x00, 0x00,
    0x00, 0x00, 0x00, 0x00, 0x00, 0x00, 0x00, 0x00, 0x00, 0x00, 0x00, 0x00,
    0x00, 0x00, 0x00, 0x00, 0x00, 0x00, 0x00, 0x00, 0x00, 0x00, 0x00, 0x00,
    0x00, 0x00, 0x00, 0x00, 0x00, 0x00, 0x00, 0x00, 0x00, 0x00, 0x00, 0x00,
    0x00, 0x00, 0x00, 0x00, 0x00, 0x00, 0x00, 0x00, 0x00, 0x00, 0x00, 0x00,
    0x00, 0x00, 0x00, 0x00, 0x00, 0x00, 0x00, 0x00, 0x00, 0x00, 0x00, 0x00,
    0x00, 0x00, 0x00, 0x00, 0x00, 0x00, 0x00, 0x00, 0x00, 0x00, 0x00, 0x00,
    0x00, 0x00, 0x00, 0x00, 0x00, 0x00, 0x00, 0x00, 0x00, 0x00, 0x00, 0x00,
    0x00, 0x00, 0x00, 0x00, 0x00, 0x00, 0x00, 0x00, 0x00, 0x00, 0x00, 0x00,
    0x00, 0x00, 0x00, 0x00, 0x00, 0x00, 0x00, 0x00, 0x00, 0x00, 0x00, 0x00,
    0x00, 0x00, 0x00, 0x00, 0x00, 0x00, 0x00, 0x00, 0x00, 0x00, 0x00, 0x00,
    0x00, 0x00, 0x00, 0x00, 0x00, 0x00, 0x00, 0x00, 0x00, 0x00, 0x00, 0x00,
    0x00, 0x00, 0x00, 0x00, 0x00, 0x00, 0x00, 0x00, 0x00, 0x00, 0x00, 0x00,
    0x00, 0x00, 0x00, 0x00, 0x00, 0x00, 0x00, 0x00, 0x00, 0x00, 0x00, 0x00,
    0x00, 0x00, 0x00, 0x00, 0x00, 0x00, 0x00, 0x00, 0x00, 0x00, 0x00, 0x00,
    0x00, 0x00, 0x00, 0x00, 0x00, 0x00, 0x00, 0x00, 0x00, 0x00, 0x00, 0x00,
    0x00, 0x00, 0x00, 0x00, 0x00, 0x00, 0x00, 0x00, 0x00, 0x00, 0x00, 0x00,
    0x00, 0x00, 0x00, 0x00, 0x00, 0x00, 0x00, 0x00, 0x00, 0x00, 0x00, 0x00,
    0x00, 0x00, 0x00, 0x00, 0x00, 0x00, 0x00, 0x00, 0x00, 0x00, 0x00, 0x00,
    0x00, 0x00, 0x00, 0x00, 0x00, 0x00, 0x00, 0x00, 0x00, 0x00, 0x00, 0x00,
    0x00, 0x00, 0x00, 0x00, 0x00, 0x00, 0x00, 0x00, 0x00, 0x00, 0x00, 0x00,
    0x00, 0x00, 0x00, 0x00, 0x00, 0x00, 0x00, 0x00, 0x00, 0x00, 0x00, 0x00,
    0x00, 0x00, 0x00, 0x00, 0x00, 0x00, 0x00, 0x00, 0x00, 0x00, 0x00, 0x00,
    0x00, 0x00, 0x00, 0x00, 0x00, 0x00, 0x00, 0x00, 0x00, 0x00, 0x00, 0x00,
    0x00, 0x00, 0x00, 0x00, 0x00, 0x00, 0x00, 0x00, 0x00, 0x00, 0x00, 0x00,
    0x00, 0x00, 0x00, 0x00, 0x00, 0x00, 0x00, 0x00, 0x00, 0x00, 0x00, 0x00,
    0x00, 0x00, 0x00, 0x00, 0x00, 0x00, 0x00, 0x00, 0x00, 0x00, 0x00, 0x00,
    0x00, 0x00, 0x00, 0x00, 0x00, 0x00, 0x00, 0x00, 0x00, 0x00, 0x00, 0x00,
    0x00, 0x00, 0x00, 0x00, 0x00, 0x00, 0x00, 0x00, 0x00, 0x00, 0x00, 0x00,
    0x00, 0x00, 0x00, 0x00, 0x00, 0x00, 0x00, 0x00, 0x00, 0x00, 0x00, 0x00,
    0x00, 0x00, 0x00, 0x00, 0x00, 0x00, 0x00, 0x00, 0x00, 0x00, 0x00, 0x00,
    0x00, 0x00, 0x00, 0x00, 0x00, 0x00, 0x00, 0x00, 0x00, 0x00, 0x00, 0x00,
    0x00, 0x00, 0x00, 0x00, 0x00, 0x00, 0x00, 0x00, 0x00, 0x00, 0x00, 0x00,
    0x00, 0x00, 0x00, 0x00, 0xf8, 0xfc, 0xf8, 0x0c, 0xf8, 0xfc, 0xf8, 0x34,
    0xf8, 0xfc, 0xf8, 0x30, 0xf8, 0xfc, 0xf8, 0x34, 0xf8, 0xfc, 0xf8, 0x34,
    0xf8, 0xfc, 0xf8, 0x30, 0xf8, 0xfc, 0xf8, 0x34, 0xf8, 0xfc, 0xf8, 0x34,
    0xf8, 0xfc, 0xf8, 0x34, 0xf8, 0xfc, 0xf8, 0x34, 0xf8, 0xfc, 0xf8, 0x34,
    0xf8, 0xfc, 0xf8, 0x34, 0xf8, 0xfc, 0xf8, 0x30, 0xf8, 0xfc, 0xf8, 0x34,
    0xf8, 0xfc, 0xf8, 0x34, 0xf8, 0xfc, 0xf8, 0x30, 0xf8, 0xfc, 0xf8, 0x34,
    0xf8, 0xfc, 0xf8, 0x34, 0xf8, 0xfc, 0xf8, 0x30, 0xf8, 0xfc, 0xf8, 0x34,
    0xf8, 0xfc, 0xf8, 0x30, 0xf8, 0xfc, 0xf8, 0x14, 0x00, 0x00, 0x00, 0x00,
    0x00, 0x00, 0x00, 0x00, 0xf8, 0xfc, 0xf8, 0x08, 0xf8, 0xfc, 0xf8, 0x34,
    0xf8, 0xfc, 0xf8, 0x34, 0xf8, 0xfc, 0xf8, 0x30, 0xf8, 0xfc, 0xf8, 0x34,
    0xf8, 0xfc, 0xf8, 0x34, 0xf8, 0xfc, 0xf8, 0x30, 0xf8, 0xfc, 0xf8, 0x34,
    0xf8, 0xfc, 0xf8, 0x34, 0xf8, 0xfc, 0xf8, 0x34, 0xf8, 0xfc, 0xf8, 0x34,
    0xf8, 0xfc, 0xf8, 0x34, 0xf8, 0xfc, 0xf8, 0x30, 0xf8, 0xfc, 0xf8, 0x34,
    0xf8, 0xfc, 0xf8, 0x30, 0xf8, 0xfc, 0xf8, 0x30, 0xf8, 0xfc, 0xf8, 0x34,
    0xf8, 0xfc, 0xf8, 0x34, 0xf8, 0xfc, 0xf8, 0x30, 0xf8, 0xfc, 0xf8, 0x34,
    0xf8, 0xfc, 0xf8, 0x34, 0xf8, 0xfc, 0xf8, 0x18, 0x00, 0x00, 0x00, 0x00,
    0x00, 0x00, 0x00, 0x00, 0x00, 0x00, 0x00, 0x00, 0x00, 0x00, 0x00, 0x00,
    0x00, 0x00, 0x00, 0x00, 0x00, 0x00, 0x00, 0x00, 0x00, 0x00, 0x00, 0x00,
    0x00, 0x00, 0x00, 0x00, 0x00, 0x00, 0x00, 0x00, 0x00, 0x00, 0x00, 0x00,
    0x00, 0x00, 0x00, 0x00, 0x00, 0x00, 0x00, 0x00, 0x00, 0x00, 0x00, 0x00,
    0x00, 0x00, 0x00, 0x00, 0x00, 0x00, 0x00, 0x00, 0x00, 0x00, 0x00, 0x00,
    0x00, 0x00, 0x00, 0x00, 0x00, 0x00, 0x00, 0x00, 0x00, 0x00, 0x00, 0x00,
    0x00, 0x00, 0x00, 0x00, 0x00, 0x00, 0x00, 0x00, 0x00, 0x00, 0x00, 0x00,
    0x00, 0x00, 0x00, 0x00, 0x00, 0x00, 0x00, 0x00, 0x00, 0x00, 0x00, 0x00,
    0x00, 0x00, 0x00, 0x00, 0x00, 0x00, 0x00, 0x00, 0x00, 0x00, 0x00, 0x00,
    0x00, 0x00, 0x00, 0x00, 0x00, 0x00, 0x00, 0x00, 0x00, 0x00, 0x00, 0x00,
    0x00, 0x00, 0x00, 0x00, 0x00, 0x00, 0x00, 0x00, 0x00, 0x00, 0x00, 0x00,
    0x00, 0x00, 0x00, 0x00, 0x00, 0x00, 0x00, 0x00, 0x00, 0x00, 0x00, 0x00,
    0x00, 0x00, 0x00, 0x00, 0x00, 0x00, 0x00, 0x00, 0x00, 0x00, 0x00, 0x00,
    0x00, 0x00, 0x00, 0x00, 0x00, 0x00, 0x00, 0x00, 0x00, 0x00, 0x00, 0x00,
    0x00, 0x00, 0x00, 0x00, 0x00, 0x00, 0x00, 0x00, 0x00, 0x00, 0x00, 0x00,
    0x00, 0x00, 0x00, 0x00, 0x00, 0x00, 0x00, 0x00, 0x00, 0x00, 0x00, 0x00,
    0x00, 0x00, 0x00, 0x00, 0x00, 0x00, 0x00, 0x00, 0x00, 0x00, 0x00, 0x00,
    0x00, 0x00, 0x00, 0x00, 0x00, 0x00, 0x00, 0x00, 0x00, 0x00, 0x00, 0x00,
    0x00, 0x00, 0x00, 0x00, 0x00, 0x00, 0x00, 0x00, 0x00, 0x00, 0x00, 0x00,
    0x00, 0x00, 0x00, 0x00, 0x00, 0x00, 0x00, 0x00, 0x00, 0x00, 0x00, 0x00,
    0x00, 0x00, 0x00, 0x00, 0x00, 0x00, 0x00, 0x00, 0x00, 0x00, 0x00, 0x00,
    0x00, 0x00, 0x00, 0x00, 0x00, 0x00, 0x00, 0x00, 0x00, 0x00, 0x00, 0x00,
    0x00, 0x00, 0x00, 0x00, 0x00, 0x00, 0x00, 0x00, 0x00, 0x00, 0x00, 0x00,
    0x00, 0x00, 0x00, 0x00, 0x00, 0x00, 0x00, 0x00, 0x00, 0x00, 0x00, 0x00,
    0x00, 0x00, 0x00, 0x00, 0x00, 0x00, 0x00, 0x00, 0x00, 0x00, 0x00, 0x00,
    0x00, 0x00, 0x00, 0x00, 0x00, 0x00, 0x00, 0x00, 0x00, 0x00, 0x00, 0x00,
    0x00, 0x00, 0x00, 0x00, 0x00, 0x00, 0x00, 0x00, 0x00, 0x00, 0x00, 0x00,
    0x00, 0x00, 0x00, 0x00, 0x00, 0x00, 0x00, 0x00, 0x00, 0x00, 0x00, 0x00,
    0x00, 0x00, 0x00, 0x00, 0x00, 0x00, 0x00, 0x00, 0x00, 0x00, 0x00, 0x00,
    0x00, 0x00, 0x00, 0x00, 0x00, 0x00, 0x00, 0x00, 0x00, 0x00, 0x00, 0x00,
    0x00, 0x00, 0x00, 0x00, 0x00, 0x00, 0x00, 0x00, 0x00, 0x00, 0x00, 0x00,
    0x00, 0x00, 0x00, 0x00, 0x00, 0x00, 0x00, 0x00, 0x00, 0x00, 0x00, 0x00,
    0x00, 0x00, 0x00, 0x00, 0x00, 0x00, 0x00, 0x00, 0x00, 0x00, 0x00, 0x00,
    0x00, 0x00, 0x00, 0x00, 0x00, 0x00, 0x00, 0x00, 0x00, 0x00, 0x00, 0x00,
    0x00, 0x00, 0x00, 0x00, 0xf8, 0xfc, 0xf8, 0x1c, 0xf8, 0xfc, 0xf8, 0x34,
    0xf8, 0xfc, 0xf8, 0x34, 0xf8, 0xfc, 0xf8, 0x30, 0xf8, 0xfc, 0xf8, 0x34,
    0xf8, 0xfc, 0xf8, 0x34, 0xf8, 0xfc, 0xf8, 0x34, 0xf8, 0xfc, 0xf8, 0x30,
    0xf8, 0xfc, 0xf8, 0x34, 0xf8, 0xfc, 0xf8, 0x34, 0xf8, 0xfc, 0xf8, 0x30,
    0xf8, 0xfc, 0xf8, 0x34, 0xf8, 0xfc, 0xf8, 0x34, 0xf8, 0xfc, 0xf8, 0x34,
    0xf8, 0xfc, 0xf8, 0x34, 0xf8, 0xfc, 0xf8, 0x34, 0xf8, 0xfc, 0xf8, 0x34,
    0xf8, 0xfc, 0xf8, 0x34, 0xf8, 0xfc, 0xf8, 0x34, 0xf8, 0xfc, 0xf8, 0x30,
    0xf8, 0xfc, 0xf8, 0x34, 0xf8, 0xfc, 0xf8, 0x08, 0x00, 0x00, 0x00, 0x00,
    0x00, 0x00, 0x00, 0x00, 0x00, 0x00, 0x00, 0x00, 0xf8, 0xfc, 0xf8, 0x30,
    0xf8, 0xfc, 0xf8, 0x34, 0xf8, 0xfc, 0xf8, 0x34, 0xf8, 0xfc, 0xf8, 0x30,
    0xf8, 0xfc, 0xf8, 0x34, 0xf8, 0xfc, 0xf8, 0x34, 0xf8, 0xfc, 0xf8, 0x34,
    0xf8, 0xfc, 0xf8, 0x30, 0xf8, 0xfc, 0xf8, 0x34, 0xf8, 0xfc, 0xf8, 0x34,
    0xf8, 0xfc, 0xf8, 0x34, 0xf8, 0xfc, 0xf8, 0x34, 0xf8, 0xfc, 0xf8, 0x34,
    0xf8, 0xfc, 0xf8, 0x34, 0xf8, 0xfc, 0xf8, 0x34, 0xf8, 0xfc, 0xf8, 0x34,
    0xf8, 0xfc, 0xf8, 0x34, 0xf8, 0xfc, 0xf8, 0x34, 0xf8, 0xfc, 0xf8, 0x30,
    0xf8, 0xfc, 0xf8, 0x34, 0xf8, 0xfc, 0xf8, 0x2c, 0x00, 0x00, 0x00, 0x00,
    0x00, 0x00, 0x00, 0x00, 0x00, 0x00, 0x00, 0x00, 0x00, 0x00, 0x00, 0x00,
    0x00, 0x00, 0x00, 0x00, 0x00, 0x00, 0x00, 0x00, 0x00, 0x00, 0x00, 0x00,
    0x00, 0x00, 0x00, 0x00, 0x00, 0x00, 0x00, 0x00, 0x00, 0x00, 0x00, 0x00,
    0x00, 0x00, 0x00, 0x00, 0x00, 0x00, 0x00, 0x00, 0x00, 0x00, 0x00, 0x00,
    0x00, 0x00, 0x00, 0x00, 0x00, 0x00, 0x00, 0x00, 0x00, 0x00, 0x00, 0x00,
    0x00, 0x00, 0x00, 0x00, 0x00, 0x00, 0x00, 0x00, 0x00, 0x00, 0x00, 0x00,
    0x00, 0x00, 0x00, 0x00, 0x00, 0x00, 0x00, 0x00, 0x00, 0x00, 0x00, 0x00,
    0x00, 0x00, 0x00, 0x00, 0x00, 0x00, 0x00, 0x00, 0x00, 0x00, 0x00, 0x00,
    0x00, 0x00, 0x00, 0x00, 0x00, 0x00, 0x00, 0x00, 0x00, 0x00, 0x00, 0x00,
    0x00, 0x00, 0x00, 0x00, 0x00, 0x00, 0x00, 0x00, 0x00, 0x00, 0x00, 0x00,
    0x00, 0x00, 0x00, 0x00, 0x00, 0x00, 0x00, 0x00, 0x00, 0x00, 0x00, 0x00,
    0x00, 0x00, 0x00, 0x00, 0x00, 0x00, 0x00, 0x00, 0x00, 0x00, 0x00, 0x00,
    0x00, 0x00, 0x00, 0x00, 0x00, 0x00, 0x00, 0x00, 0x00, 0x00, 0x00, 0x00,
    0x00, 0x00, 0x00, 0x00, 0x00, 0x00, 0x00, 0x00, 0x00, 0x00, 0x00, 0x00,
    0x00, 0x00, 0x00, 0x00, 0x00, 0x00, 0x00, 0x00, 0x00, 0x00, 0x00, 0x00,
    0x00, 0x00, 0x00, 0x00, 0x00, 0x00, 0x00, 0x00, 0x00, 0x00, 0x00, 0x00,
    0x00, 0x00, 0x00, 0x00, 0x00, 0x00, 0x00, 0x00, 0x00, 0x00, 0x00, 0x00,
    0x00, 0x00, 0x00, 0x00, 0x00, 0x00, 0x00, 0x00, 0x00, 0x00, 0x00, 0x00,
    0x00, 0x00, 0x00, 0x00, 0x00, 0x00, 0x00, 0x00, 0x00, 0x00, 0x00, 0x00,
    0x00, 0x00, 0x00, 0x00, 0x00, 0x00, 0x00, 0x00, 0x00, 0x00, 0x00, 0x00,
    0x00, 0x00, 0x00, 0x00, 0x00, 0x00, 0x00, 0x00, 0x00, 0x00, 0x00, 0x00,
    0x00, 0x00, 0x00, 0x00, 0x00, 0x00, 0x00, 0x00, 0x00, 0x00, 0x00, 0x00,
    0x00, 0x00, 0x00, 0x00, 0x00, 0x00, 0x00, 0x00, 0x00, 0x00, 0x00, 0x00,
    0x00, 0x00, 0x00, 0x00, 0x00, 0x00, 0x00, 0x00, 0x00, 0x00, 0x00, 0x00,
    0x00, 0x00, 0x00, 0x00, 0x00, 0x00, 0x00, 0x00, 0x00, 0x00, 0x00, 0x00,
    0x00, 0x00, 0x00, 0x00, 0x00, 0x00, 0x00, 0x00, 0x00, 0x00, 0x00, 0x00,
    0x00, 0x00, 0x00, 0x00, 0x00, 0x00, 0x00, 0x00, 0x00, 0x00, 0x00, 0x00,
    0x00, 0x00, 0x00, 0x00, 0x00, 0x00, 0x00, 0x00, 0x00, 0x00, 0x00, 0x00,
    0x00, 0x00, 0x00, 0x00, 0x00, 0x00, 0x00, 0x00, 0x00, 0x00, 0x00, 0x00,
    0x00, 0x00, 0x00, 0x00, 0x00, 0x00, 0x00, 0x00, 0x00, 0x00, 0x00, 0x00,
    0x00, 0x00, 0x00, 0x00, 0x00, 0x00, 0x00, 0x00, 0x00, 0x00, 0x00, 0x00,
    0x00, 0x00, 0x00, 0x00, 0x00, 0x00, 0x00, 0x00, 0x00, 0x00, 0x00, 0x00,
    0x00, 0x00, 0x00, 0x00, 0x00, 0x00, 0x00, 0x00, 0x00, 0x00, 0x00, 0x00,
    0x00, 0x00, 0x00, 0x00, 0x00, 0x00, 0x00, 0x00, 0x00, 0x00, 0x00, 0x00,
    0x00, 0x00, 0x00, 0x00, 0xf8, 0xfc, 0xf8, 0x2c, 0xf8, 0xfc, 0xf8, 0x34,
    0xf8, 0xfc, 0xf8, 0x34, 0xf8, 0xfc, 0xf8, 0x34, 0xf8, 0xfc, 0xf8, 0x30,
    0xf8, 0xfc, 0xf8, 0x34, 0xf8, 0xfc, 0xf8, 0x34, 0xf8, 0xfc, 0xf8, 0x30,
    0xf8, 0xfc, 0xf8, 0x34, 0xf8, 0xfc, 0xf8, 0x34, 0xf8, 0xfc, 0xf8, 0x30,
    0xf8, 0xfc, 0xf8, 0x34, 0xf8, 0xfc, 0xf8, 0x34, 0xf8, 0xfc, 0xf8, 0x30,
    0xf8, 0xfc, 0xf8, 0x34, 0xf8, 0xfc, 0xf8, 0x30, 0xf8, 0xfc, 0xf8, 0x34,
    0xf8, 0xfc, 0xf8, 0x34, 0xf8, 0xfc, 0xf8, 0x34, 0xf8, 0xfc, 0xf8, 0x34,
    0xf8, 0xfc, 0xf8, 0x30, 0x00, 0x00, 0x00, 0x00, 0x00, 0x00, 0x00, 0x00,
    0x00, 0x00, 0x00, 0x00, 0x00, 0x00, 0x00, 0x00, 0xf8, 0xfc, 0xf8, 0x24,
    0xf8, 0xfc, 0xf8, 0x34, 0xf8, 0xfc, 0xf8, 0x34, 0xf8, 0xfc, 0xf8, 0x34,
    0xf8, 0xfc, 0xf8, 0x34, 0xf8, 0xfc, 0xf8, 0x34, 0xf8, 0xfc, 0xf8, 0x30,
    0xf8, 0xfc, 0xf8, 0x34, 0xf8, 0xfc, 0xf8, 0x34, 0xf8, 0xfc, 0xf8, 0x30,
    0xf8, 0xfc, 0xf8, 0x30, 0xf8, 0xfc, 0xf8, 0x34, 0xf8, 0xfc, 0xf8, 0x34,
    0xf8, 0xfc, 0xf8, 0x34, 0xf8, 0xfc, 0xf8, 0x30, 0xf8, 0xfc, 0xf8, 0x34,
    0xf8, 0xfc, 0xf8, 0x34, 0xf8, 0xfc, 0xf8, 0x34, 0xf8, 0xfc, 0xf8, 0x34,
    0xf8, 0xfc, 0xf8, 0x34, 0xf8, 0xfc, 0xf8, 0x34, 0xf8, 0xfc, 0xf8, 0x0c,
    0x00, 0x00, 0x00, 0x00, 0x00, 0x00, 0x00, 0x00, 0x00, 0x00, 0x00, 0x00,
    0x00, 0x00, 0x00, 0x00, 0x00, 0x00, 0x00, 0x00, 0x00, 0x00, 0x00, 0x00,
    0x00, 0x00, 0x00, 0x00, 0x00, 0x00, 0x00, 0x00, 0x00, 0x00, 0x00, 0x00,
    0x00, 0x00, 0x00, 0x00, 0x00, 0x00, 0x00, 0x00, 0x00, 0x00, 0x00, 0x00,
    0x00, 0x00, 0x00, 0x00, 0x00, 0x00, 0x00, 0x00, 0x00, 0x00, 0x00, 0x00,
    0x00, 0x00, 0x00, 0x00, 0x00, 0x00, 0x00, 0x00, 0x00, 0x00, 0x00, 0x00,
    0x00, 0x00, 0x00, 0x00, 0x00, 0x00, 0x00, 0x00, 0x00, 0x00, 0x00, 0x00,
    0x00, 0x00, 0x00, 0x00, 0x00, 0x00, 0x00, 0x00, 0x00, 0x00, 0x00, 0x00,
    0x00, 0x00, 0x00, 0x00, 0x00, 0x00, 0x00, 0x00, 0x00, 0x00, 0x00, 0x00,
    0x00, 0x00, 0x00, 0x00, 0x00, 0x00, 0x00, 0x00, 0x00, 0x00, 0x00, 0x00,
    0x00, 0x00, 0x00, 0x00, 0x00, 0x00, 0x00, 0x00, 0x00, 0x00, 0x00, 0x00,
    0x00, 0x00, 0x00, 0x00, 0x00, 0x00, 0x00, 0x00, 0x00, 0x00, 0x00, 0x00,
    0x00, 0x00, 0x00, 0x00, 0x00, 0x00, 0x00, 0x00, 0x00, 0x00, 0x00, 0x00,
    0x00, 0x00, 0x00, 0x00, 0x00, 0x00, 0x00, 0x00, 0x00, 0x00, 0x00, 0x00,
    0x00, 0x00, 0x00, 0x00, 0x00, 0x00, 0x00, 0x00, 0x00, 0x00, 0x00, 0x00,
    0x00, 0x00, 0x00, 0x00, 0x00, 0x00, 0x00, 0x00, 0x00, 0x00, 0x00, 0x00,
    0x00, 0x00, 0x00, 0x00, 0x00, 0x00, 0x00, 0x00, 0x00, 0x00, 0x00, 0x00,
    0x00, 0x00, 0x00, 0x00, 0x00, 0x00, 0x00, 0x00, 0x00, 0x00, 0x00, 0x00,
    0x00, 0x00, 0x00, 0x00, 0x00, 0x00, 0x00, 0x00, 0x00, 0x00, 0x00, 0x00,
    0x00, 0x00, 0x00, 0x00, 0x00, 0x00, 0x00, 0x00, 0x00, 0x00, 0x00, 0x00,
    0x00, 0x00, 0x00, 0x00, 0x00, 0x00, 0x00, 0x00, 0x00, 0x00, 0x00, 0x00,
    0x00, 0x00, 0x00, 0x00, 0x00, 0x00, 0x00, 0x00, 0x00, 0x00, 0x00, 0x00,
    0x00, 0x00, 0x00, 0x00, 0x00, 0x00, 0x00, 0x00, 0x00, 0x00, 0x00, 0x00,
    0x00, 0x00, 0x00, 0x00, 0x00, 0x00, 0x00, 0x00, 0x00, 0x00, 0x00, 0x00,
    0x00, 0x00, 0x00, 0x00, 0x00, 0x00, 0x00, 0x00, 0x00, 0x00, 0x00, 0x00,
    0x00, 0x00, 0x00, 0x00, 0x00, 0x00, 0x00, 0x00, 0x00, 0x00, 0x00, 0x00,
    0x00, 0x00, 0x00, 0x00, 0x00, 0x00, 0x00, 0x00, 0x00, 0x00, 0x00, 0x00,
    0x00, 0x00, 0x00, 0x00, 0x00, 0x00, 0x00, 0x00, 0x00, 0x00, 0x00, 0x00,
    0x00, 0x00, 0x00, 0x00, 0x00, 0x00, 0x00, 0x00, 0x00, 0x00, 0x00, 0x00,
    0x00, 0x00, 0x00, 0x00, 0x00, 0x00, 0x00, 0x00, 0x00, 0x00, 0x00, 0x00,
    0x00, 0x00, 0x00, 0x00, 0x00, 0x00, 0x00, 0x00, 0x00, 0x00, 0x00, 0x00,
    0x00, 0x00, 0x00, 0x00, 0x00, 0x00, 0x00, 0x00, 0x00, 0x00, 0x00, 0x00,
    0x00, 0x00, 0x00, 0x00, 0x00, 0x00, 0x00, 0x00, 0x00, 0x00, 0x00, 0x00,
    0x00, 0x00, 0x00, 0x00, 0x00, 0x00, 0x00, 0x00, 0x00, 0x00, 0x00, 0x00,
    0xf8, 0xfc, 0xf8, 0x08, 0xf8, 0xfc, 0xf8, 0x34, 0xf8, 0xfc, 0xf8, 0x34,
    0xf8, 0xfc, 0xf8, 0x30, 0xf8, 0xfc, 0xf8, 0x34, 0xf8, 0xfc, 0xf8, 0x34,
    0xf8, 0xfc, 0xf8, 0x34, 0xf8, 0xfc, 0xf8, 0x34, 0xf8, 0xfc, 0xf8, 0x34,
    0xf8, 0xfc, 0xf8, 0x34, 0xf8, 0xfc, 0xf8, 0x34, 0xf8, 0xfc, 0xf8, 0x34,
    0xf8, 0xfc, 0xf8, 0x34, 0xf8, 0xfc, 0xf8, 0x30, 0xf8, 0xfc, 0xf8, 0x34,
    0xf8, 0xfc, 0xf8, 0x34, 0xf8, 0xfc, 0xf8, 0x34, 0xf8, 0xfc, 0xf8, 0x30,
    0xf8, 0xfc, 0xf8, 0x30, 0xf8, 0xfc, 0xf8, 0x34, 0xf8, 0xfc, 0xf8, 0x34,
    0xf8, 0xfc, 0xf8, 0x24, 0x00, 0x00, 0x00, 0x00, 0x00, 0x00, 0x00, 0x00,
    0x00, 0x00, 0x00, 0x00, 0x00, 0x00, 0x00, 0x00, 0xf8, 0xfc, 0xf8, 0x14,
    0xf8, 0xfc, 0xf8, 0x34, 0xf8, 0xfc, 0xf8, 0x30, 0xf8, 0xfc, 0xf8, 0x34,
    0xf8, 0xfc, 0xf8, 0x34, 0xf8, 0xfc, 0xf8, 0x30, 0xf8, 0xfc, 0xf8, 0x34,
    0xf8, 0xfc, 0xf8, 0x34, 0xf8, 0xfc, 0xf8, 0x34, 0xf8, 0xfc, 0xf8, 0x34,
    0xf8, 0xfc, 0xf8, 0x34, 0xf8, 0xfc, 0xf8, 0x30, 0xf8, 0xfc, 0xf8, 0x34,
    0xf8, 0xfc, 0xf8, 0x34, 0xf8, 0xfc, 0xf8, 0x30, 0xf8, 0xfc, 0xf8, 0x34,
    0xf8, 0xfc, 0xf8, 0x30, 0xf8, 0xfc, 0xf8, 0x30, 0xf8, 0xfc, 0xf8, 0x34,
    0xf8, 0xfc, 0xf8, 0x34, 0xf8, 0xfc, 0xf8, 0x30, 0xf8, 0xfc, 0xf8, 0x1c,
    0x00, 0x00, 0x00, 0x00, 0x00, 0x00, 0x00, 0x00, 0x00, 0x00, 0x00, 0x00,
    0x00, 0x00, 0x00, 0x00, 0x00, 0x00, 0x00, 0x00, 0x00, 0x00, 0x00, 0x00,
    0x00, 0x00, 0x00, 0x00, 0x00, 0x00, 0x00, 0x00, 0x00, 0x00, 0x00, 0x00,
    0x00, 0x00, 0x00, 0x00, 0x00, 0x00, 0x00, 0x00, 0x00, 0x00, 0x00, 0x00,
    0x00, 0x00, 0x00, 0x00, 0x00, 0x00, 0x00, 0x00, 0x00, 0x00, 0x00, 0x00,
    0x00, 0x00, 0x00, 0x00, 0x00, 0x00, 0x00, 0x00, 0x00, 0x00, 0x00, 0x00,
    0x00, 0x00, 0x00, 0x00, 0x00, 0x00, 0x00, 0x00, 0x00, 0x00, 0x00, 0x00,
    0x00, 0x00, 0x00, 0x00, 0x00, 0x00, 0x00, 0x00, 0x00, 0x00, 0x00, 0x00,
    0x00, 0x00, 0x00, 0x00, 0x00, 0x00, 0x00, 0x00, 0x00, 0x00, 0x00, 0x00,
    0x00, 0x00, 0x00, 0x00, 0x00, 0x00, 0x00, 0x00, 0x00, 0x00, 0x00, 0x00,
    0x00, 0x00, 0x00, 0x00, 0x00, 0x00, 0x00, 0x00, 0x00, 0x00, 0x00, 0x00,
    0x00, 0x00, 0x00, 0x00, 0x00, 0x00, 0x00, 0x00, 0x00, 0x00, 0x00, 0x00,
    0x00, 0x00, 0x00, 0x00, 0x00, 0x00, 0x00, 0x00, 0x00, 0x00, 0x00, 0x00,
    0x00, 0x00, 0x00, 0x00, 0x00, 0x00, 0x00, 0x00, 0x00, 0x00, 0x00, 0x00,
    0x00, 0x00, 0x00, 0x00, 0x00, 0x00, 0x00, 0x00, 0x00, 0x00, 0x00, 0x00,
    0x00, 0x00, 0x00, 0x00, 0x00, 0x00, 0x00, 0x00, 0x00, 0x00, 0x00, 0x00,
    0x00, 0x00, 0x00, 0x00, 0x00, 0x00, 0x00, 0x00, 0x00, 0x00, 0x00, 0x00,
    0x00, 0x00, 0x00, 0x00, 0x00, 0x00, 0x00, 0x00, 0x00, 0x00, 0x00, 0x00,
    0x00, 0x00, 0x00, 0x00, 0x00, 0x00, 0x00, 0x00, 0x00, 0x00, 0x00, 0x00,
    0x00, 0x00, 0x00, 0x00, 0x00, 0x00, 0x00, 0x00, 0x00, 0x00, 0x00, 0x00,
    0x00, 0x00, 0x00, 0x00, 0x00, 0x00, 0x00, 0x00, 0x00, 0x00, 0x00, 0x00,
    0x00, 0x00, 0x00, 0x00, 0x00, 0x00, 0x00, 0x00, 0x00, 0x00, 0x00, 0x00,
    0x00, 0x00, 0x00, 0x00, 0x00, 0x00, 0x00, 0x00, 0x00, 0x00, 0x00, 0x00,
    0x00, 0x00, 0x00, 0x00, 0x00, 0x00, 0x00, 0x00, 0x00, 0x00, 0x00, 0x00,
    0x00, 0x00, 0x00, 0x00, 0x00, 0x00, 0x00, 0x00, 0x00, 0x00, 0x00, 0x00,
    0x00, 0x00, 0x00, 0x00, 0x00, 0x00, 0x00, 0x00, 0x00, 0x00, 0x00, 0x00,
    0x00, 0x00, 0x00, 0x00, 0x00, 0x00, 0x00, 0x00, 0x00, 0x00, 0x00, 0x00,
    0x00, 0x00, 0x00, 0x00, 0x00, 0x00, 0x00, 0x00, 0x00, 0x00, 0x00, 0x00,
    0x00, 0x00, 0x00, 0x00, 0x00, 0x00, 0x00, 0x00, 0x00, 0x00, 0x00, 0x00,
    0x00, 0x00, 0x00, 0x00, 0x00, 0x00, 0x00, 0x00, 0x00, 0x00, 0x00, 0x00,
    0x00, 0x00, 0x00, 0x00, 0x00, 0x00, 0x00, 0x00, 0x00, 0x00, 0x00, 0x00,
    0x00, 0x00, 0x00, 0x00, 0x00, 0x00, 0x00, 0x00, 0x00, 0x00, 0x00, 0x00,
    0x00, 0x00, 0x00, 0x00, 0x00, 0x00, 0x00, 0x00, 0x00, 0x00, 0x00, 0x00,
    0x00, 0x00, 0x00, 0x00, 0x00, 0x00, 0x00, 0x00, 0x00, 0x00, 0x00, 0x00,
    0xf8, 0xfc, 0xf8, 0x20, 0xf8, 0xfc, 0xf8, 0x34, 0xf8, 0xfc, 0xf8, 0x34,
    0xf8, 0xfc, 0xf8, 0x34, 0xf8, 0xfc, 0xf8, 0x30, 0xf8, 0xfc, 0xf8, 0x34,
    0xf8, 0xfc, 0xf8, 0x34, 0xf8, 0xfc, 0xf8, 0x30, 0xf8, 0xfc, 0xf8, 0x34,
    0xf8, 0xfc, 0xf8, 0x30, 0xf8, 0xfc, 0xf8, 0x34, 0xf8, 0xfc, 0xf8, 0x34,
    0xf8, 0xfc, 0xf8, 0x30, 0xf8, 0xfc, 0xf8, 0x34, 0xf8, 0xfc, 0xf8, 0x34,
    0xf8, 0xfc, 0xf8, 0x34, 0xf8, 0xfc, 0xf8, 0x34, 0xf8, 0xfc, 0xf8, 0x34,
    0xf8, 0xfc, 0xf8, 0x34, 0xf8, 0xfc, 0xf8, 0x30, 0xf8, 0xfc, 0xf8, 0x34,
    0xf8, 0xfc, 0xf8, 0x14, 0x00, 0x00, 0x00, 0x00, 0x00, 0x00, 0x00, 0x00,
    0x00, 0x00, 0x00, 0x00, 0x00, 0x00, 0x00, 0x00, 0xf8, 0xfc, 0xf8, 0x04,
    0xf8, 0xfc, 0xf8, 0x34, 0xf8, 0xfc, 0xf8, 0x34, 0xf8, 0xfc, 0xf8, 0x30,
    0xf8, 0xfc, 0xf8, 0x34, 0xf8, 0xfc, 0xf8, 0x34, 0xf8, 0xfc, 0xf8, 0x34,
    0xf8, 0xfc, 0xf8, 0x30, 0xf8, 0xfc, 0xf8, 0x34, 0xf8, 0xfc, 0xf8, 0x34,
    0xf8, 0xfc, 0xf8, 0x34, 0xf8, 0xfc, 0xf8, 0x34, 0xf8, 0xfc, 0xf8, 0x30,
    0xf8, 0xfc, 0xf8, 0x34, 0xf8, 0xfc, 0xf8, 0x34, 0xf8, 0xfc, 0xf8, 0x34,
    0xf8, 0xfc, 0xf8, 0x34, 0xf8, 0xfc, 0xf8, 0x34, 0xf8, 0xfc, 0xf8, 0x34,
    0xf8, 0xfc, 0xf8, 0x30, 0xf8, 0xfc, 0xf8, 0x34, 0xf8, 0xfc, 0xf8, 0x30,
    0xf8, 0xfc, 0xf8, 0x04, 0x00, 0x00, 0x00, 0x00, 0x00, 0x00, 0x00, 0x00,
    0x00, 0x00, 0x00, 0x00, 0x00, 0x00, 0x00, 0x00, 0x00, 0x00, 0x00, 0x00,
    0x00, 0x00, 0x00, 0x00, 0x00, 0x00, 0x00, 0x00, 0x00, 0x00, 0x00, 0x00,
    0x00, 0x00, 0x00, 0x00, 0x00, 0x00, 0x00, 0x00, 0x00, 0x00, 0x00, 0x00,
    0x00, 0x00, 0x00, 0x00, 0x00, 0x00, 0x00, 0x00, 0x00, 0x00, 0x00, 0x00,
    0x00, 0x00, 0x00, 0x00, 0x00, 0x00, 0x00, 0x00, 0x00, 0x00, 0x00, 0x00,
    0x00, 0x00, 0x00, 0x00, 0x00, 0x00, 0x00, 0x00, 0x00, 0x00, 0x00, 0x00,
    0x00, 0x00, 0x00, 0x00, 0x00, 0x00, 0x00, 0x00, 0x00, 0x00, 0x00, 0x00,
    0x00, 0x00, 0x00, 0x00, 0x00, 0x00, 0x00, 0x00, 0x00, 0x00, 0x00, 0x00,
    0x00, 0x00, 0x00, 0x00, 0x00, 0x00, 0x00, 0x00, 0x00, 0x00, 0x00, 0x00,
    0x00, 0x00, 0x00, 0x00, 0x00, 0x00, 0x00, 0x00, 0x00, 0x00, 0x00, 0x00,
    0x00, 0x00, 0x00, 0x00, 0x00, 0x00, 0x00, 0x00, 0x00, 0x00, 0x00, 0x00,
    0x00, 0x00, 0x00, 0x00, 0x00, 0x00, 0x00, 0x00, 0x00, 0x00, 0x00, 0x00,
    0x00, 0x00, 0x00, 0x00, 0x00, 0x00, 0x00, 0x00, 0x00, 0x00, 0x00, 0x00,
    0x00, 0x00, 0x00, 0x00, 0x00, 0x00, 0x00, 0x00, 0x00, 0x00, 0x00, 0x00,
    0x00, 0x00, 0x00, 0x00, 0x00, 0x00, 0x00, 0x00, 0x00, 0x00, 0x00, 0x00,
    0x00, 0x00, 0x00, 0x00, 0x00, 0x00, 0x00, 0x00, 0x00, 0x00, 0x00, 0x00,
    0x00, 0x00, 0x00, 0x00, 0x00, 0x00, 0x00, 0x00, 0x00, 0x00, 0x00, 0x00,
    0x00, 0x00, 0x00, 0x00, 0x00, 0x00, 0x00, 0x00, 0x00, 0x00, 0x00, 0x00,
    0x00, 0x00, 0x00, 0x00, 0x00, 0x00, 0x00, 0x00, 0x00, 0x00, 0x00, 0x00,
    0x00, 0x00, 0x00, 0x00, 0x00, 0x00, 0x00, 0x00, 0x00, 0x00, 0x00, 0x00,
    0x00, 0x00, 0x00, 0x00, 0x00, 0x00, 0x00, 0x00, 0x00, 0x00, 0x00, 0x00,
    0x00, 0x00, 0x00, 0x00, 0x00, 0x00, 0x00, 0x00, 0x00, 0x00, 0x00, 0x00,
    0x00, 0x00, 0x00, 0x00, 0x00, 0x00, 0x00, 0x00, 0x00, 0x00, 0x00, 0x00,
    0x00, 0x00, 0x00, 0x00, 0x00, 0x00, 0x00, 0x00, 0x00, 0x00, 0x00, 0x00,
    0x00, 0x00, 0x00, 0x00, 0x00, 0x00, 0x00, 0x00, 0x00, 0x00, 0x00, 0x00,
    0x00, 0x00, 0x00, 0x00, 0x00, 0x00, 0x00, 0x00, 0x00, 0x00, 0x00, 0x00,
    0x00, 0x00, 0x00, 0x00, 0x00, 0x00, 0x00, 0x00, 0x00, 0x00, 0x00, 0x00,
    0x00, 0x00, 0x00, 0x00, 0x00, 0x00, 0x00, 0x00, 0x00, 0x00, 0x00, 0x00,
    0x00, 0x00, 0x00, 0x00, 0x00, 0x00, 0x00, 0x00, 0x00, 0x00, 0x00, 0x00,
    0x00, 0x00, 0x00, 0x00, 0x00, 0x00, 0x00, 0x00, 0x00, 0x00, 0x00, 0x00,
    0x00, 0x00, 0x00, 0x00, 0x00, 0x00, 0x00, 0x00, 0x00, 0x00, 0x00, 0x00,
    0x00, 0x00, 0x00, 0x00, 0x00, 0x00, 0x00, 0x00, 0x00, 0x00, 0x00, 0x00,
    0x00, 0x00, 0x00, 0x00, 0x00, 0x00, 0x00, 0x00, 0x00, 0x00, 0x00, 0x00,
    0xf8, 0xfc, 0xf8, 0x2c, 0xf8, 0xfc, 0xf8, 0x34, 0xf8, 0xfc, 0xf8, 0x34,
    0xf8, 0xfc, 0xf8, 0x34, 0xf8, 0xfc, 0xf8, 0x34, 0xf8, 0xfc, 0xf8, 0x30,
    0xf8, 0xfc, 0xf8, 0x34, 0xf8, 0xfc, 0xf8, 0x34, 0xf8, 0xfc, 0xf8, 0x30,
    0xf8, 0xfc, 0xf8, 0x34, 0xf8, 0xfc, 0xf8, 0x34, 0xf8, 0xfc, 0xf8, 0x30,
    0xf8, 0xfc, 0xf8, 0x34, 0xf8, 0xfc, 0xf8, 0x34, 0xf8, 0xfc, 0xf8, 0x30,
    0xf8, 0xfc, 0xf8, 0x34, 0xf8, 0xfc, 0xf8, 0x30, 0xf8, 0xfc, 0xf8, 0x34,
    0xf8, 0xfc, 0xf8, 0x34, 0xf8, 0xfc, 0xf8, 0x34, 0xf8, 0xfc, 0xf8, 0x34,
    0xf8, 0xfc, 0xf8, 0x08, 0x00, 0x00, 0x00, 0x00, 0x00, 0x00, 0x00, 0x00,
    0x00, 0x00, 0x00, 0x00, 0x00, 0x00, 0x00, 0x00, 0x00, 0x00, 0x00, 0x00,
    0xf8, 0xfc, 0xf8, 0x2c, 0xf8, 0xfc, 0xf8, 0x34, 0xf8, 0xfc, 0xf8, 0x34,
    0xf8, 0xfc, 0xf8, 0x30, 0xf8, 0xfc, 0xf8, 0x34, 0xf8, 0xfc, 0xf8, 0x34,
    0xf8, 0xfc, 0xf8, 0x30, 0xf8, 0xfc, 0xf8, 0x34, 0xf8, 0xfc, 0xf8, 0x30,
    0xf8, 0xfc, 0xf8, 0x34, 0xf8, 0xfc, 0xf8, 0x34, 0xf8, 0xfc, 0xf8, 0x34,
    0xf8, 0xfc, 0xf8, 0x34, 0xf8, 0xfc, 0xf8, 0x30, 0xf8, 0xfc, 0xf8, 0x34,
    0xf8, 0xfc, 0xf8, 0x34, 0xf8, 0xfc, 0xf8, 0x34, 0xf8, 0xfc, 0xf8, 0x34,
    0xf8, 0xfc, 0xf8, 0x34, 0xf8, 0xfc, 0xf8, 0x34, 0xf8, 0xfc, 0xf8, 0x34,
    0xf8, 0xfc, 0xf8, 0x14, 0x00, 0x00, 0x00, 0x00, 0x00, 0x00, 0x00, 0x00,
    0x00, 0x00, 0x00, 0x00, 0x00, 0x00, 0x00, 0x00, 0x00, 0x00, 0x00, 0x00,
    0x00, 0x00, 0x00, 0x00, 0x00, 0x00, 0x00, 0x00, 0x00, 0x00, 0x00, 0x00,
    0x00, 0x00, 0x00, 0x00, 0x00, 0x00, 0x00, 0x00, 0x00, 0x00, 0x00, 0x00,
    0x00, 0x00, 0x00, 0x00, 0x00, 0x00, 0x00, 0x00, 0x00, 0x00, 0x00, 0x00,
    0x00, 0x00, 0x00, 0x00, 0x00, 0x00, 0x00, 0x00, 0x00, 0x00, 0x00, 0x00,
    0x00, 0x00, 0x00, 0x00, 0x00, 0x00, 0x00, 0x00, 0x00, 0x00, 0x00, 0x00,
    0x00, 0x00, 0x00, 0x00, 0x00, 0x00, 0x00, 0x00, 0x00, 0x00, 0x00, 0x00,
    0x00, 0x00, 0x00, 0x00, 0x00, 0x00, 0x00, 0x00, 0x00, 0x00, 0x00, 0x00,
    0x00, 0x00, 0x00, 0x00, 0x00, 0x00, 0x00, 0x00, 0x00, 0x00, 0x00, 0x00,
    0x00, 0x00, 0x00, 0x00, 0x00, 0x00, 0x00, 0x00, 0x00, 0x00, 0x00, 0x00,
    0x00, 0x00, 0x00, 0x00, 0x00, 0x00, 0x00, 0x00, 0x00, 0x00, 0x00, 0x00,
    0x00, 0x00, 0x00, 0x00, 0x00, 0x00, 0x00, 0x00, 0x00, 0x00, 0x00, 0x00,
    0x00, 0x00, 0x00, 0x00, 0x00, 0x00, 0x00, 0x00, 0x00, 0x00, 0x00, 0x00,
    0x00, 0x00, 0x00, 0x00, 0x00, 0x00, 0x00, 0x00, 0x00, 0x00, 0x00, 0x00,
    0x00, 0x00, 0x00, 0x00, 0x00, 0x00, 0x00, 0x00, 0x00, 0x00, 0x00, 0x00,
    0x00, 0x00, 0x00, 0x00, 0x00, 0x00, 0x00, 0x00, 0x00, 0x00, 0x00, 0x00,
    0x00, 0x00, 0x00, 0x00, 0x00, 0x00, 0x00, 0x00, 0x00, 0x00, 0x00, 0x00,
    0x00, 0x00, 0x00, 0x00, 0x00, 0x00, 0x00, 0x00, 0x00, 0x00, 0x00, 0x00,
    0x00, 0x00, 0x00, 0x00, 0x00, 0x00, 0x00, 0x00, 0x00, 0x00, 0x00, 0x00,
    0x00, 0x00, 0x00, 0x00, 0x00, 0x00, 0x00, 0x00, 0x00, 0x00, 0x00, 0x00,
    0x00, 0x00, 0x00, 0x00, 0x00, 0x00, 0x00, 0x00, 0x00, 0x00, 0x00, 0x00,
    0x00, 0x00, 0x00, 0x00, 0x00, 0x00, 0x00, 0x00, 0x00, 0x00, 0x00, 0x00,
    0x00, 0x00, 0x00, 0x00, 0x00, 0x00, 0x00, 0x00, 0x00, 0x00, 0x00, 0x00,
    0x00, 0x00, 0x00, 0x00, 0x00, 0x00, 0x00, 0x00, 0x00, 0x00, 0x00, 0x00,
    0x00, 0x00, 0x00, 0x00, 0x00, 0x00, 0x00, 0x00, 0x00, 0x00, 0x00, 0x00,
    0x00, 0x00, 0x00, 0x00, 0x00, 0x00, 0x00, 0x00, 0x00, 0x00, 0x00, 0x00,
    0x00, 0x00, 0x00, 0x00, 0x00, 0x00, 0x00, 0x00, 0x00, 0x00, 0x00, 0x00,
    0x00, 0x00, 0x00, 0x00, 0x00, 0x00, 0x00, 0x00, 0x00, 0x00, 0x00, 0x00,
    0x00, 0x00, 0x00, 0x00, 0x00, 0x00, 0x00, 0x00, 0x00, 0x00, 0x00, 0x00,
    0x00, 0x00, 0x00, 0x00, 0x00, 0x00, 0x00, 0x00, 0x00, 0x00, 0x00, 0x00,
    0x00, 0x00, 0x00, 0x00, 0x00, 0x00, 0x00, 0x00, 0x00, 0x00, 0x00, 0x00,
    0x00, 0x00, 0x00, 0x00, 0x00, 0x00, 0x00, 0x00, 0x00, 0x00, 0x00, 0x00,
    0x00, 0x00, 0x00, 0x00, 0x00, 0x00, 0x00, 0x00, 0xf8, 0xfc, 0xf8, 0x14,
    0xf8, 0xfc, 0xf8, 0x34, 0xf8, 0xfc, 0xf8, 0x30, 0xf8, 0xfc, 0xf8, 0x34,
    0xf8, 0xfc, 0xf8, 0x34, 0xf8, 0xfc, 0xf8, 0x30, 0xf8, 0xfc, 0xf8, 0x34,
    0xf8, 0xfc, 0xf8, 0x34, 0xf8, 0xfc, 0xf8, 0x34, 0xf8, 0xfc, 0xf8, 0x34,
    0xf8, 0xfc, 0xf8, 0x34, 0xf8, 0xfc, 0xf8, 0x34, 0xf8, 0xfc, 0xf8, 0x34,
    0xf8, 0xfc, 0xf8, 0x34, 0xf8, 0xfc, 0xf8, 0x34, 0xf8, 0xfc, 0xf8, 0x34,
    0xf8, 0xfc, 0xf8, 0x34, 0xf8, 0xfc, 0xf8, 0x34, 0xf8, 0xfc, 0xf8, 0x30,
    0xf8, 0xfc, 0xf8, 0x34, 0xf8, 0xfc, 0xf8, 0x34, 0xf8, 0xfc, 0xf8, 0x2c,
    0x00, 0x00, 0x00, 0x00, 0x00, 0x00, 0x00, 0x00, 0x00, 0x00, 0x00, 0x00,
    0x00, 0x00, 0x00, 0x00, 0x00, 0x00, 0x00, 0x00, 0x00, 0x00, 0x00, 0x00,
    0xf8, 0xfc, 0xf8, 0x1c, 0xf8, 0xfc, 0xf8, 0x34, 0xf8, 0xfc, 0xf8, 0x34,
    0xf8, 0xfc, 0xf8, 0x34, 0xf8, 0xfc, 0xf8, 0x34, 0xf8, 0xfc, 0xf8, 0x34,
    0xf8, 0xfc, 0xf8, 0x34, 0xf8, 0xfc, 0xf8, 0x34, 0xf8, 0xfc, 0xf8, 0x34,
    0xf8, 0xfc, 0xf8, 0x30, 0xf8, 0xfc, 0xf8, 0x34, 0xf8, 0xfc, 0xf8, 0x34,
    0xf8, 0xfc, 0xf8, 0x30, 0xf8, 0xfc, 0xf8, 0x34, 0xf8, 0xfc, 0xf8, 0x34,
    0xf8, 0xfc, 0xf8, 0x30, 0xf8, 0xfc, 0xf8, 0x30, 0xf8, 0xfc, 0xf8, 0x34,
    0xf8, 0xfc, 0xf8, 0x34, 0xf8, 0xfc, 0xf8, 0x30, 0xf8, 0xfc, 0xf8, 0x34,
    0xf8, 0xfc, 0xf8, 0x24, 0x00, 0x00, 0x00, 0x00, 0x00, 0x00, 0x00, 0x00,
    0x00, 0x00, 0x00, 0x00, 0x00, 0x00, 0x00, 0x00, 0x00, 0x00, 0x00, 0x00,
    0x00, 0x00, 0x00, 0x00, 0x00, 0x00, 0x00, 0x00, 0x00, 0x00, 0x00, 0x00,
    0x00, 0x00, 0x00, 0x00, 0x00, 0x00, 0x00, 0x00, 0x00, 0x00, 0x00, 0x00,
    0x00, 0x00, 0x00, 0x00, 0x00, 0x00, 0x00, 0x00, 0x00, 0x00, 0x00, 0x00,
    0x00, 0x00, 0x00, 0x00, 0x00, 0x00, 0x00, 0x00, 0x00, 0x00, 0x00, 0x00,
    0x00, 0x00, 0x00, 0x00, 0x00, 0x00, 0x00, 0x00, 0x00, 0x00, 0x00, 0x00,
    0x00, 0x00, 0x00, 0x00, 0x00, 0x00, 0x00, 0x00, 0x00, 0x00, 0x00, 0x00,
    0x00, 0x00, 0x00, 0x00, 0x00, 0x00, 0x00, 0x00, 0x00, 0x00, 0x00, 0x00,
    0x00, 0x00, 0x00, 0x00, 0x00, 0x00, 0x00, 0x00, 0x00, 0x00, 0x00, 0x00,
    0x00, 0x00, 0x00, 0x00, 0x00, 0x00, 0x00, 0x00, 0x00, 0x00, 0x00, 0x00,
    0x00, 0x00, 0x00, 0x00, 0x00, 0x00, 0x00, 0x00, 0x00, 0x00, 0x00, 0x00,
    0x00, 0x00, 0x00, 0x00, 0x00, 0x00, 0x00, 0x00, 0x00, 0x00, 0x00, 0x00,
    0x00, 0x00, 0x00, 0x00, 0x00, 0x00, 0x00, 0x00, 0x00, 0x00, 0x00, 0x00,
    0x00, 0x00, 0x00, 0x00, 0x00, 0x00, 0x00, 0x00, 0x00, 0x00, 0x00, 0x00,
    0x00, 0x00, 0x00, 0x00, 0x00, 0x00, 0x00, 0x00, 0x00, 0x00, 0x00, 0x00,
    0x00, 0x00, 0x00, 0x00, 0x00, 0x00, 0x00, 0x00, 0x00, 0x00, 0x00, 0x00,
    0x00, 0x00, 0x00, 0x00, 0x00, 0x00, 0x00, 0x00, 0x00, 0x00, 0x00, 0x00,
    0x00, 0x00, 0x00, 0x00, 0x00, 0x00, 0x00, 0x00, 0x00, 0x00, 0x00, 0x00,
    0x00, 0x00, 0x00, 0x00, 0x00, 0x00, 0x00, 0x00, 0x00, 0x00, 0x00, 0x00,
    0x00, 0x00, 0x00, 0x00, 0x00, 0x00, 0x00, 0x00, 0x00, 0x00, 0x00, 0x00,
    0x00, 0x00, 0x00, 0x00, 0x00, 0x00, 0x00, 0x00, 0x00, 0x00, 0x00, 0x00,
    0x00, 0x00, 0x00, 0x00, 0x00, 0x00, 0x00, 0x00, 0x00, 0x00, 0x00, 0x00,
    0x00, 0x00, 0x00, 0x00, 0x00, 0x00, 0x00, 0x00, 0x00, 0x00, 0x00, 0x00,
    0x00, 0x00, 0x00, 0x00, 0x00, 0x00, 0x00, 0x00, 0x00, 0x00, 0x00, 0x00,
    0x00, 0x00, 0x00, 0x00, 0x00, 0x00, 0x00, 0x00, 0x00, 0x00, 0x00, 0x00,
    0x00, 0x00, 0x00, 0x00, 0x00, 0x00, 0x00, 0x00, 0x00, 0x00, 0x00, 0x00,
    0x00, 0x00, 0x00, 0x00, 0x00, 0x00, 0x00, 0x00, 0x00, 0x00, 0x00, 0x00,
    0x00, 0x00, 0x00, 0x00, 0x00, 0x00, 0x00, 0x00, 0x00, 0x00, 0x00, 0x00,
    0x00, 0x00, 0x00, 0x00, 0x00, 0x00, 0x00, 0x00, 0x00, 0x00, 0x00, 0x00,
    0x00, 0x00, 0x00, 0x00, 0x00, 0x00, 0x00, 0x00, 0x00, 0x00, 0x00, 0x00,
    0x00, 0x00, 0x00, 0x00, 0x00, 0x00, 0x00, 0x00, 0x00, 0x00, 0x00, 0x00,
    0x00, 0x00, 0x00, 0x00, 0x00, 0x00, 0x00, 0x00, 0x00, 0x00, 0x00, 0x00,
    0x00, 0x00, 0x00, 0x00, 0x00, 0x00, 0x00, 0x00, 0xf8, 0xfc, 0xf8, 0x2c,
    0xf8, 0xfc, 0xf8, 0x34, 0xf8, 0xfc, 0xf8, 0x34, 0xf8, 0xfc, 0xf8, 0x30,
    0xf8, 0xfc, 0xf8, 0x34, 0xf8, 0xfc, 0xf8, 0x34, 0xf8, 0xfc, 0xf8, 0x34,
    0xf8, 0xfc, 0xf8, 0x30, 0xf8, 0xfc, 0xf8, 0x34, 0xf8, 0xfc, 0xf8, 0x34,
    0xf8, 0xfc, 0xf8, 0x30, 0xf8, 0xfc, 0xf8, 0x34, 0xf8, 0xfc, 0xf8, 0x30,
    0xf8, 0xfc, 0xf8, 0x34, 0xf8, 0xfc, 0xf8, 0x30, 0xf8, 0xfc, 0xf8, 0x34,
    0xf8, 0xfc, 0xf8, 0x34, 0xf8, 0xfc, 0xf8, 0x34, 0xf8, 0xfc, 0xf8, 0x30,
    0xf8, 0xfc, 0xf8, 0x34, 0xf8, 0xfc, 0xf8, 0x34, 0xf8, 0xfc, 0xf8, 0x1c,
    0x00, 0x00, 0x00, 0x00, 0x00, 0x00, 0x00, 0x00, 0x00, 0x00, 0x00, 0x00,
    0x00, 0x00, 0x00, 0x00, 0x00, 0x00, 0x00, 0x00, 0x00, 0x00, 0x00, 0x00,
    0xf8, 0xfc, 0xf8, 0x0c, 0xf8, 0xfc, 0xf8, 0x34, 0xf8, 0xfc, 0xf8, 0x30,
    0xf8, 0xfc, 0xf8, 0x34, 0xf8, 0xfc, 0xf8, 0x30, 0xf8, 0xfc, 0xf8, 0x34,
    0xf8, 0xfc, 0xf8, 0x34, 0xf8, 0xfc, 0xf8, 0x30, 0xf8, 0xfc, 0xf8, 0x34,
    0xf8, 0xfc, 0xf8, 0x34, 0xf8, 0xfc, 0xf8, 0x30, 0xf8, 0xfc, 0xf8, 0x34,
    0xf8, 0xfc, 0xf8, 0x34, 0xf8, 0xfc, 0xf8, 0x34, 0xf8, 0xfc, 0xf8, 0x34,
    0xf8, 0xfc, 0xf8, 0x34, 0xf8, 0xfc, 0xf8, 0x34, 0xf8, 0xfc, 0xf8, 0x30,
    0xf8, 0xfc, 0xf8, 0x34, 0xf8, 0xfc, 0xf8, 0x34, 0xf8, 0xfc, 0xf8, 0x30,
    0xf8, 0xfc, 0xf8, 0x34, 0xf8, 0xfc, 0xf8, 0x0c, 0x00, 0x00, 0x00, 0x00,
    0x00, 0x00, 0x00, 0x00, 0x00, 0x00, 0x00, 0x00, 0x00, 0x00, 0x00, 0x00,
    0x00, 0x00, 0x00, 0x00, 0x00, 0x00, 0x00, 0x00, 0x00, 0x00, 0x00, 0x00,
    0x00, 0x00, 0x00, 0x00, 0x00, 0x00, 0x00, 0x00, 0x00, 0x00, 0x00, 0x00,
    0x00, 0x00, 0x00, 0x00, 0x00, 0x00, 0x00, 0x00, 0x00, 0x00, 0x00, 0x00,
    0x00, 0x00, 0x00, 0x00, 0x00, 0x00, 0x00, 0x00, 0x00, 0x00, 0x00, 0x00,
    0x00, 0x00, 0x00, 0x00, 0x00, 0x00, 0x00, 0x00, 0x00, 0x00, 0x00, 0x00,
    0x00, 0x00, 0x00, 0x00, 0x00, 0x00, 0x00, 0x00, 0x00, 0x00, 0x00, 0x00,
    0x00, 0x00, 0x00, 0x00, 0x00, 0x00, 0x00, 0x00, 0x00, 0x00, 0x00, 0x00,
    0x00, 0x00, 0x00, 0x00, 0x00, 0x00, 0x00, 0x00, 0x00, 0x00, 0x00, 0x00,
    0x00, 0x00, 0x00, 0x00, 0x00, 0x00, 0x00, 0x00, 0x00, 0x00, 0x00, 0x00,
    0x00, 0x00, 0x00, 0x00, 0x00, 0x00, 0x00, 0x00, 0x00, 0x00, 0x00, 0x00,
    0x00, 0x00, 0x00, 0x00, 0x00, 0x00, 0x00, 0x00, 0x00, 0x00, 0x00, 0x00,
    0x00, 0x00, 0x00, 0x00, 0x00, 0x00, 0x00, 0x00, 0x00, 0x00, 0x00, 0x00,
    0x00, 0x00, 0x00, 0x00, 0x00, 0x00, 0x00, 0x00, 0x00, 0x00, 0x00, 0x00,
    0x00, 0x00, 0x00, 0x00, 0x00, 0x00, 0x00, 0x00, 0x00, 0x00, 0x00, 0x00,
    0x00, 0x00, 0x00, 0x00, 0x00, 0x00, 0x00, 0x00, 0x00, 0x00, 0x00, 0x00,
    0x00, 0x00, 0x00, 0x00, 0x00, 0x00, 0x00, 0x00, 0x00, 0x00, 0x00, 0x00,
    0x00, 0x00, 0x00, 0x00, 0x00, 0x00, 0x00, 0x00, 0x00, 0x00, 0x00, 0x00,
    0x00, 0x00, 0x00, 0x00, 0x00, 0x00, 0x00, 0x00, 0x00, 0x00, 0x00, 0x00,
    0x00, 0x00, 0x00, 0x00, 0x00, 0x00, 0x00, 0x00, 0x00, 0x00, 0x00, 0x00,
    0x00, 0x00, 0x00, 0x00, 0x00, 0x00, 0x00, 0x00, 0x00, 0x00, 0x00, 0x00,
    0x00, 0x00, 0x00, 0x00, 0x00, 0x00, 0x00, 0x00, 0x00, 0x00, 0x00, 0x00,
    0x00, 0x00, 0x00, 0x00, 0x00, 0x00, 0x00, 0x00, 0x00, 0x00, 0x00, 0x00,
    0x00, 0x00, 0x00, 0x00, 0x00, 0x00, 0x00, 0x00, 0x00, 0x00, 0x00, 0x00,
    0x00, 0x00, 0x00, 0x00, 0x00, 0x00, 0x00, 0x00, 0x00, 0x00, 0x00, 0x00,
    0x00, 0x00, 0x00, 0x00, 0x00, 0x00, 0x00, 0x00, 0x00, 0x00, 0x00, 0x00,
    0x00, 0x00, 0x00, 0x00, 0x00, 0x00, 0x00, 0x00, 0x00, 0x00, 0x00, 0x00,
    0x00, 0x00, 0x00, 0x00, 0x00, 0x00, 0x00, 0x00, 0x00, 0x00, 0x00, 0x00,
    0x00, 0x00, 0x00, 0x00, 0x00, 0x00, 0x00, 0x00, 0x00, 0x00, 0x00, 0x00,
    0x00, 0x00, 0x00, 0x00, 0x00, 0x00, 0x00, 0x00, 0x00, 0x00, 0x00, 0x00,
    0x00, 0x00, 0x00, 0x00, 0x00, 0x00, 0x00, 0x00, 0x00, 0x00, 0x00, 0x00,
    0x00, 0x00, 0x00, 0x00, 0x00, 0x00, 0x00, 0x00, 0x00, 0x00, 0x00, 0x00,
    0x00, 0x00, 0x00, 0x00, 0xf8, 0xfc, 0xf8, 0x0c, 0xf8, 0xfc, 0xf8, 0x34,
    0xf8, 0xfc, 0xf8, 0x34, 0xf8, 0xfc, 0xf8, 0x34, 0xf8, 0xfc, 0xf8, 0x34,
    0xf8, 0xfc, 0xf8, 0x30, 0xf8, 0xfc, 0xf8, 0x34, 0xf8, 0xfc, 0xf8, 0x34,
    0xf8, 0xfc, 0xf8, 0x30, 0xf8, 0xfc, 0xf8, 0x34, 0xf8, 0xfc, 0xf8, 0x34,
    0xf8, 0xfc, 0xf8, 0x30, 0xf8, 0xfc, 0xf8, 0x34, 0xf8, 0xfc, 0xf8, 0x34,
    0xf8, 0xfc, 0xf8, 0x34, 0xf8, 0xfc, 0xf8, 0x34, 0xf8, 0xfc, 0xf8, 0x30,
    0xf8, 0xfc, 0xf8, 0x34, 0xf8, 0xfc, 0xf8, 0x34, 0xf8, 0xfc, 0xf8, 0x34,
    0xf8, 0xfc, 0xf8, 0x34, 0xf8, 0xfc, 0xf8, 0x30, 0xf8, 0xfc, 0xf8, 0x0c,
    0x00, 0x00, 0x00, 0x00, 0x00, 0x00, 0x00, 0x00, 0x00, 0x00, 0x00, 0x00,
    0x00, 0x00, 0x00, 0x00, 0x00, 0x00, 0x00, 0x00, 0x00, 0x00, 0x00, 0x00,
    0x00, 0x00, 0x00, 0x00, 0xf8, 0xfc, 0xf8, 0x30, 0xf8, 0xfc, 0xf8, 0x34,
    0xf8, 0xfc, 0xf8, 0x34, 0xf8, 0xfc, 0xf8, 0x30, 0xf8, 0xfc, 0xf8, 0x34,
    0xf8, 0xfc, 0xf8, 0x34, 0xf8, 0xfc, 0xf8, 0x30, 0xf8, 0xfc, 0xf8, 0x34,
    0xf8, 0xfc, 0xf8, 0x34, 0xf8, 0xfc, 0xf8, 0x34, 0xf8, 0xfc, 0xf8, 0x34,
    0xf8, 0xfc, 0xf8, 0x30, 0xf8, 0xfc, 0xf8, 0x34, 0xf8, 0xfc, 0xf8, 0x30,
    0xf8, 0xfc, 0xf8, 0x34, 0xf8, 0xfc, 0xf8, 0x34, 0xf8, 0xfc, 0xf8, 0x34,
    0xf8, 0xfc, 0xf8, 0x34, 0xf8, 0xfc, 0xf8, 0x34, 0xf8, 0xfc, 0xf8, 0x34,
    0xf8, 0xfc, 0xf8, 0x34, 0xf8, 0xfc, 0xf8, 0x24, 0x00, 0x00, 0x00, 0x00,
    0x00, 0x00, 0x00, 0x00, 0x00, 0x00, 0x00, 0x00, 0x00, 0x00, 0x00, 0x00,
    0x00, 0x00, 0x00, 0x00, 0x00, 0x00, 0x00, 0x00, 0x00, 0x00, 0x00, 0x00,
    0x00, 0x00, 0x00, 0x00, 0x00, 0x00, 0x00, 0x00, 0x00, 0x00, 0x00, 0x00,
    0x00, 0x00, 0x00, 0x00, 0x00, 0x00, 0x00, 0x00, 0x00, 0x00, 0x00, 0x00,
    0x00, 0x00, 0x00, 0x00, 0x00, 0x00, 0x00, 0x00, 0x00, 0x00, 0x00, 0x00,
    0x00, 0x00, 0x00, 0x00, 0x00, 0x00, 0x00, 0x00, 0x00, 0x00, 0x00, 0x00,
    0x00, 0x00, 0x00, 0x00, 0x00, 0x00, 0x00, 0x00, 0x00, 0x00, 0x00, 0x00,
    0x00, 0x00, 0x00, 0x00, 0x00, 0x00, 0x00, 0x00, 0x00, 0x00, 0x00, 0x00,
    0x00, 0x00, 0x00, 0x00, 0x00, 0x00, 0x00, 0x00, 0x00, 0x00, 0x00, 0x00,
    0x00, 0x00, 0x00, 0x00, 0x00, 0x00, 0x00, 0x00, 0x00, 0x00, 0x00, 0x00,
    0x00, 0x00, 0x00, 0x00, 0x00, 0x00, 0x00, 0x00, 0x00, 0x00, 0x00, 0x00,
    0x00, 0x00, 0x00, 0x00, 0x00, 0x00, 0x00, 0x00, 0x00, 0x00, 0x00, 0x00,
    0x00, 0x00, 0x00, 0x00, 0x00, 0x00, 0x00, 0x00, 0x00, 0x00, 0x00, 0x00,
    0x00, 0x00, 0x00, 0x00, 0x00, 0x00, 0x00, 0x00, 0x00, 0x00, 0x00, 0x00,
    0x00, 0x00, 0x00, 0x00, 0x00, 0x00, 0x00, 0x00, 0x00, 0x00, 0x00, 0x00,
    0x00, 0x00, 0x00, 0x00, 0x00, 0x00, 0x00, 0x00, 0x00, 0x00, 0x00, 0x00,
    0x00, 0x00, 0x00, 0x00, 0x00, 0x00, 0x00, 0x00, 0x00, 0x00, 0x00, 0x00,
    0x00, 0x00, 0x00, 0x00, 0x00, 0x00, 0x00, 0x00, 0x00, 0x00, 0x00, 0x00,
    0x00, 0x00, 0x00, 0x00, 0x00, 0x00, 0x00, 0x00, 0x00, 0x00, 0x00, 0x00,
    0x00, 0x00, 0x00, 0x00, 0x00, 0x00, 0x00, 0x00, 0x00, 0x00, 0x00, 0x00,
    0x00, 0x00, 0x00, 0x00, 0x00, 0x00, 0x00, 0x00, 0x00, 0x00, 0x00, 0x00,
    0x00, 0x00, 0x00, 0x00, 0x00, 0x00, 0x00, 0x00, 0x00, 0x00, 0x00, 0x00,
    0x00, 0x00, 0x00, 0x00, 0x00, 0x00, 0x00, 0x00, 0x00, 0x00, 0x00, 0x00,
    0x00, 0x00, 0x00, 0x00, 0x00, 0x00, 0x00, 0x00, 0x00, 0x00, 0x00, 0x00,
    0x00, 0x00, 0x00, 0x00, 0x00, 0x00, 0x00, 0x00, 0x00, 0x00, 0x00, 0x00,
    0x00, 0x00, 0x00, 0x00, 0x00, 0x00, 0x00, 0x00, 0x00, 0x00, 0x00, 0x00,
    0x00, 0x00, 0x00, 0x00, 0x00, 0x00, 0x00, 0x00, 0x00, 0x00, 0x00, 0x00,
    0x00, 0x00, 0x00, 0x00, 0x00, 0x00, 0x00, 0x00, 0x00, 0x00, 0x00, 0x00,
    0x00, 0x00, 0x00, 0x00, 0x00, 0x00, 0x00, 0x00, 0x00, 0x00, 0x00, 0x00,
    0x00, 0x00, 0x00, 0x00, 0x00, 0x00, 0x00, 0x00, 0x00, 0x00, 0x00, 0x00,
    0x00, 0x00, 0x00, 0x00, 0x00, 0x00, 0x00, 0x00, 0x00, 0x00, 0x00, 0x00,
    0x00, 0x00, 0x00, 0x00, 0x00, 0x00, 0x00, 0x00, 0x00, 0x00, 0x00, 0x00,
    0x00, 0x00, 0x00, 0x00, 0xf8, 0xfc, 0xf8, 0x24, 0xf8, 0xfc, 0xf8, 0x34,
    0xf8, 0xfc, 0xf8, 0x34, 0xf8, 0xfc, 0xf8, 0x30, 0xf8, 0xfc, 0xf8, 0x34,
    0xf8, 0xfc, 0xf8, 0x34, 0xf8, 0xfc, 0xf8, 0x34, 0xf8, 0xfc, 0xf8, 0x34,
    0xf8, 0xfc, 0xf8, 0x34, 0xf8, 0xfc, 0xf8, 0x34, 0xf8, 0xfc, 0xf8, 0x34,
    0xf8, 0xfc, 0xf8, 0x34, 0xf8, 0xfc, 0xf8, 0x34, 0xf8, 0xfc, 0xf8, 0x34,
    0xf8, 0xfc, 0xf8, 0x30, 0xf8, 0xfc, 0xf8, 0x34, 0xf8, 0xfc, 0xf8, 0x34,
    0xf8, 0xfc, 0xf8, 0x30, 0xf8, 0xfc, 0xf8, 0x34, 0xf8, 0xfc, 0xf8, 0x34,
    0xf8, 0xfc, 0xf8, 0x30, 0xf8, 0xfc, 0xf8, 0x2c, 0x00, 0x00, 0x00, 0x00,
    0x00, 0x00, 0x00, 0x00, 0x00, 0x00, 0x00, 0x00, 0x00, 0x00, 0x00, 0x00,
    0x00, 0x00, 0x00, 0x00, 0x00, 0x00, 0x00, 0x00, 0x00, 0x00, 0x00, 0x00,
    0x00, 0x00, 0x00, 0x00, 0xf8, 0xfc, 0xf8, 0x1c, 0xf8, 0xfc, 0xf8, 0x34,
    0xf8, 0xfc, 0xf8, 0x34, 0xf8, 0xfc, 0xf8, 0x34, 0xf8, 0xfc, 0xf8, 0x34,
    0xf8, 0xfc, 0xf8, 0x34, 0xf8, 0xfc, 0xf8, 0x34, 0xf8, 0xfc, 0xf8, 0x34,
    0xf8, 0xfc, 0xf8, 0x30, 0xf8, 0xfc, 0xf8, 0x34, 0xf8, 0xfc, 0xf8, 0x34,
    0xf8, 0xfc, 0xf8, 0x34, 0xf8, 0xfc, 0xf8, 0x34, 0xf8, 0xfc, 0xf8, 0x34,
    0xf8, 0xfc, 0xf8, 0x30, 0xf8, 0xfc, 0xf8, 0x34, 0xf8, 0xfc, 0xf8, 0x34,
    0xf8, 0xfc, 0xf8, 0x30, 0xf8, 0xfc, 0xf8, 0x34, 0xf8, 0xfc, 0xf8, 0x34,
    0xf8, 0xfc, 0xf8, 0x34, 0xf8, 0xfc, 0xf8, 0x34, 0xf8, 0xfc, 0xf8, 0x0c,
    0x00, 0x00, 0x00, 0x00, 0x00, 0x00, 0x00, 0x00, 0x00, 0x00, 0x00, 0x00,
    0x00, 0x00, 0x00, 0x00, 0x00, 0x00, 0x00, 0x00, 0x00, 0x00, 0x00, 0x00,
    0x00, 0x00, 0x00, 0x00, 0x00, 0x00, 0x00, 0x00, 0x00, 0x00, 0x00, 0x00,
    0x00, 0x00, 0x00, 0x00, 0x00, 0x00, 0x00, 0x00, 0x00, 0x00, 0x00, 0x00,
    0x00, 0x00, 0x00, 0x00, 0x00, 0x00, 0x00, 0x00, 0x00, 0x00, 0x00, 0x00,
    0x00, 0x00, 0x00, 0x00, 0x00, 0x00, 0x00, 0x00, 0x00, 0x00, 0x00, 0x00,
    0x00, 0x00, 0x00, 0x00, 0x00, 0x00, 0x00, 0x00, 0x00, 0x00, 0x00, 0x00,
    0x00, 0x00, 0x00, 0x00, 0x00, 0x00, 0x00, 0x00, 0x00, 0x00, 0x00, 0x00,
    0x00, 0x00, 0x00, 0x00, 0x00, 0x00, 0x00, 0x00, 0x00, 0x00, 0x00, 0x00,
    0x00, 0x00, 0x00, 0x00, 0x00, 0x00, 0x00, 0x00, 0x00, 0x00, 0x00, 0x00,
    0x00, 0x00, 0x00, 0x00, 0x00, 0x00, 0x00, 0x00, 0x00, 0x00, 0x00, 0x00,
    0x00, 0x00, 0x00, 0x00, 0x00, 0x00, 0x00, 0x00, 0x00, 0x00, 0x00, 0x00,
    0x00, 0x00, 0x00, 0x00, 0x00, 0x00, 0x00, 0x00, 0x00, 0x00, 0x00, 0x00,
    0x00, 0x00, 0x00, 0x00, 0x00, 0x00, 0x00, 0x00, 0x00, 0x00, 0x00, 0x00,
    0x00, 0x00, 0x00, 0x00, 0x00, 0x00, 0x00, 0x00, 0x00, 0x00, 0x00, 0x00,
    0x00, 0x00, 0x00, 0x00, 0x00, 0x00, 0x00, 0x00, 0x00, 0x00, 0x00, 0x00,
    0x00, 0x00, 0x00, 0x00, 0x00, 0x00, 0x00, 0x00, 0x00, 0x00, 0x00, 0x00,
    0x00, 0x00, 0x00, 0x00, 0x00, 0x00, 0x00, 0x00, 0x00, 0x00, 0x00, 0x00,
    0x00, 0x00, 0x00, 0x00, 0x00, 0x00, 0x00, 0x00, 0x00, 0x00, 0x00, 0x00,
    0x00, 0x00, 0x00, 0x00, 0x00, 0x00, 0x00, 0x00, 0x00, 0x00, 0x00, 0x00,
    0x00, 0x00, 0x00, 0x00, 0x00, 0x00, 0x00, 0x00, 0x00, 0x00, 0x00, 0x00,
    0x00, 0x00, 0x00, 0x00, 0x00, 0x00, 0x00, 0x00, 0x00, 0x00, 0x00, 0x00,
    0x00, 0x00, 0x00, 0x00, 0x00, 0x00, 0x00, 0x00, 0x00, 0x00, 0x00, 0x00,
    0x00, 0x00, 0x00, 0x00, 0x00, 0x00, 0x00, 0x00, 0x00, 0x00, 0x00, 0x00,
    0x00, 0x00, 0x00, 0x00, 0x00, 0x00, 0x00, 0x00, 0x00, 0x00, 0x00, 0x00,
    0x00, 0x00, 0x00, 0x00, 0x00, 0x00, 0x00, 0x00, 0x00, 0x00, 0x00, 0x00,
    0x00, 0x00, 0x00, 0x00, 0x00, 0x00, 0x00, 0x00, 0x00, 0x00, 0x00, 0x00,
    0x00, 0x00, 0x00, 0x00, 0x00, 0x00, 0x00, 0x00, 0x00, 0x00, 0x00, 0x00,
    0x00, 0x00, 0x00, 0x00, 0x00, 0x00, 0x00, 0x00, 0x00, 0x00, 0x00, 0x00,
    0x00, 0x00, 0x00, 0x00, 0x00, 0x00, 0x00, 0x00, 0x00, 0x00, 0x00, 0x00,
    0x00, 0x00, 0x00, 0x00, 0x00, 0x00, 0x00, 0x00, 0x00, 0x00, 0x00, 0x00,
    0x00, 0x00, 0x00, 0x00, 0x00, 0x00, 0x00, 0x00, 0x00, 0x00, 0x00, 0x00,
    0xf8, 0xfc, 0xf8, 0x0c, 0xf8, 0xfc, 0xf8, 0x34, 0xf8, 0xfc, 0xf8, 0x34,
    0xf8, 0xfc, 0xf8, 0x34, 0xf8, 0xfc, 0xf8, 0x30, 0xf8, 0xfc, 0xf8, 0x34,
    0xf8, 0xfc, 0xf8, 0x34, 0xf8, 0xfc, 0xf8, 0x30, 0xf8, 0xfc, 0xf8, 0x34,
    0xf8, 0xfc, 0xf8, 0x30, 0xf8, 0xfc, 0xf8, 0x34, 0xf8, 0xfc, 0xf8, 0x30,
    0xf8, 0xfc, 0xf8, 0x34, 0xf8, 0xfc, 0xf8, 0x34, 0xf8, 0xfc, 0xf8, 0x30,
    0xf8, 0xfc, 0xf8, 0x34, 0xf8, 0xfc, 0xf8, 0x34, 0xf8, 0xfc, 0xf8, 0x34,
    0xf8, 0xfc, 0xf8, 0x30, 0xf8, 0xfc, 0xf8, 0x34, 0xf8, 0xfc, 0xf8, 0x34,
    0xf8, 0xfc, 0xf8, 0x34, 0xf8, 0xfc, 0xf8, 0x20, 0x00, 0x00, 0x00, 0x00,
    0x00, 0x00, 0x00, 0x00, 0x00, 0x00, 0x00, 0x00, 0x00, 0x00, 0x00, 0x00,
    0x00, 0x00, 0x00, 0x00, 0x00, 0x00, 0x00, 0x00, 0x00, 0x00, 0x00, 0x00,
    0x00, 0x00, 0x00, 0x00, 0xf8, 0xfc, 0xf8, 0x0c, 0xf8, 0xfc, 0xf8, 0x34,
    0xf8, 0xfc, 0xf8, 0x30, 0xf8, 0xfc, 0xf8, 0x34, 0xf8, 0xfc, 0xf8, 0x30,
    0xf8, 0xfc, 0xf8, 0x34, 0xf8, 0xfc, 0xf8, 0x34, 0xf8, 0xfc, 0xf8, 0x30,
    0xf8, 0xfc, 0xf8, 0x34, 0xf8, 0xfc, 0xf8, 0x34, 0xf8, 0xfc, 0xf8, 0x30,
    0xf8, 0xfc, 0xf8, 0x34, 0xf8, 0xfc, 0xf8, 0x34, 0xf8, 0xfc, 0xf8, 0x34,
    0xf8, 0xfc, 0xf8, 0x30, 0xf8, 0xfc, 0xf8, 0x34, 0xf8, 0xfc, 0xf8, 0x34,
    0xf8, 0xfc, 0xf8, 0x30, 0xf8, 0xfc, 0xf8, 0x34, 0xf8, 0xfc, 0xf8, 0x30,
    0xf8, 0xfc, 0xf8, 0x34, 0xf8, 0xfc, 0xf8, 0x34, 0xf8, 0xfc, 0xf8, 0x24,
    0x00, 0x00, 0x00, 0x00, 0x00, 0x00, 0x00, 0x00, 0x00, 0x00, 0x00, 0x00,
    0x00, 0x00, 0x00, 0x00, 0x00, 0x00, 0x00, 0x00, 0x00, 0x00, 0x00, 0x00,
    0x00, 0x00, 0x00, 0x00, 0x00, 0x00, 0x00, 0x00, 0x00, 0x00, 0x00, 0x00,
    0x00, 0x00, 0x00, 0x00, 0x00, 0x00, 0x00, 0x00, 0x00, 0x00, 0x00, 0x00,
    0x00, 0x00, 0x00, 0x00, 0x00, 0x00, 0x00, 0x00, 0x00, 0x00, 0x00, 0x00,
    0x00, 0x00, 0x00, 0x00, 0x00, 0x00, 0x00, 0x00, 0x00, 0x00, 0x00, 0x00,
    0x00, 0x00, 0x00, 0x00, 0x00, 0x00, 0x00, 0x00, 0x00, 0x00, 0x00, 0x00,
    0x00, 0x00, 0x00, 0x00, 0x00, 0x00, 0x00, 0x00, 0x00, 0x00, 0x00, 0x00,
    0x00, 0x00, 0x00, 0x00, 0x00, 0x00, 0x00, 0x00, 0x00, 0x00, 0x00, 0x00,
    0x00, 0x00, 0x00, 0x00, 0x00, 0x00, 0x00, 0x00, 0x00, 0x00, 0x00, 0x00,
    0x00, 0x00, 0x00, 0x00, 0x00, 0x00, 0x00, 0x00, 0x00, 0x00, 0x00, 0x00,
    0x00, 0x00, 0x00, 0x00, 0x00, 0x00, 0x00, 0x00, 0x00, 0x00, 0x00, 0x00,
    0x00, 0x00, 0x00, 0x00, 0x00, 0x00, 0x00, 0x00, 0x00, 0x00, 0x00, 0x00,
    0x00, 0x00, 0x00, 0x00, 0x00, 0x00, 0x00, 0x00, 0x00, 0x00, 0x00, 0x00,
    0x00, 0x00, 0x00, 0x00, 0x00, 0x00, 0x00, 0x00, 0x00, 0x00, 0x00, 0x00,
    0x00, 0x00, 0x00, 0x00, 0x00, 0x00, 0x00, 0x00, 0x00, 0x00, 0x00, 0x00,
    0x00, 0x00, 0x00, 0x00, 0x00, 0x00, 0x00, 0x00, 0x00, 0x00, 0x00, 0x00,
    0x00, 0x00, 0x00, 0x00, 0x00, 0x00, 0x00, 0x00, 0x00, 0x00, 0x00, 0x00,
    0x00, 0x00, 0x00, 0x00, 0x00, 0x00, 0x00, 0x00, 0x00, 0x00, 0x00, 0x00,
    0x00, 0x00, 0x00, 0x00, 0x00, 0x00, 0x00, 0x00, 0x00, 0x00, 0x00, 0x00,
    0x00, 0x00, 0x00, 0x00, 0x00, 0x00, 0x00, 0x00, 0x00, 0x00, 0x00, 0x00,
    0x00, 0x00, 0x00, 0x00, 0x00, 0x00, 0x00, 0x00, 0x00, 0x00, 0x00, 0x00,
    0x00, 0x00, 0x00, 0x00, 0x00, 0x00, 0x00, 0x00, 0x00, 0x00, 0x00, 0x00,
    0x00, 0x00, 0x00, 0x00, 0x00, 0x00, 0x00, 0x00, 0x00, 0x00, 0x00, 0x00,
    0x00, 0x00, 0x00, 0x00, 0x00, 0x00, 0x00, 0x00, 0x00, 0x00, 0x00, 0x00,
    0x00, 0x00, 0x00, 0x00, 0x00, 0x00, 0x00, 0x00, 0x00, 0x00, 0x00, 0x00,
    0x00, 0x00, 0x00, 0x00, 0x00, 0x00, 0x00, 0x00, 0x00, 0x00, 0x00, 0x00,
    0x00, 0x00, 0x00, 0x00, 0x00, 0x00, 0x00, 0x00, 0x00, 0x00, 0x00, 0x00,
    0x00, 0x00, 0x00, 0x00, 0x00, 0x00, 0x00, 0x00, 0x00, 0x00, 0x00, 0x00,
    0x00, 0x00, 0x00, 0x00, 0x00, 0x00, 0x00, 0x00, 0x00, 0x00, 0x00, 0x00,
    0x00, 0x00, 0x00, 0x00, 0x00, 0x00, 0x00, 0x00, 0x00, 0x00, 0x00, 0x00,
    0x00, 0x00, 0x00, 0x00, 0x00, 0x00, 0x00, 0x00, 0x00, 0x00, 0x00, 0x00,
    0xf8, 0xfc, 0xf8, 0x2c, 0xf8, 0xfc, 0xf8, 0x34, 0xf8, 0xfc, 0xf8, 0x34,
    0xf8, 0xfc, 0xf8, 0x34, 0xf8, 0xfc, 0xf8, 0x34, 0xf8, 0xfc, 0xf8, 0x34,
    0xf8, 0xfc, 0xf8, 0x30, 0xf8, 0xfc, 0xf8, 0x34, 0xf8, 0xfc, 0xf8, 0x34,
    0xf8, 0xfc, 0xf8, 0x34, 0xf8, 0xfc, 0xf8, 0x30, 0xf8, 0xfc, 0xf8, 0x34,
    0xf8, 0xfc, 0xf8, 0x34, 0xf8, 0xfc, 0xf8, 0x30, 0xf8, 0xfc, 0xf8, 0x34,
    0xf8, 0xfc, 0xf8, 0x34, 0xf8, 0xfc, 0xf8, 0x34, 0xf8, 0xfc, 0xf8, 0x30,
    0xf8, 0xfc, 0xf8, 0x34, 0xf8, 0xfc, 0xf8, 0x34, 0xf8, 0xfc, 0xf8, 0x30,
    0xf8, 0xfc, 0xf8, 0x34, 0xf8, 0xfc, 0xf8, 0x08, 0x00, 0x00, 0x00, 0x00,
    0x00, 0x00, 0x00, 0x00, 0x00, 0x00, 0x00, 0x00, 0x00, 0x00, 0x00, 0x00,
    0x00, 0x00, 0x00, 0x00, 0x00, 0x00, 0x00, 0x00, 0x00, 0x00, 0x00, 0x00,
    0x00, 0x00, 0x00, 0x00, 0x00, 0x00, 0x00, 0x00, 0xf8, 0xfc, 0xf8, 0x24,
    0xf8, 0xfc, 0xf8, 0x34, 0xf8, 0xfc, 0xf8, 0x34, 0xf8, 0xfc, 0xf8, 0x30,
    0xf8, 0xfc, 0xf8, 0x34, 0xf8, 0xfc, 0xf8, 0x34, 0xf8, 0xfc, 0xf8, 0x30,
    0xf8, 0xfc, 0xf8, 0x34, 0xf8, 0xfc, 0xf8, 0x34, 0xf8, 0xfc, 0xf8, 0x30,
    0xf8, 0xfc, 0xf8, 0x34, 0xf8, 0xfc, 0xf8, 0x34, 0xf8, 0xfc, 0xf8, 0x30,
    0xf8, 0xfc, 0xf8, 0x34, 0xf8, 0xfc, 0xf8, 0x34, 0xf8, 0xfc, 0xf8, 0x34,
    0xf8, 0xfc, 0xf8, 0x34, 0xf8, 0xfc, 0xf8, 0x34, 0xf8, 0xfc, 0xf8, 0x30,
    0xf8, 0xfc, 0xf8, 0x34, 0xf8, 0xfc, 0xf8, 0x34, 0xf8, 0xfc, 0xf8, 0x34,
    0xf8, 0xfc, 0xf8, 0x14, 0x00, 0x00, 0x00, 0x00, 0x00, 0x00, 0x00, 0x00,
    0x00, 0x00, 0x00, 0x00, 0x00, 0x00, 0x00, 0x00, 0x00, 0x00, 0x00, 0x00,
    0x00, 0x00, 0x00, 0x00, 0x00, 0x00, 0x00, 0x00, 0x00, 0x00, 0x00, 0x00,
    0x00, 0x00, 0x00, 0x00, 0x00, 0x00, 0x00, 0x00, 0x00, 0x00, 0x00, 0x00,
    0x00, 0x00, 0x00, 0x00, 0x00, 0x00, 0x00, 0x00, 0x00, 0x00, 0x00, 0x00,
    0x00, 0x00, 0x00, 0x00, 0x00, 0x00, 0x00, 0x00, 0x00, 0x00, 0x00, 0x00,
    0x00, 0x00, 0x00, 0x00, 0x00, 0x00, 0x00, 0x00, 0x00, 0x00, 0x00, 0x00,
    0x00, 0x00, 0x00, 0x00, 0x00, 0x00, 0x00, 0x00, 0x00, 0x00, 0x00, 0x00,
    0x00, 0x00, 0x00, 0x00, 0x00, 0x00, 0x00, 0x00, 0x00, 0x00, 0x00, 0x00,
    0x00, 0x00, 0x00, 0x00, 0x00, 0x00, 0x00, 0x00, 0x00, 0x00, 0x00, 0x00,
    0x00, 0x00, 0x00, 0x00, 0x00, 0x00, 0x00, 0x00, 0x00, 0x00, 0x00, 0x00,
    0x00, 0x00, 0x00, 0x00, 0x00, 0x00, 0x00, 0x00, 0x00, 0x00, 0x00, 0x00,
    0x00, 0x00, 0x00, 0x00, 0x00, 0x00, 0x00, 0x00, 0x00, 0x00, 0x00, 0x00,
    0x00, 0x00, 0x00, 0x00, 0x00, 0x00, 0x00, 0x00, 0x00, 0x00, 0x00, 0x00,
    0x00, 0x00, 0x00, 0x00, 0x00, 0x00, 0x00, 0x00, 0x00, 0x00, 0x00, 0x00,
    0x00, 0x00, 0x00, 0x00, 0x00, 0x00, 0x00, 0x00, 0x00, 0x00, 0x00, 0x00,
    0x00, 0x00, 0x00, 0x00, 0x00, 0x00, 0x00, 0x00, 0x00, 0x00, 0x00, 0x00,
    0x00, 0x00, 0x00, 0x00, 0x00, 0x00, 0x00, 0x00, 0x00, 0x00, 0x00, 0x00,
    0x00, 0x00, 0x00, 0x00, 0x00, 0x00, 0x00, 0x00, 0x00, 0x00, 0x00, 0x00,
    0x00, 0x00, 0x00, 0x00, 0x00, 0x00, 0x00, 0x00, 0x00, 0x00, 0x00, 0x00,
    0x00, 0x00, 0x00, 0x00, 0x00, 0x00, 0x00, 0x00, 0x00, 0x00, 0x00, 0x00,
    0x00, 0x00, 0x00, 0x00, 0x00, 0x00, 0x00, 0x00, 0x00, 0x00, 0x00, 0x00,
    0x00, 0x00, 0x00, 0x00, 0x00, 0x00, 0x00, 0x00, 0x00, 0x00, 0x00, 0x00,
    0x00, 0x00, 0x00, 0x00, 0x00, 0x00, 0x00, 0x00, 0x00, 0x00, 0x00, 0x00,
    0x00, 0x00, 0x00, 0x00, 0x00, 0x00, 0x00, 0x00, 0x00, 0x00, 0x00, 0x00,
    0x00, 0x00, 0x00, 0x00, 0x00, 0x00, 0x00, 0x00, 0x00, 0x00, 0x00, 0x00,
    0x00, 0x00, 0x00, 0x00, 0x00, 0x00, 0x00, 0x00, 0x00, 0x00, 0x00, 0x00,
    0x00, 0x00, 0x00, 0x00, 0x00, 0x00, 0x00, 0x00, 0x00, 0x00, 0x00, 0x00,
    0x00, 0x00, 0x00, 0x00, 0x00, 0x00, 0x00, 0x00, 0x00, 0x00, 0x00, 0x00,
    0x00, 0x00, 0x00, 0x00, 0x00, 0x00, 0x00, 0x00, 0x00, 0x00, 0x00, 0x00,
    0x00, 0x00, 0x00, 0x00, 0x00, 0x00, 0x00, 0x00, 0x00, 0x00, 0x00, 0x00,
    0x00, 0x00, 0x00, 0x00, 0x00, 0x00, 0x00, 0x00, 0xf8, 0xfc, 0xf8, 0x14,
    0xf8, 0xfc, 0xf8, 0x34, 0xf8, 0xfc, 0xf8, 0x34, 0xf8, 0xfc, 0xf8, 0x30,
    0xf8, 0xfc, 0xf8, 0x30, 0xf8, 0xfc, 0xf8, 0x34, 0xf8, 0xfc, 0xf8, 0x34,
    0xf8, 0xfc, 0xf8, 0x34, 0xf8, 0xfc, 0xf8, 0x34, 0xf8, 0xfc, 0xf8, 0x34,
    0xf8, 0xfc, 0xf8, 0x34, 0xf8, 0xfc, 0xf8, 0x34, 0xf8, 0xfc, 0xf8, 0x34,
    0xf8, 0xfc, 0xf8, 0x34, 0xf8, 0xfc, 0xf8, 0x34, 0xf8, 0xfc, 0xf8, 0x30,
    0xf8, 0xfc, 0xf8, 0x34, 0xf8, 0xfc, 0xf8, 0x34, 0xf8, 0xfc, 0xf8, 0x34,
    0xf8, 0xfc, 0xf8, 0x34, 0xf8, 0xfc, 0xf8, 0x34, 0xf8, 0xfc, 0xf8, 0x34,
    0xf8, 0xfc, 0xf8, 0x28, 0x00, 0x00, 0x00, 0x00, 0x00, 0x00, 0x00, 0x00,
    0x00, 0x00, 0x00, 0x00, 0x00, 0x00, 0x00, 0x00, 0x00, 0x00, 0x00, 0x00,
    0x00, 0x00, 0x00, 0x00, 0x00, 0x00, 0x00, 0x00, 0x00, 0x00, 0x00, 0x00,
    0x00, 0x00, 0x00, 0x00, 0x00, 0x00, 0x00, 0x00, 0xf8, 0xfc, 0xf8, 0x14,
    0xf8, 0xfc, 0xf8, 0x34, 0xf8, 0xfc, 0xf8, 0x34, 0xf8, 0xfc, 0xf8, 0x34,
    0xf8, 0xfc, 0xf8, 0x34, 0xf8, 0xfc, 0xf8, 0x34, 0xf8, 0xfc, 0xf8, 0x34,
    0xf8, 0xfc, 0xf8, 0x34, 0xf8, 0xfc, 0xf8, 0x34, 0xf8, 0xfc, 0xf8, 0x34,
    0xf8, 0xfc, 0xf8, 0x34, 0xf8, 0xfc, 0xf8, 0x30, 0xf8, 0xfc, 0xf8, 0x34,
    0xf8, 0xfc, 0xf8, 0x34, 0xf8, 0xfc, 0xf8, 0x30, 0xf8, 0xfc, 0xf8, 0x34,
    0xf8, 0xfc, 0xf8, 0x34, 0xf8, 0xfc, 0xf8, 0x34, 0xf8, 0xfc, 0xf8, 0x34,
    0xf8, 0xfc, 0xf8, 0x30, 0xf8, 0xfc, 0xf8, 0x34, 0xf8, 0xfc, 0xf8, 0x34,
    0xf8, 0xfc, 0xf8, 0x30, 0xf8, 0xfc, 0xf8, 0x04, 0x00, 0x00, 0x00, 0x00,
    0x00, 0x00, 0x00, 0x00, 0x00, 0x00, 0x00, 0x00, 0x00, 0x00, 0x00, 0x00,
    0x00, 0x00, 0x00, 0x00, 0x00, 0x00, 0x00, 0x00, 0x00, 0x00, 0x00, 0x00,
    0x00, 0x00, 0x00, 0x00, 0x00, 0x00, 0x00, 0x00, 0x00, 0x00, 0x00, 0x00,
    0x00, 0x00, 0x00, 0x00, 0x00, 0x00, 0x00, 0x00, 0x00, 0x00, 0x00, 0x00,
    0x00, 0x00, 0x00, 0x00, 0x00, 0x00, 0x00, 0x00, 0x00, 0x00, 0x00, 0x00,
    0x00, 0x00, 0x00, 0x00, 0x00, 0x00, 0x00, 0x00, 0x00, 0x00, 0x00, 0x00,
    0x00, 0x00, 0x00, 0x00, 0x00, 0x00, 0x00, 0x00, 0x00, 0x00, 0x00, 0x00,
    0x00, 0x00, 0x00, 0x00, 0x00, 0x00, 0x00, 0x00, 0x00, 0x00, 0x00, 0x00,
    0x00, 0x00, 0x00, 0x00, 0x00, 0x00, 0x00, 0x00, 0x00, 0x00, 0x00, 0x00,
    0x00, 0x00, 0x00, 0x00, 0x00, 0x00, 0x00, 0x00, 0x00, 0x00, 0x00, 0x00,
    0x00, 0x00, 0x00, 0x00, 0x00, 0x00, 0x00, 0x00, 0x00, 0x00, 0x00, 0x00,
    0x00, 0x00, 0x00, 0x00, 0x00, 0x00, 0x00, 0x00, 0x00, 0x00, 0x00, 0x00,
    0x00, 0x00, 0x00, 0x00, 0x00, 0x00, 0x00, 0x00, 0x00, 0x00, 0x00, 0x00,
    0x00, 0x00, 0x00, 0x00, 0x00, 0x00, 0x00, 0x00, 0x00, 0x00, 0x00, 0x00,
    0x00, 0x00, 0x00, 0x00, 0x00, 0x00, 0x00, 0x00, 0x00, 0x00, 0x00, 0x00,
    0x00, 0x00, 0x00, 0x00, 0x00, 0x00, 0x00, 0x00, 0x00, 0x00, 0x00, 0x00,
    0x00, 0x00, 0x00, 0x00, 0x00, 0x00, 0x00, 0x00, 0x00, 0x00, 0x00, 0x00,
    0x00, 0x00, 0x00, 0x00, 0x00, 0x00, 0x00, 0x00, 0x00, 0x00, 0x00, 0x00,
    0x00, 0x00, 0x00, 0x00, 0x00, 0x00, 0x00, 0x00, 0x00, 0x00, 0x00, 0x00,
    0x00, 0x00, 0x00, 0x00, 0x00, 0x00, 0x00, 0x00, 0x00, 0x00, 0x00, 0x00,
    0x00, 0x00, 0x00, 0x00, 0x00, 0x00, 0x00, 0x00, 0x00, 0x00, 0x00, 0x00,
    0x00, 0x00, 0x00, 0x00, 0x00, 0x00, 0x00, 0x00, 0x00, 0x00, 0x00, 0x00,
    0x00, 0x00, 0x00, 0x00, 0x00, 0x00, 0x00, 0x00, 0x00, 0x00, 0x00, 0x00,
    0x00, 0x00, 0x00, 0x00, 0x00, 0x00, 0x00, 0x00, 0x00, 0x00, 0x00, 0x00,
    0x00, 0x00, 0x00, 0x00, 0x00, 0x00, 0x00, 0x00, 0x00, 0x00, 0x00, 0x00,
    0x00, 0x00, 0x00, 0x00, 0x00, 0x00, 0x00, 0x00, 0x00, 0x00, 0x00, 0x00,
    0x00, 0x00, 0x00, 0x00, 0x00, 0x00, 0x00, 0x00, 0x00, 0x00, 0x00, 0x00,
    0x00, 0x00, 0x00, 0x00, 0x00, 0x00, 0x00, 0x00, 0x00, 0x00, 0x00, 0x00,
    0x00, 0x00, 0x00, 0x00, 0x00, 0x00, 0x00, 0x00, 0x00, 0x00, 0x00, 0x00,
    0x00, 0x00, 0x00, 0x00, 0x00, 0x00, 0x00, 0x00, 0x00, 0x00, 0x00, 0x00,
    0x00, 0x00, 0x00, 0x00, 0xf8, 0xfc, 0xf8, 0x08, 0xf8, 0xfc, 0xf8, 0x2c,
    0xf8, 0xfc, 0xf8, 0x34, 0xf8, 0xfc, 0xf8, 0x34, 0xf8, 0xfc, 0xf8, 0x34,
    0xf8, 0xfc, 0xf8, 0x34, 0xf8, 0xfc, 0xf8, 0x30, 0xf8, 0xfc, 0xf8, 0x34,
    0xf8, 0xfc, 0xf8, 0x34, 0xf8, 0xfc, 0xf8, 0x30, 0xf8, 0xfc, 0xf8, 0x30,
    0xf8, 0xfc, 0xf8, 0x34, 0xf8, 0xfc, 0xf8, 0x34, 0xf8, 0xfc, 0xf8, 0x30,
    0xf8, 0xfc, 0xf8, 0x34, 0xf8, 0xfc, 0xf8, 0x34, 0xf8, 0xfc, 0xf8, 0x34,
    0xf8, 0xfc, 0xf8, 0x30, 0xf8, 0xfc, 0xf8, 0x34, 0xf8, 0xfc, 0xf8, 0x34,
    0xf8, 0xfc, 0xf8, 0x30, 0xf8, 0xfc, 0xf8, 0x34, 0xf8, 0xfc, 0xf8, 0x34,
    0xf8, 0xfc, 0xf8, 0x14, 0x00, 0x00, 0x00, 0x00, 0x00, 0x00, 0x00, 0x00,
    0x00, 0x00, 0x00, 0x00, 0x00, 0x00, 0x00, 0x00, 0x00, 0x00, 0x00, 0x00,
    0x00, 0x00, 0x00, 0x00, 0x00, 0x00, 0x00, 0x00, 0x00, 0x00, 0x00, 0x00,
    0x00, 0x00, 0x00, 0x00, 0x00, 0x00, 0x00, 0x00, 0xf8, 0xfc, 0xf8, 0x04,
    0xf8, 0xfc, 0xf8, 0x30, 0xf8, 0xfc, 0xf8, 0x34, 0xf8, 0xfc, 0xf8, 0x30,
    0xf8, 0xfc, 0xf8, 0x34, 0xf8, 0xfc, 0xf8, 0x30, 0xf8, 0xfc, 0xf8, 0x34,
    0xf8, 0xfc, 0xf8, 0x34, 0xf8, 0xfc, 0xf8, 0x30, 0xf8, 0xfc, 0xf8, 0x34,
    0xf8, 0xfc, 0xf8, 0x34, 0xf8, 0xfc, 0xf8, 0x34, 0xf8, 0xfc, 0xf8, 0x34,
    0xf8, 0xfc, 0xf8, 0x34, 0xf8, 0xfc, 0xf8, 0x30, 0xf8, 0xfc, 0xf8, 0x34,
    0xf8, 0xfc, 0xf8, 0x30, 0xf8, 0xfc, 0xf8, 0x34, 0xf8, 0xfc, 0xf8, 0x34,
    0xf8, 0xfc, 0xf8, 0x34, 0xf8, 0xfc, 0xf8, 0x30, 0xf8, 0xfc, 0xf8, 0x34,
    0xf8, 0xfc, 0xf8, 0x30, 0xf8, 0xfc, 0xf8, 0x1c, 0x00, 0x00, 0x00, 0x00,
    0x00, 0x00, 0x00, 0x00, 0x00, 0x00, 0x00, 0x00, 0x00, 0x00, 0x00, 0x00,
    0x00, 0x00, 0x00, 0x00, 0x00, 0x00, 0x00, 0x00, 0x00, 0x00, 0x00, 0x00,
    0x00, 0x00, 0x00, 0x00, 0x00, 0x00, 0x00, 0x00, 0x00, 0x00, 0x00, 0x00,
    0x00, 0x00, 0x00, 0x00, 0x00, 0x00, 0x00, 0x00, 0x00, 0x00, 0x00, 0x00,
    0x00, 0x00, 0x00, 0x00, 0x00, 0x00, 0x00, 0x00, 0x00, 0x00, 0x00, 0x00,
    0x00, 0x00, 0x00, 0x00, 0x00, 0x00, 0x00, 0x00, 0x00, 0x00, 0x00, 0x00,
    0x00, 0x00, 0x00, 0x00, 0x00, 0x00, 0x00, 0x00, 0x00, 0x00, 0x00, 0x00,
    0x00, 0x00, 0x00, 0x00, 0x00, 0x00, 0x00, 0x00, 0x00, 0x00, 0x00, 0x00,
    0x00, 0x00, 0x00, 0x00, 0x00, 0x00, 0x00, 0x00, 0x00, 0x00, 0x00, 0x00,
    0x00, 0x00, 0x00, 0x00, 0x00, 0x00, 0x00, 0x00, 0x00, 0x00, 0x00, 0x00,
    0x00, 0x00, 0x00, 0x00, 0x00, 0x00, 0x00, 0x00, 0x00, 0x00, 0x00, 0x00,
    0x00, 0x00, 0x00, 0x00, 0x00, 0x00, 0x00, 0x00, 0x00, 0x00, 0x00, 0x00,
    0x00, 0x00, 0x00, 0x00, 0x00, 0x00, 0x00, 0x00, 0x00, 0x00, 0x00, 0x00,
    0x00, 0x00, 0x00, 0x00, 0x00, 0x00, 0x00, 0x00, 0x00, 0x00, 0x00, 0x00,
    0x00, 0x00, 0x00, 0x00, 0x00, 0x00, 0x00, 0x00, 0x00, 0x00, 0x00, 0x00,
    0x00, 0x00, 0x00, 0x00, 0x00, 0x00, 0x00, 0x00, 0x00, 0x00, 0x00, 0x00,
    0x00, 0x00, 0x00, 0x00, 0x00, 0x00, 0x00, 0x00, 0x00, 0x00, 0x00, 0x00,
    0x00, 0x00, 0x00, 0x00, 0x00, 0x00, 0x00, 0x00, 0x00, 0x00, 0x00, 0x00,
    0x00, 0x00, 0x00, 0x00, 0x00, 0x00, 0x00, 0x00, 0x00, 0x00, 0x00, 0x00,
    0x00, 0x00, 0x00, 0x00, 0x00, 0x00, 0x00, 0x00, 0x00, 0x00, 0x00, 0x00,
    0x00, 0x00, 0x00, 0x00, 0x00, 0x00, 0x00, 0x00, 0x00, 0x00, 0x00, 0x00,
    0x00, 0x00, 0x00, 0x00, 0x00, 0x00, 0x00, 0x00, 0x00, 0x00, 0x00, 0x00,
    0x00, 0x00, 0x00, 0x00, 0x00, 0x00, 0x00, 0x00, 0x00, 0x00, 0x00, 0x00,
    0x00, 0x00, 0x00, 0x00, 0x00, 0x00, 0x00, 0x00, 0x00, 0x00, 0x00, 0x00,
    0x00, 0x00, 0x00, 0x00, 0x00, 0x00, 0x00, 0x00, 0x00, 0x00, 0x00, 0x00,
    0x00, 0x00, 0x00, 0x00, 0x00, 0x00, 0x00, 0x00, 0x00, 0x00, 0x00, 0x00,
    0x00, 0x00, 0x00, 0x00, 0x00, 0x00, 0x00, 0x00, 0x00, 0x00, 0x00, 0x00,
    0x00, 0x00, 0x00, 0x00, 0x00, 0x00, 0x00, 0x00, 0x00, 0x00, 0x00, 0x00,
    0x00, 0x00, 0x00, 0x00, 0x00, 0x00, 0x00, 0x00, 0x00, 0x00, 0x00, 0x00,
    0x00, 0x00, 0x00, 0x00, 0x00, 0x00, 0x00, 0x00, 0x00, 0x00, 0x00, 0x00,
    0x00, 0x00, 0x00, 0x00, 0xf8, 0xfc, 0xf8, 0x1c, 0xf8, 0xfc, 0xf8, 0x34,
    0xf8, 0xfc, 0xf8, 0x30, 0xf8, 0xfc, 0xf8, 0x34, 0xf8, 0xfc, 0xf8, 0x34,
    0xf8, 0xfc, 0xf8, 0x34, 0xf8, 0xfc, 0xf8, 0x34, 0xf8, 0xfc, 0xf8, 0x30,
    0xf8, 0xfc, 0xf8, 0x34, 0xf8, 0xfc, 0xf8, 0x34, 0xf8, 0xfc, 0xf8, 0x34,
    0xf8, 0xfc, 0xf8, 0x34, 0xf8, 0xfc, 0xf8, 0x30, 0xf8, 0xfc, 0xf8, 0x34,
    0xf8, 0xfc, 0xf8, 0x30, 0xf8, 0xfc, 0xf8, 0x34, 0xf8, 0xfc, 0xf8, 0x34,
    0xf8, 0xfc, 0xf8, 0x34, 0xf8, 0xfc, 0xf8, 0x30, 0xf8, 0xfc, 0xf8, 0x34,
    0xf8, 0xfc, 0xf8, 0x34, 0xf8, 0xfc, 0xf8, 0x30, 0xf8, 0xfc, 0xf8, 0x2c,
    0x00, 0x00, 0x00, 0x00, 0x00, 0x00, 0x00, 0x00, 0x00, 0x00, 0x00, 0x00,
    0x00, 0x00, 0x00, 0x00, 0x00, 0x00, 0x00, 0x00, 0x00, 0x00, 0x00, 0x00,
    0x00, 0x00, 0x00, 0x00, 0x00, 0x00, 0x00, 0x00, 0x00, 0x00, 0x00, 0x00,
    0x00, 0x00, 0x00, 0x00, 0x00, 0x00, 0x00, 0x00, 0x00, 0x00, 0x00, 0x00,
    0xf8, 0xfc, 0xf8, 0x18, 0xf8, 0xfc, 0xf8, 0x34, 0xf8, 0xfc, 0xf8, 0x34,
    0xf8, 0xfc, 0xf8, 0x34, 0xf8, 0xfc, 0xf8, 0x30, 0xf8, 0xfc, 0xf8, 0x34,
    0xf8, 0xfc, 0xf8, 0x34, 0xf8, 0xfc, 0xf8, 0x30, 0xf8, 0xfc, 0xf8, 0x34,
    0xf8, 0xfc, 0xf8, 0x30, 0xf8, 0xfc, 0xf8, 0x34, 0xf8, 0xfc, 0xf8, 0x34,
    0xf8, 0xfc, 0xf8, 0x30, 0xf8, 0xfc, 0xf8, 0x34, 0xf8, 0xfc, 0xf8, 0x34,
    0xf8, 0xfc, 0xf8, 0x34, 0xf8, 0xfc, 0xf8, 0x30, 0xf8, 0xfc, 0xf8, 0x34,
    0xf8, 0xfc, 0xf8, 0x34, 0xf8, 0xfc, 0xf8, 0x34, 0xf8, 0xfc, 0xf8, 0x34,
    0xf8, 0xfc, 0xf8, 0x34, 0xf8, 0xfc, 0xf8, 0x34, 0xf8, 0xfc, 0xf8, 0x0c,
    0x00, 0x00, 0x00, 0x00, 0x00, 0x00, 0x00, 0x00, 0x00, 0x00, 0x00, 0x00,
    0x00, 0x00, 0x00, 0x00, 0x00, 0x00, 0x00, 0x00, 0x00, 0x00, 0x00, 0x00,
    0x00, 0x00, 0x00, 0x00, 0x00, 0x00, 0x00, 0x00, 0x00, 0x00, 0x00, 0x00,
    0x00, 0x00, 0x00, 0x00, 0x00, 0x00, 0x00, 0x00, 0x00, 0x00, 0x00, 0x00,
    0x00, 0x00, 0x00, 0x00, 0x00, 0x00, 0x00, 0x00, 0x00, 0x00, 0x00, 0x00,
    0x00, 0x00, 0x00, 0x00, 0x00, 0x00, 0x00, 0x00, 0x00, 0x00, 0x00, 0x00,
    0x00, 0x00, 0x00, 0x00, 0x00, 0x00, 0x00, 0x00, 0x00, 0x00, 0x00, 0x00,
    0x00, 0x00, 0x00, 0x00, 0x00, 0x00, 0x00, 0x00, 0x00, 0x00, 0x00, 0x00,
    0x00, 0x00, 0x00, 0x00, 0x00, 0x00, 0x00, 0x00, 0x00, 0x00, 0x00, 0x00,
    0x00, 0x00, 0x00, 0x00, 0x00, 0x00, 0x00, 0x00, 0x00, 0x00, 0x00, 0x00,
    0x00, 0x00, 0x00, 0x00, 0x00, 0x00, 0x00, 0x00, 0x00, 0x00, 0x00, 0x00,
    0x00, 0x00, 0x00, 0x00, 0x00, 0x00, 0x00, 0x00, 0x00, 0x00, 0x00, 0x00,
    0x00, 0x00, 0x00, 0x00, 0x00, 0x00, 0x00, 0x00, 0x00, 0x00, 0x00, 0x00,
    0x00, 0x00, 0x00, 0x00, 0x00, 0x00, 0x00, 0x00, 0x00, 0x00, 0x00, 0x00,
    0x00, 0x00, 0x00, 0x00, 0x00, 0x00, 0x00, 0x00, 0x00, 0x00, 0x00, 0x00,
    0x00, 0x00, 0x00, 0x00, 0x00, 0x00, 0x00, 0x00, 0x00, 0x00, 0x00, 0x00,
    0x00, 0x00, 0x00, 0x00, 0x00, 0x00, 0x00, 0x00, 0x00, 0x00, 0x00, 0x00,
    0x00, 0x00, 0x00, 0x00, 0x00, 0x00, 0x00, 0x00, 0x00, 0x00, 0x00, 0x00,
    0x00, 0x00, 0x00, 0x00, 0x00, 0x00, 0x00, 0x00, 0x00, 0x00, 0x00, 0x00,
    0x00, 0x00, 0x00, 0x00, 0x00, 0x00, 0x00, 0x00, 0x00, 0x00, 0x00, 0x00,
    0x00, 0x00, 0x00, 0x00, 0x00, 0x00, 0x00, 0x00, 0x00, 0x00, 0x00, 0x00,
    0x00, 0x00, 0x00, 0x00, 0x00, 0x00, 0x00, 0x00, 0x00, 0x00, 0x00, 0x00,
    0x00, 0x00, 0x00, 0x00, 0x00, 0x00, 0x00, 0x00, 0x00, 0x00, 0x00, 0x00,
    0x00, 0x00, 0x00, 0x00, 0x00, 0x00, 0x00, 0x00, 0x00, 0x00, 0x00, 0x00,
    0x00, 0x00, 0x00, 0x00, 0x00, 0x00, 0x00, 0x00, 0x00, 0x00, 0x00, 0x00,
    0x00, 0x00, 0x00, 0x00, 0x00, 0x00, 0x00, 0x00, 0x00, 0x00, 0x00, 0x00,
    0x00, 0x00, 0x00, 0x00, 0x00, 0x00, 0x00, 0x00, 0x00, 0x00, 0x00, 0x00,
    0x00, 0x00, 0x00, 0x00, 0x00, 0x00, 0x00, 0x00, 0x00, 0x00, 0x00, 0x00,
    0x00, 0x00, 0x00, 0x00, 0x00, 0x00, 0x00, 0x00, 0x00, 0x00, 0x00, 0x00,
    0x00, 0x00, 0x00, 0x00, 0x00, 0x00, 0x00, 0x00, 0x00, 0x00, 0x00, 0x00,
    0xf8, 0xfc, 0xf8, 0x08, 0xf8, 0xfc, 0xf8, 0x34, 0xf8, 0xfc, 0xf8, 0x34,
    0xf8, 0xfc, 0xf8, 0x34, 0xf8, 0xfc, 0xf8, 0x30, 0xf8, 0xfc, 0xf8, 0x34,
    0xf8, 0xfc, 0xf8, 0x34, 0xf8, 0xfc, 0xf8, 0x34, 0xf8, 0xfc, 0xf8, 0x34,
    0xf8, 0xfc, 0xf8, 0x30, 0xf8, 0xfc, 0xf8, 0x34, 0xf8, 0xfc, 0xf8, 0x34,
    0xf8, 0xfc, 0xf8, 0x34, 0xf8, 0xfc, 0xf8, 0x34, 0xf8, 0xfc, 0xf8, 0x34,
    0xf8, 0xfc, 0xf8, 0x34, 0xf8, 0xfc, 0xf8, 0x30, 0xf8, 0xfc, 0xf8, 0x34,
    0xf8, 0xfc, 0xf8, 0x34, 0xf8, 0xfc, 0xf8, 0x34, 0xf8, 0xfc, 0xf8, 0x34,
    0xf8, 0xfc, 0xf8, 0x34, 0xf8, 0xfc, 0xf8, 0x34, 0xf8, 0xfc, 0xf8, 0x1c,
    0x00, 0x00, 0x00, 0x00, 0x00, 0x00, 0x00, 0x00, 0x00, 0x00, 0x00, 0x00,
    0x00, 0x00, 0x00, 0x00, 0x00, 0x00, 0x00, 0x00, 0x00, 0x00, 0x00, 0x00,
    0x00, 0x00, 0x00, 0x00, 0x00, 0x00, 0x00, 0x00, 0x00, 0x00, 0x00, 0x00,
    0x00, 0x00, 0x00, 0x00, 0x00, 0x00, 0x00, 0x00, 0x00, 0x00, 0x00, 0x00,
    0xf8, 0xfc, 0xf8, 0x04, 0xf8, 0xfc, 0xf8, 0x34, 0xf8, 0xfc, 0xf8, 0x34,
    0xf8, 0xfc, 0xf8, 0x34, 0xf8, 0xfc, 0xf8, 0x34, 0xf8, 0xfc, 0xf8, 0x34,
    0xf8, 0xfc, 0xf8, 0x34, 0xf8, 0xfc, 0xf8, 0x34, 0xf8, 0xfc, 0xf8, 0x34,
    0xf8, 0xfc, 0xf8, 0x34, 0xf8, 0xfc, 0xf8, 0x30, 0xf8, 0xfc, 0xf8, 0x34,
    0xf8, 0xfc, 0xf8, 0x34, 0xf8, 0xfc, 0xf8, 0x34, 0xf8, 0xfc, 0xf8, 0x34,
    0xf8, 0xfc, 0xf8, 0x34, 0xf8, 0xfc, 0xf8, 0x30, 0xf8, 0xfc, 0xf8, 0x34,
    0xf8, 0xfc, 0xf8, 0x34, 0xf8, 0xfc, 0xf8, 0x30, 0xf8, 0xfc, 0xf8, 0x34,
    0xf8, 0xfc, 0xf8, 0x34, 0xf8, 0xfc, 0xf8, 0x34, 0xf8, 0xfc, 0xf8, 0x2c,
    0xf8, 0xfc, 0xf8, 0x04, 0x00, 0x00, 0x00, 0x00, 0x00, 0x00, 0x00, 0x00,
    0x00, 0x00, 0x00, 0x00, 0x00, 0x00, 0x00, 0x00, 0x00, 0x00, 0x00, 0x00,
    0x00, 0x00, 0x00, 0x00, 0x00, 0x00, 0x00, 0x00, 0x00, 0x00, 0x00, 0x00,
    0x00, 0x00, 0x00, 0x00, 0x00, 0x00, 0x00, 0x00, 0x00, 0x00, 0x00, 0x00,
    0x00, 0x00, 0x00, 0x00, 0x00, 0x00, 0x00, 0x00, 0x00, 0x00, 0x00, 0x00,
    0x00, 0x00, 0x00, 0x00, 0x00, 0x00, 0x00, 0x00, 0x00, 0x00, 0x00, 0x00,
    0x00, 0x00, 0x00, 0x00, 0x00, 0x00, 0x00, 0x00, 0x00, 0x00, 0x00, 0x00,
    0x00, 0x00, 0x00, 0x00, 0x00, 0x00, 0x00, 0x00, 0x00, 0x00, 0x00, 0x00,
    0x00, 0x00, 0x00, 0x00, 0x00, 0x00, 0x00, 0x00, 0x00, 0x00, 0x00, 0x00,
    0x00, 0x00, 0x00, 0x00, 0x00, 0x00, 0x00, 0x00, 0x00, 0x00, 0x00, 0x00,
    0x00, 0x00, 0x00, 0x00, 0x00, 0x00, 0x00, 0x00, 0x00, 0x00, 0x00, 0x00,
    0x00, 0x00, 0x00, 0x00, 0x00, 0x00, 0x00, 0x00, 0x00, 0x00, 0x00, 0x00,
    0x00, 0x00, 0x00, 0x00, 0x00, 0x00, 0x00, 0x00, 0x00, 0x00, 0x00, 0x00,
    0x00, 0x00, 0x00, 0x00, 0x00, 0x00, 0x00, 0x00, 0x00, 0x00, 0x00, 0x00,
    0x00, 0x00, 0x00, 0x00, 0x00, 0x00, 0x00, 0x00, 0x00, 0x00, 0x00, 0x00,
    0x00, 0x00, 0x00, 0x00, 0x00, 0x00, 0x00, 0x00, 0x00, 0x00, 0x00, 0x00,
    0x00, 0x00, 0x00, 0x00, 0x00, 0x00, 0x00, 0x00, 0x00, 0x00, 0x00, 0x00,
    0x00, 0x00, 0x00, 0x00, 0x00, 0x00, 0x00, 0x00, 0x00, 0x00, 0x00, 0x00,
    0x00, 0x00, 0x00, 0x00, 0x00, 0x00, 0x00, 0x00, 0x00, 0x00, 0x00, 0x00,
    0x00, 0x00, 0x00, 0x00, 0x00, 0x00, 0x00, 0x00, 0x00, 0x00, 0x00, 0x00,
    0x00, 0x00, 0x00, 0x00, 0x00, 0x00, 0x00, 0x00, 0x00, 0x00, 0x00, 0x00,
    0x00, 0x00, 0x00, 0x00, 0x00, 0x00, 0x00, 0x00, 0x00, 0x00, 0x00, 0x00,
    0x00, 0x00, 0x00, 0x00, 0x00, 0x00, 0x00, 0x00, 0x00, 0x00, 0x00, 0x00,
    0x00, 0x00, 0x00, 0x00, 0x00, 0x00, 0x00, 0x00, 0x00, 0x00, 0x00, 0x00,
    0x00, 0x00, 0x00, 0x00, 0x00, 0x00, 0x00, 0x00, 0x00, 0x00, 0x00, 0x00,
    0x00, 0x00, 0x00, 0x00, 0x00, 0x00, 0x00, 0x00, 0x00, 0x00, 0x00, 0x00,
    0x00, 0x00, 0x00, 0x00, 0x00, 0x00, 0x00, 0x00, 0x00, 0x00, 0x00, 0x00,
    0x00, 0x00, 0x00, 0x00, 0x00, 0x00, 0x00, 0x00, 0x00, 0x00, 0x00, 0x00,
    0x00, 0x00, 0x00, 0x00, 0x00, 0x00, 0x00, 0x00, 0x00, 0x00, 0x00, 0x00,
    0x00, 0x00, 0x00, 0x00, 0x00, 0x00, 0x00, 0x00, 0xf8, 0xfc, 0xf8, 0x04,
    0xf8, 0xfc, 0xf8, 0x2c, 0xf8, 0xfc, 0xf8, 0x34, 0xf8, 0xfc, 0xf8, 0x34,
    0xf8, 0xfc, 0xf8, 0x30, 0xf8, 0xfc, 0xf8, 0x34, 0xf8, 0xfc, 0xf8, 0x34,
    0xf8, 0xfc, 0xf8, 0x30, 0xf8, 0xfc, 0xf8, 0x34, 0xf8, 0xfc, 0xf8, 0x34,
    0xf8, 0xfc, 0xf8, 0x34, 0xf8, 0xfc, 0xf8, 0x30, 0xf8, 0xfc, 0xf8, 0x34,
    0xf8, 0xfc, 0xf8, 0x30, 0xf8, 0xfc, 0xf8, 0x34, 0xf8, 0xfc, 0xf8, 0x34,
    0xf8, 0xfc, 0xf8, 0x34, 0xf8, 0xfc, 0xf8, 0x34, 0xf8, 0xfc, 0xf8, 0x30,
    0xf8, 0xfc, 0xf8, 0x34, 0xf8, 0xfc, 0xf8, 0x30, 0xf8, 0xfc, 0xf8, 0x30,
    0xf8, 0xfc, 0xf8, 0x34, 0xf8, 0xfc, 0xf8, 0x34, 0xf8, 0xfc, 0xf8, 0x04,
    0x00, 0x00, 0x00, 0x00, 0x00, 0x00, 0x00, 0x00, 0x00, 0x00, 0x00, 0x00,
    0x00, 0x00, 0x00, 0x00, 0x00, 0x00, 0x00, 0x00, 0x00, 0x00, 0x00, 0x00,
    0x00, 0x00, 0x00, 0x00, 0x00, 0x00, 0x00, 0x00, 0x00, 0x00, 0x00, 0x00,
    0x00, 0x00, 0x00, 0x00, 0x00, 0x00, 0x00, 0x00, 0x00, 0x00, 0x00, 0x00,
    0x00, 0x00, 0x00, 0x00, 0xf8, 0xfc, 0xf8, 0x1c, 0xf8, 0xfc, 0xf8, 0x30,
    0xf8, 0xfc, 0xf8, 0x34, 0xf8, 0xfc, 0xf8, 0x30, 0xf8, 0xfc, 0xf8, 0x34,
    0xf8, 0xfc, 0xf8, 0x30, 0xf8, 0xfc, 0xf8, 0x34, 0xf8, 0xfc, 0xf8, 0x34,
    0xf8, 0xfc, 0xf8, 0x34, 0xf8, 0xfc, 0xf8, 0x34, 0xf8, 0xfc, 0xf8, 0x30,
    0xf8, 0xfc, 0xf8, 0x34, 0xf8, 0xfc, 0xf8, 0x34, 0xf8, 0xfc, 0xf8, 0x30,
    0xf8, 0xfc, 0xf8, 0x34, 0xf8, 0xfc, 0xf8, 0x34, 0xf8, 0xfc, 0xf8, 0x34,
    0xf8, 0xfc, 0xf8, 0x30, 0xf8, 0xfc, 0xf8, 0x34, 0xf8, 0xfc, 0xf8, 0x30,
    0xf8, 0xfc, 0xf8, 0x34, 0xf8, 0xfc, 0xf8, 0x34, 0xf8, 0xfc, 0xf8, 0x30,
    0xf8, 0xfc, 0xf8, 0x1c, 0x00, 0x00, 0x00, 0x00, 0x00, 0x00, 0x00, 0x00,
    0x00, 0x00, 0x00, 0x00, 0x00, 0x00, 0x00, 0x00, 0x00, 0x00, 0x00, 0x00,
    0x00, 0x00, 0x00, 0x00, 0x00, 0x00, 0x00, 0x00, 0x00, 0x00, 0x00, 0x00,
    0x00, 0x00, 0x00, 0x00, 0x00, 0x00, 0x00, 0x00, 0x00, 0x00, 0x00, 0x00,
    0x00, 0x00, 0x00, 0x00, 0x00, 0x00, 0x00, 0x00, 0x00, 0x00, 0x00, 0x00,
    0x00, 0x00, 0x00, 0x00, 0x00, 0x00, 0x00, 0x00, 0x00, 0x00, 0x00, 0x00,
    0x00, 0x00, 0x00, 0x00, 0x00, 0x00, 0x00, 0x00, 0x00, 0x00, 0x00, 0x00,
    0x00, 0x00, 0x00, 0x00, 0x00, 0x00, 0x00, 0x00, 0x00, 0x00, 0x00, 0x00,
    0x00, 0x00, 0x00, 0x00, 0x00, 0x00, 0x00, 0x00, 0x00, 0x00, 0x00, 0x00,
    0x00, 0x00, 0x00, 0x00, 0x00, 0x00, 0x00, 0x00, 0x00, 0x00, 0x00, 0x00,
    0x00, 0x00, 0x00, 0x00, 0x00, 0x00, 0x00, 0x00, 0x00, 0x00, 0x00, 0x00,
    0x00, 0x00, 0x00, 0x00, 0x00, 0x00, 0x00, 0x00, 0x00, 0x00, 0x00, 0x00,
    0x00, 0x00, 0x00, 0x00, 0x00, 0x00, 0x00, 0x00, 0x00, 0x00, 0x00, 0x00,
    0x00, 0x00, 0x00, 0x00, 0x00, 0x00, 0x00, 0x00, 0x00, 0x00, 0x00, 0x00,
    0x00, 0x00, 0x00, 0x00, 0x00, 0x00, 0x00, 0x00, 0x00, 0x00, 0x00, 0x00,
    0x00, 0x00, 0x00, 0x00, 0x00, 0x00, 0x00, 0x00, 0x00, 0x00, 0x00, 0x00,
    0x00, 0x00, 0x00, 0x00, 0x00, 0x00, 0x00, 0x00, 0x00, 0x00, 0x00, 0x00,
    0x00, 0x00, 0x00, 0x00, 0x00, 0x00, 0x00, 0x00, 0x00, 0x00, 0x00, 0x00,
    0x00, 0x00, 0x00, 0x00, 0x00, 0x00, 0x00, 0x00, 0x00, 0x00, 0x00, 0x00,
    0x00, 0x00, 0x00, 0x00, 0x00, 0x00, 0x00, 0x00, 0x00, 0x00, 0x00, 0x00,
    0x00, 0x00, 0x00, 0x00, 0x00, 0x00, 0x00, 0x00, 0x00, 0x00, 0x00, 0x00,
    0x00, 0x00, 0x00, 0x00, 0x00, 0x00, 0x00, 0x00, 0x00, 0x00, 0x00, 0x00,
    0x00, 0x00, 0x00, 0x00, 0x00, 0x00, 0x00, 0x00, 0x00, 0x00, 0x00, 0x00,
    0x00, 0x00, 0x00, 0x00, 0x00, 0x00, 0x00, 0x00, 0x00, 0x00, 0x00, 0x00,
    0x00, 0x00, 0x00, 0x00, 0x00, 0x00, 0x00, 0x00, 0x00, 0x00, 0x00, 0x00,
    0x00, 0x00, 0x00, 0x00, 0x00, 0x00, 0x00, 0x00, 0x00, 0x00, 0x00, 0x00,
    0x00, 0x00, 0x00, 0x00, 0x00, 0x00, 0x00, 0x00, 0x00, 0x00, 0x00, 0x00,
    0x00, 0x00, 0x00, 0x00, 0x00, 0x00, 0x00, 0x00, 0x00, 0x00, 0x00, 0x00,
    0x00, 0x00, 0x00, 0x00, 0x00, 0x00, 0x00, 0x00, 0x00, 0x00, 0x00, 0x00,
    0x00, 0x00, 0x00, 0x00, 0x00, 0x00, 0x00, 0x00, 0xf8, 0xfc, 0xf8, 0x1c,
    0xf8, 0xfc, 0xf8, 0x34, 0xf8, 0xfc, 0xf8, 0x30, 0xf8, 0xfc, 0xf8, 0x34,
    0xf8, 0xfc, 0xf8, 0x34, 0xf8, 0xfc, 0xf8, 0x34, 0xf8, 0xfc, 0xf8, 0x30,
    0xf8, 0xfc, 0xf8, 0x34, 0xf8, 0xfc, 0xf8, 0x30, 0xf8, 0xfc, 0xf8, 0x34,
    0xf8, 0xfc, 0xf8, 0x34, 0xf8, 0xfc, 0xf8, 0x34, 0xf8, 0xfc, 0xf8, 0x34,
    0xf8, 0xfc, 0xf8, 0x30, 0xf8, 0xfc, 0xf8, 0x34, 0xf8, 0xfc, 0xf8, 0x30,
    0xf8, 0xfc, 0xf8, 0x34, 0xf8, 0xfc, 0xf8, 0x34, 0xf8, 0xfc, 0xf8, 0x34,
    0xf8, 0xfc, 0xf8, 0x34, 0xf8, 0xfc, 0xf8, 0x34, 0xf8, 0xfc, 0xf8, 0x34,
    0xf8, 0xfc, 0xf8, 0x34, 0xf8, 0xfc, 0xf8, 0x20, 0x00, 0x00, 0x00, 0x00,
    0x00, 0x00, 0x00, 0x00, 0x00, 0x00, 0x00, 0x00, 0x00, 0x00, 0x00, 0x00,
    0x00, 0x00, 0x00, 0x00, 0x00, 0x00, 0x00, 0x00, 0x00, 0x00, 0x00, 0x00,
    0x00, 0x00, 0x00, 0x00, 0x00, 0x00, 0x00, 0x00, 0x00, 0x00, 0x00, 0x00,
    0x00, 0x00, 0x00, 0x00, 0x00, 0x00, 0x00, 0x00, 0x00, 0x00, 0x00, 0x00,
    0x00, 0x00, 0x00, 0x00, 0xf8, 0xfc, 0xf8, 0x04, 0xf8, 0xfc, 0xf8, 0x34,
    0xf8, 0xfc, 0xf8, 0x34, 0xf8, 0xfc, 0xf8, 0x34, 0xf8, 0xfc, 0xf8, 0x34,
    0xf8, 0xfc, 0xf8, 0x30, 0xf8, 0xfc, 0xf8, 0x34, 0xf8, 0xfc, 0xf8, 0x30,
    0xf8, 0xfc, 0xf8, 0x34, 0xf8, 0xfc, 0xf8, 0x34, 0xf8, 0xfc, 0xf8, 0x30,
    0xf8, 0xfc, 0xf8, 0x34, 0xf8, 0xfc, 0xf8, 0x34, 0xf8, 0xfc, 0xf8, 0x30,
    0xf8, 0xfc, 0xf8, 0x34, 0xf8, 0xfc, 0xf8, 0x34, 0xf8, 0xfc, 0xf8, 0x34,
    0xf8, 0xfc, 0xf8, 0x34, 0xf8, 0xfc, 0xf8, 0x34, 0xf8, 0xfc, 0xf8, 0x34,
    0xf8, 0xfc, 0xf8, 0x30, 0xf8, 0xfc, 0xf8, 0x34, 0xf8, 0xfc, 0xf8, 0x34,
    0xf8, 0xfc, 0xf8, 0x34, 0xf8, 0xfc, 0xf8, 0x14, 0x00, 0x00, 0x00, 0x00,
    0x00, 0x00, 0x00, 0x00, 0x00, 0x00, 0x00, 0x00, 0x00, 0x00, 0x00, 0x00,
    0x00, 0x00, 0x00, 0x00, 0x00, 0x00, 0x00, 0x00, 0x00, 0x00, 0x00, 0x00,
    0x00, 0x00, 0x00, 0x00, 0x00, 0x00, 0x00, 0x00, 0x00, 0x00, 0x00, 0x00,
    0x00, 0x00, 0x00, 0x00, 0x00, 0x00, 0x00, 0x00, 0x00, 0x00, 0x00, 0x00,
    0x00, 0x00, 0x00, 0x00, 0x00, 0x00, 0x00, 0x00, 0x00, 0x00, 0x00, 0x00,
    0x00, 0x00, 0x00, 0x00, 0x00, 0x00, 0x00, 0x00, 0x00, 0x00, 0x00, 0x00,
    0x00, 0x00, 0x00, 0x00, 0x00, 0x00, 0x00, 0x00, 0x00, 0x00, 0x00, 0x00,
    0x00, 0x00, 0x00, 0x00, 0x00, 0x00, 0x00, 0x00, 0x00, 0x00, 0x00, 0x00,
    0x00, 0x00, 0x00, 0x00, 0x00, 0x00, 0x00, 0x00, 0x00, 0x00, 0x00, 0x00,
    0x00, 0x00, 0x00, 0x00, 0x00, 0x00, 0x00, 0x00, 0x00, 0x00, 0x00, 0x00,
    0x00, 0x00, 0x00, 0x00, 0x00, 0x00, 0x00, 0x00, 0x00, 0x00, 0x00, 0x00,
    0x00, 0x00, 0x00, 0x00, 0x00, 0x00, 0x00, 0x00, 0x00, 0x00, 0x00, 0x00,
    0x00, 0x00, 0x00, 0x00, 0x00, 0x00, 0x00, 0x00, 0x00, 0x00, 0x00, 0x00,
    0x00, 0x00, 0x00, 0x00, 0x00, 0x00, 0x00, 0x00, 0x00, 0x00, 0x00, 0x00,
    0x00, 0x00, 0x00, 0x00, 0x00, 0x00, 0x00, 0x00, 0x00, 0x00, 0x00, 0x00,
    0x00, 0x00, 0x00, 0x00, 0x00, 0x00, 0x00, 0x00, 0x00, 0x00, 0x00, 0x00,
    0x00, 0x00, 0x00, 0x00, 0x00, 0x00, 0x00, 0x00, 0x00, 0x00, 0x00, 0x00,
    0x00, 0x00, 0x00, 0x00, 0x00, 0x00, 0x00, 0x00, 0x00, 0x00, 0x00, 0x00,
    0x00, 0x00, 0x00, 0x00, 0x00, 0x00, 0x00, 0x00, 0x00, 0x00, 0x00, 0x00,
    0x00, 0x00, 0x00, 0x00, 0x00, 0x00, 0x00, 0x00, 0x00, 0x00, 0x00, 0x00,
    0x00, 0x00, 0x00, 0x00, 0x00, 0x00, 0x00, 0x00, 0x00, 0x00, 0x00, 0x00,
    0x00, 0x00, 0x00, 0x00, 0x00, 0x00, 0x00, 0x00, 0x00, 0x00, 0x00, 0x00,
    0x00, 0x00, 0x00, 0x00, 0x00, 0x00, 0x00, 0x00, 0x00, 0x00, 0x00, 0x00,
    0x00, 0x00, 0x00, 0x00, 0x00, 0x00, 0x00, 0x00, 0x00, 0x00, 0x00, 0x00,
    0x00, 0x00, 0x00, 0x00, 0x00, 0x00, 0x00, 0x00, 0x00, 0x00, 0x00, 0x00,
    0x00, 0x00, 0x00, 0x00, 0x00, 0x00, 0x00, 0x00, 0x00, 0x00, 0x00, 0x00,
    0x00, 0x00, 0x00, 0x00, 0x00, 0x00, 0x00, 0x00, 0x00, 0x00, 0x00, 0x00,
    0x00, 0x00, 0x00, 0x00, 0x00, 0x00, 0x00, 0x00, 0x00, 0x00, 0x00, 0x00,
    0x00, 0x00, 0x00, 0x00, 0xf8, 0xfc, 0xf8, 0x18, 0xf8, 0xfc, 0xf8, 0x34,
    0xf8, 0xfc, 0xf8, 0x34, 0xf8, 0xfc, 0xf8, 0x34, 0xf8, 0xfc, 0xf8, 0x30,
    0xf8, 0xfc, 0xf8, 0x34, 0xf8, 0xfc, 0xf8, 0x34, 0xf8, 0xfc, 0xf8, 0x34,
    0xf8, 0xfc, 0xf8, 0x34, 0xf8, 0xfc, 0xf8, 0x34, 0xf8, 0xfc, 0xf8, 0x30,
    0xf8, 0xfc, 0xf8, 0x34, 0xf8, 0xfc, 0xf8, 0x34, 0xf8, 0xfc, 0xf8, 0x34,
    0xf8, 0xfc, 0xf8, 0x34, 0xf8, 0xfc, 0xf8, 0x34, 0xf8, 0xfc, 0xf8, 0x34,
    0xf8, 0xfc, 0xf8, 0x30, 0xf8, 0xfc, 0xf8, 0x34, 0xf8, 0xfc, 0xf8, 0x34,
    0xf8, 0xfc, 0xf8, 0x30, 0xf8, 0xfc, 0xf8, 0x34, 0xf8, 0xfc, 0xf8, 0x34,
    0xf8, 0xfc, 0xf8, 0x30, 0xf8, 0xfc, 0xf8, 0x04, 0x00, 0x00, 0x00, 0x00,
    0x00, 0x00, 0x00, 0x00, 0x00, 0x00, 0x00, 0x00, 0x00, 0x00, 0x00, 0x00,
    0x00, 0x00, 0x00, 0x00, 0x00, 0x00, 0x00, 0x00, 0x00, 0x00, 0x00, 0x00,
    0x00, 0x00, 0x00, 0x00, 0x00, 0x00, 0x00, 0x00, 0x00, 0x00, 0x00, 0x00,
    0x00, 0x00, 0x00, 0x00, 0x00, 0x00, 0x00, 0x00, 0x00, 0x00, 0x00, 0x00,
    0x00, 0x00, 0x00, 0x00, 0x00, 0x00, 0x00, 0x00, 0xf8, 0xfc, 0xf8, 0x20,
    0xf8, 0xfc, 0xf8, 0x34, 0xf8, 0xfc, 0xf8, 0x34, 0xf8, 0xfc, 0xf8, 0x34,
    0xf8, 0xfc, 0xf8, 0x34, 0xf8, 0xfc, 0xf8, 0x34, 0xf8, 0xfc, 0xf8, 0x34,
    0xf8, 0xfc, 0xf8, 0x30, 0xf8, 0xfc, 0xf8, 0x34, 0xf8, 0xfc, 0xf8, 0x34,
    0xf8, 0xfc, 0xf8, 0x34, 0xf8, 0xfc, 0xf8, 0x34, 0xf8, 0xfc, 0xf8, 0x34,
    0xf8, 0xfc, 0xf8, 0x30, 0xf8, 0xfc, 0xf8, 0x34, 0xf8, 0xfc, 0xf8, 0x30,
    0xf8, 0xfc, 0xf8, 0x34, 0xf8, 0xfc, 0xf8, 0x34, 0xf8, 0xfc, 0xf8, 0x34,
    0xf8, 0xfc, 0xf8, 0x34, 0xf8, 0xfc, 0xf8, 0x34, 0xf8, 0xfc, 0xf8, 0x34,
    0xf8, 0xfc, 0xf8, 0x34, 0xf8, 0xfc, 0xf8, 0x30, 0xf8, 0xfc, 0xf8, 0x08,
    0x00, 0x00, 0x00, 0x00, 0x00, 0x00, 0x00, 0x00, 0x00, 0x00, 0x00, 0x00,
    0x00, 0x00, 0x00, 0x00, 0x00, 0x00, 0x00, 0x00, 0x00, 0x00, 0x00, 0x00,
    0x00, 0x00, 0x00, 0x00, 0x00, 0x00, 0x00, 0x00, 0x00, 0x00, 0x00, 0x00,
    0x00, 0x00, 0x00, 0x00, 0x00, 0x00, 0x00, 0x00, 0x00, 0x00, 0x00, 0x00,
    0x00, 0x00, 0x00, 0x00, 0x00, 0x00, 0x00, 0x00, 0x00, 0x00, 0x00, 0x00,
    0x00, 0x00, 0x00, 0x00, 0x00, 0x00, 0x00, 0x00, 0x00, 0x00, 0x00, 0x00,
    0x00, 0x00, 0x00, 0x00, 0x00, 0x00, 0x00, 0x00, 0x00, 0x00, 0x00, 0x00,
    0x00, 0x00, 0x00, 0x00, 0x00, 0x00, 0x00, 0x00, 0x00, 0x00, 0x00, 0x00,
    0x00, 0x00, 0x00, 0x00, 0x00, 0x00, 0x00, 0x00, 0x00, 0x00, 0x00, 0x00,
    0x00, 0x00, 0x00, 0x00, 0x00, 0x00, 0x00, 0x00, 0x00, 0x00, 0x00, 0x00,
    0x00, 0x00, 0x00, 0x00, 0x00, 0x00, 0x00, 0x00, 0x00, 0x00, 0x00, 0x00,
    0x00, 0x00, 0x00, 0x00, 0x00, 0x00, 0x00, 0x00, 0x00, 0x00, 0x00, 0x00,
    0x00, 0x00, 0x00, 0x00, 0x00, 0x00, 0x00, 0x00, 0x00, 0x00, 0x00, 0x00,
    0x00, 0x00, 0x00, 0x00, 0x00, 0x00, 0x00, 0x00, 0x00, 0x00, 0x00, 0x00,
    0x00, 0x00, 0x00, 0x00, 0x00, 0x00, 0x00, 0x00, 0x00, 0x00, 0x00, 0x00,
    0x00, 0x00, 0x00, 0x00, 0x00, 0x00, 0x00, 0x00, 0x00, 0x00, 0x00, 0x00,
    0x00, 0x00, 0x00, 0x00, 0x00, 0x00, 0x00, 0x00, 0x00, 0x00, 0x00, 0x00,
    0x00, 0x00, 0x00, 0x00, 0x00, 0x00, 0x00, 0x00, 0x00, 0x00, 0x00, 0x00,
    0x00, 0x00, 0x00, 0x00, 0x00, 0x00, 0x00, 0x00, 0x00, 0x00, 0x00, 0x00,
    0x00, 0x00, 0x00, 0x00, 0x00, 0x00, 0x00, 0x00, 0x00, 0x00, 0x00, 0x00,
    0x00, 0x00, 0x00, 0x00, 0x00, 0x00, 0x00, 0x00, 0x00, 0x00, 0x00, 0x00,
    0x00, 0x00, 0x00, 0x00, 0x00, 0x00, 0x00, 0x00, 0x00, 0x00, 0x00, 0x00,
    0x00, 0x00, 0x00, 0x00, 0x00, 0x00, 0x00, 0x00, 0x00, 0x00, 0x00, 0x00,
    0x00, 0x00, 0x00, 0x00, 0x00, 0x00, 0x00, 0x00, 0x00, 0x00, 0x00, 0x00,
    0x00, 0x00, 0x00, 0x00, 0x00, 0x00, 0x00, 0x00, 0x00, 0x00, 0x00, 0x00,
    0x00, 0x00, 0x00, 0x00, 0x00, 0x00, 0x00, 0x00, 0x00, 0x00, 0x00, 0x00,
    0x00, 0x00, 0x00, 0x00, 0x00, 0x00, 0x00, 0x00, 0x00, 0x00, 0x00, 0x00,
    0x00, 0x00, 0x00, 0x00, 0x00, 0x00, 0x00, 0x00, 0x00, 0x00, 0x00, 0x00,
    0xf8, 0xfc, 0xf8, 0x08, 0xf8, 0xfc, 0xf8, 0x34, 0xf8, 0xfc, 0xf8, 0x30,
    0xf8, 0xfc, 0xf8, 0x34, 0xf8, 0xfc, 0xf8, 0x34, 0xf8, 0xfc, 0xf8, 0x34,
    0xf8, 0xfc, 0xf8, 0x30, 0xf8, 0xfc, 0xf8, 0x34, 0xf8, 0xfc, 0xf8, 0x34,
    0xf8, 0xfc, 0xf8, 0x30, 0xf8, 0xfc, 0xf8, 0x34, 0xf8, 0xfc, 0xf8, 0x34,
    0xf8, 0xfc, 0xf8, 0x30, 0xf8, 0xfc, 0xf8, 0x34, 0xf8, 0xfc, 0xf8, 0x30,
    0xf8, 0xfc, 0xf8, 0x34, 0xf8, 0xfc, 0xf8, 0x34, 0xf8, 0xfc, 0xf8, 0x30,
    0xf8, 0xfc, 0xf8, 0x34, 0xf8, 0xfc, 0xf8, 0x34, 0xf8, 0xfc, 0xf8, 0x30,
    0xf8, 0xfc, 0xf8, 0x34, 0xf8, 0xfc, 0xf8, 0x34, 0xf8, 0xfc, 0xf8, 0x34,
    0xf8, 0xfc, 0xf8, 0x20, 0x00, 0x00, 0x00, 0x00, 0x00, 0x00, 0x00, 0x00,
    0x00, 0x00, 0x00, 0x00, 0x00, 0x00, 0x00, 0x00, 0x00, 0x00, 0x00, 0x00,
    0x00, 0x00, 0x00, 0x00, 0x00, 0x00, 0x00, 0x00, 0x00, 0x00, 0x00, 0x00,
    0x00, 0x00, 0x00, 0x00, 0x00, 0x00, 0x00, 0x00, 0x00, 0x00, 0x00, 0x00,
    0x00, 0x00, 0x00, 0x00, 0x00, 0x00, 0x00, 0x00, 0x00, 0x00, 0x00, 0x00,
    0x00, 0x00, 0x00, 0x00, 0x00, 0x00, 0x00, 0x00, 0xf8, 0xfc, 0xf8, 0x04,
    0xf8, 0xfc, 0xf8, 0x30, 0xf8, 0xfc, 0xf8, 0x30, 0xf8, 0xfc, 0xf8, 0x34,
    0xf8, 0xfc, 0xf8, 0x34, 0xf8, 0xfc, 0xf8, 0x30, 0xf8, 0xfc, 0xf8, 0x34,
    0xf8, 0xfc, 0xf8, 0x34, 0xf8, 0xfc, 0xf8, 0x34, 0xf8, 0xfc, 0xf8, 0x30,
    0xf8, 0xfc, 0xf8, 0x34, 0xf8, 0xfc, 0xf8, 0x34, 0xf8, 0xfc, 0xf8, 0x34,
    0xf8, 0xfc, 0xf8, 0x34, 0xf8, 0xfc, 0xf8, 0x34, 0xf8, 0xfc, 0xf8, 0x30,
    0xf8, 0xfc, 0xf8, 0x34, 0xf8, 0xfc, 0xf8, 0x30, 0xf8, 0xfc, 0xf8, 0x30,
    0xf8, 0xfc, 0xf8, 0x34, 0xf8, 0xfc, 0xf8, 0x30, 0xf8, 0xfc, 0xf8, 0x34,
    0xf8, 0xfc, 0xf8, 0x34, 0xf8, 0xfc, 0xf8, 0x34, 0xf8, 0xfc, 0xf8, 0x2c,
    0xf8, 0xfc, 0xf8, 0x08, 0x00, 0x00, 0x00, 0x00, 0x00, 0x00, 0x00, 0x00,
    0x00, 0x00, 0x00, 0x00, 0x00, 0x00, 0x00, 0x00, 0x00, 0x00, 0x00, 0x00,
    0x00, 0x00, 0x00, 0x00, 0x00, 0x00, 0x00, 0x00, 0x00, 0x00, 0x00, 0x00,
    0x00, 0x00, 0x00, 0x00, 0x00, 0x00, 0x00, 0x00, 0x00, 0x00, 0x00, 0x00,
    0x00, 0x00, 0x00, 0x00, 0x00, 0x00, 0x00, 0x00, 0x00, 0x00, 0x00, 0x00,
    0x00, 0x00, 0x00, 0x00, 0x00, 0x00, 0x00, 0x00, 0x00, 0x00, 0x00, 0x00,
    0x00, 0x00, 0x00, 0x00, 0x00, 0x00, 0x00, 0x00, 0x00, 0x00, 0x00, 0x00,
    0x00, 0x00, 0x00, 0x00, 0x00, 0x00, 0x00, 0x00, 0x00, 0x00, 0x00, 0x00,
    0x00, 0x00, 0x00, 0x00, 0x00, 0x00, 0x00, 0x00, 0x00, 0x00, 0x00, 0x00,
    0x00, 0x00, 0x00, 0x00, 0x00, 0x00, 0x00, 0x00, 0x00, 0x00, 0x00, 0x00,
    0x00, 0x00, 0x00, 0x00, 0x00, 0x00, 0x00, 0x00, 0x00, 0x00, 0x00, 0x00,
    0x00, 0x00, 0x00, 0x00, 0x00, 0x00, 0x00, 0x00, 0x00, 0x00, 0x00, 0x00,
    0x00, 0x00, 0x00, 0x00, 0x00, 0x00, 0x00, 0x00, 0x00, 0x00, 0x00, 0x00,
    0x00, 0x00, 0x00, 0x00, 0x00, 0x00, 0x00, 0x00, 0x00, 0x00, 0x00, 0x00,
    0x00, 0x00, 0x00, 0x00, 0x00, 0x00, 0x00, 0x00, 0x00, 0x00, 0x00, 0x00,
    0x00, 0x00, 0x00, 0x00, 0x00, 0x00, 0x00, 0x00, 0x00, 0x00, 0x00, 0x00,
    0x00, 0x00, 0x00, 0x00, 0x00, 0x00, 0x00, 0x00, 0x00, 0x00, 0x00, 0x00,
    0x00, 0x00, 0x00, 0x00, 0x00, 0x00, 0x00, 0x00, 0x00, 0x00, 0x00, 0x00,
    0x00, 0x00, 0x00, 0x00, 0x00, 0x00, 0x00, 0x00, 0x00, 0x00, 0x00, 0x00,
    0x00, 0x00, 0x00, 0x00, 0x00, 0x00, 0x00, 0x00, 0x00, 0x00, 0x00, 0x00,
    0x00, 0x00, 0x00, 0x00, 0x00, 0x00, 0x00, 0x00, 0x00, 0x00, 0x00, 0x00,
    0x00, 0x00, 0x00, 0x00, 0x00, 0x00, 0x00, 0x00, 0x00, 0x00, 0x00, 0x00,
    0x00, 0x00, 0x00, 0x00, 0x00, 0x00, 0x00, 0x00, 0x00, 0x00, 0x00, 0x00,
    0x00, 0x00, 0x00, 0x00, 0x00, 0x00, 0x00, 0x00, 0x00, 0x00, 0x00, 0x00,
    0x00, 0x00, 0x00, 0x00, 0x00, 0x00, 0x00, 0x00, 0x00, 0x00, 0x00, 0x00,
    0x00, 0x00, 0x00, 0x00, 0x00, 0x00, 0x00, 0x00, 0x00, 0x00, 0x00, 0x00,
    0x00, 0x00, 0x00, 0x00, 0x00, 0x00, 0x00, 0x00, 0x00, 0x00, 0x00, 0x00,
    0x00, 0x00, 0x00, 0x00, 0x00, 0x00, 0x00, 0x00, 0xf8, 0xfc, 0xf8, 0x08,
    0xf8, 0xfc, 0xf8, 0x2c, 0xf8, 0xfc, 0xf8, 0x34, 0xf8, 0xfc, 0xf8, 0x34,
    0xf8, 0xfc, 0xf8, 0x30, 0xf8, 0xfc, 0xf8, 0x34, 0xf8, 0xfc, 0xf8, 0x34,
    0xf8, 0xfc, 0xf8, 0x34, 0xf8, 0xfc, 0xf8, 0x30, 0xf8, 0xfc, 0xf8, 0x34,
    0xf8, 0xfc, 0xf8, 0x34, 0xf8, 0xfc, 0xf8, 0x34, 0xf8, 0xfc, 0xf8, 0x34,
    0xf8, 0xfc, 0xf8, 0x34, 0xf8, 0xfc, 0xf8, 0x34, 0xf8, 0xfc, 0xf8, 0x30,
    0xf8, 0xfc, 0xf8, 0x34, 0xf8, 0xfc, 0xf8, 0x34, 0xf8, 0xfc, 0xf8, 0x34,
    0xf8, 0xfc, 0xf8, 0x34, 0xf8, 0xfc, 0xf8, 0x34, 0xf8, 0xfc, 0xf8, 0x34,
    0xf8, 0xfc, 0xf8, 0x30, 0xf8, 0xfc, 0xf8, 0x34, 0xf8, 0xfc, 0xf8, 0x34,
    0xf8, 0xfc, 0xf8, 0x04, 0x00, 0x00, 0x00, 0x00, 0x00, 0x00, 0x00, 0x00,
    0x00, 0x00, 0x00, 0x00, 0x00, 0x00, 0x00, 0x00, 0x00, 0x00, 0x00, 0x00,
    0x00, 0x00, 0x00, 0x00, 0x00, 0x00, 0x00, 0x00, 0x00, 0x00, 0x00, 0x00,
    0x00, 0x00, 0x00, 0x00, 0x00, 0x00, 0x00, 0x00, 0x00, 0x00, 0x00, 0x00,
    0x00, 0x00, 0x00, 0x00, 0x00, 0x00, 0x00, 0x00, 0x00, 0x00, 0x00, 0x00,
    0x00, 0x00, 0x00, 0x00, 0x00, 0x00, 0x00, 0x00, 0x00, 0x00, 0x00, 0x00,
    0xf8, 0xfc, 0xf8, 0x18, 0xf8, 0xfc, 0xf8, 0x34, 0xf8, 0xfc, 0xf8, 0x34,
    0xf8, 0xfc, 0xf8, 0x30, 0xf8, 0xfc, 0xf8, 0x34, 0xf8, 0xfc, 0xf8, 0x34,
    0xf8, 0xfc, 0xf8, 0x34, 0xf8, 0xfc, 0xf8, 0x30, 0xf8, 0xfc, 0xf8, 0x34,
    0xf8, 0xfc, 0xf8, 0x34, 0xf8, 0xfc, 0xf8, 0x30, 0xf8, 0xfc, 0xf8, 0x30,
    0xf8, 0xfc, 0xf8, 0x34, 0xf8, 0xfc, 0xf8, 0x34, 0xf8, 0xfc, 0xf8, 0x34,
    0xf8, 0xfc, 0xf8, 0x34, 0xf8, 0xfc, 0xf8, 0x34, 0xf8, 0xfc, 0xf8, 0x34,
    0xf8, 0xfc, 0xf8, 0x34, 0xf8, 0xfc, 0xf8, 0x34, 0xf8, 0xfc, 0xf8, 0x30,
    0xf8, 0xfc, 0xf8, 0x34, 0xf8, 0xfc, 0xf8, 0x34, 0xf8, 0xfc, 0xf8, 0x34,
    0xf8, 0xfc, 0xf8, 0x28, 0xf8, 0xfc, 0xf8, 0x04, 0x00, 0x00, 0x00, 0x00,
    0x00, 0x00, 0x00, 0x00, 0x00, 0x00, 0x00, 0x00, 0x00, 0x00, 0x00, 0x00,
    0x00, 0x00, 0x00, 0x00, 0x00, 0x00, 0x00, 0x00, 0x00, 0x00, 0x00, 0x00,
    0x00, 0x00, 0x00, 0x00, 0x00, 0x00, 0x00, 0x00, 0x00, 0x00, 0x00, 0x00,
    0x00, 0x00, 0x00, 0x00, 0x00, 0x00, 0x00, 0x00, 0x00, 0x00, 0x00, 0x00,
    0x00, 0x00, 0x00, 0x00, 0x00, 0x00, 0x00, 0x00, 0x00, 0x00, 0x00, 0x00,
    0x00, 0x00, 0x00, 0x00, 0x00, 0x00, 0x00, 0x00, 0x00, 0x00, 0x00, 0x00,
    0x00, 0x00, 0x00, 0x00, 0x00, 0x00, 0x00, 0x00, 0x00, 0x00, 0x00, 0x00,
    0x00, 0x00, 0x00, 0x00, 0x00, 0x00, 0x00, 0x00, 0x00, 0x00, 0x00, 0x00,
    0x00, 0x00, 0x00, 0x00, 0x00, 0x00, 0x00, 0x00, 0x00, 0x00, 0x00, 0x00,
    0x00, 0x00, 0x00, 0x00, 0x00, 0x00, 0x00, 0x00, 0x00, 0x00, 0x00, 0x00,
    0x00, 0x00, 0x00, 0x00, 0x00, 0x00, 0x00, 0x00, 0x00, 0x00, 0x00, 0x00,
    0x00, 0x00, 0x00, 0x00, 0x00, 0x00, 0x00, 0x00, 0x00, 0x00, 0x00, 0x00,
    0x00, 0x00, 0x00, 0x00, 0x00, 0x00, 0x00, 0x00, 0x00, 0x00, 0x00, 0x00,
    0x00, 0x00, 0x00, 0x00, 0x00, 0x00, 0x00, 0x00, 0x00, 0x00, 0x00, 0x00,
    0x00, 0x00, 0x00, 0x00, 0x00, 0x00, 0x00, 0x00, 0x00, 0x00, 0x00, 0x00,
    0x00, 0x00, 0x00, 0x00, 0x00, 0x00, 0x00, 0x00, 0x00, 0x00, 0x00, 0x00,
    0x00, 0x00, 0x00, 0x00, 0x00, 0x00, 0x00, 0x00, 0x00, 0x00, 0x00, 0x00,
    0x00, 0x00, 0x00, 0x00, 0x00, 0x00, 0x00, 0x00, 0x00, 0x00, 0x00, 0x00,
    0x00, 0x00, 0x00, 0x00, 0x00, 0x00, 0x00, 0x00, 0x00, 0x00, 0x00, 0x00,
    0x00, 0x00, 0x00, 0x00, 0x00, 0x00, 0x00, 0x00, 0x00, 0x00, 0x00, 0x00,
    0x00, 0x00, 0x00, 0x00, 0x00, 0x00, 0x00, 0x00, 0x00, 0x00, 0x00, 0x00,
    0x00, 0x00, 0x00, 0x00, 0x00, 0x00, 0x00, 0x00, 0x00, 0x00, 0x00, 0x00,
    0x00, 0x00, 0x00, 0x00, 0x00, 0x00, 0x00, 0x00, 0x00, 0x00, 0x00, 0x00,
    0x00, 0x00, 0x00, 0x00, 0x00, 0x00, 0x00, 0x00, 0x00, 0x00, 0x00, 0x00,
    0x00, 0x00, 0x00, 0x00, 0x00, 0x00, 0x00, 0x00, 0x00, 0x00, 0x00, 0x00,
    0x00, 0x00, 0x00, 0x00, 0x00, 0x00, 0x00, 0x00, 0x00, 0x00, 0x00, 0x00,
    0x00, 0x00, 0x00, 0x00, 0xf8, 0xfc, 0xf8, 0x04, 0xf8, 0xfc, 0xf8, 0x2c,
    0xf8, 0xfc, 0xf8, 0x34, 0xf8, 0xfc, 0xf8, 0x34, 0xf8, 0xfc, 0xf8, 0x34,
    0xf8, 0xfc, 0xf8, 0x30, 0xf8, 0xfc, 0xf8, 0x34, 0xf8, 0xfc, 0xf8, 0x34,
    0xf8, 0xfc, 0xf8, 0x34, 0xf8, 0xfc, 0xf8, 0x34, 0xf8, 0xfc, 0xf8, 0x30,
    0xf8, 0xfc, 0xf8, 0x34, 0xf8, 0xfc, 0xf8, 0x34, 0xf8, 0xfc, 0xf8, 0x30,
    0xf8, 0xfc, 0xf8, 0x34, 0xf8, 0xfc, 0xf8, 0x34, 0xf8, 0xfc, 0xf8, 0x34,
    0xf8, 0xfc, 0xf8, 0x30, 0xf8, 0xfc, 0xf8, 0x34, 0xf8, 0xfc, 0xf8, 0x30,
    0xf8, 0xfc, 0xf8, 0x34, 0xf8, 0xfc, 0xf8, 0x34, 0xf8, 0xfc, 0xf8, 0x30,
    0xf8, 0xfc, 0xf8, 0x34, 0xf8, 0xfc, 0xf8, 0x34, 0xf8, 0xfc, 0xf8, 0x18,
    0x00, 0x00, 0x00, 0x00, 0x00, 0x00, 0x00, 0x00, 0x00, 0x00, 0x00, 0x00,
    0x00, 0x00, 0x00, 0x00, 0x00, 0x00, 0x00, 0x00, 0x00, 0x00, 0x00, 0x00,
    0x00, 0x00, 0x00, 0x00, 0x00, 0x00, 0x00, 0x00, 0x00, 0x00, 0x00, 0x00,
    0x00, 0x00, 0x00, 0x00, 0x00, 0x00, 0x00, 0x00, 0x00, 0x00, 0x00, 0x00,
    0x00, 0x00, 0x00, 0x00, 0x00, 0x00, 0x00, 0x00, 0x00, 0x00, 0x00, 0x00,
    0x00, 0x00, 0x00, 0x00, 0x00, 0x00, 0x00, 0x00, 0x00, 0x00, 0x00, 0x00,
    0xf8, 0xfc, 0xf8, 0x04, 0xf8, 0xfc, 0xf8, 0x30, 0xf8, 0xfc, 0xf8, 0x34,
    0xf8, 0xfc, 0xf8, 0x34, 0xf8, 0xfc, 0xf8, 0x34, 0xf8, 0xfc, 0xf8, 0x30,
    0xf8, 0xfc, 0xf8, 0x34, 0xf8, 0xfc, 0xf8, 0x34, 0xf8, 0xfc, 0xf8, 0x34,
    0xf8, 0xfc, 0xf8, 0x34, 0xf8, 0xfc, 0xf8, 0x34, 0xf8, 0xfc, 0xf8, 0x34,
    0xf8, 0xfc, 0xf8, 0x30, 0xf8, 0xfc, 0xf8, 0x34, 0xf8, 0xfc, 0xf8, 0x34,
    0xf8, 0xfc, 0xf8, 0x30, 0xf8, 0xfc, 0xf8, 0x34, 0xf8, 0xfc, 0xf8, 0x34,
    0xf8, 0xfc, 0xf8, 0x34, 0xf8, 0xfc, 0xf8, 0x34, 0xf8, 0xfc, 0xf8, 0x30,
    0xf8, 0xfc, 0xf8, 0x34, 0xf8, 0xfc, 0xf8, 0x34, 0xf8, 0xfc, 0xf8, 0x30,
    0xf8, 0xfc, 0xf8, 0x34, 0xf8, 0xfc, 0xf8, 0x28, 0x00, 0x00, 0x00, 0x00,
    0x00, 0x00, 0x00, 0x00, 0x00, 0x00, 0x00, 0x00, 0x00, 0x00, 0x00, 0x00,
    0x00, 0x00, 0x00, 0x00, 0x00, 0x00, 0x00, 0x00, 0x00, 0x00, 0x00, 0x00,
    0x00, 0x00, 0x00, 0x00, 0x00, 0x00, 0x00, 0x00, 0x00, 0x00, 0x00, 0x00,
    0x00, 0x00, 0x00, 0x00, 0x00, 0x00, 0x00, 0x00, 0x00, 0x00, 0x00, 0x00,
    0x00, 0x00, 0x00, 0x00, 0x00, 0x00, 0x00, 0x00, 0x00, 0x00, 0x00, 0x00,
    0x00, 0x00, 0x00, 0x00, 0x00, 0x00, 0x00, 0x00, 0x00, 0x00, 0x00, 0x00,
    0x00, 0x00, 0x00, 0x00, 0x00, 0x00, 0x00, 0x00, 0x00, 0x00, 0x00, 0x00,
    0x00, 0x00, 0x00, 0x00, 0x00, 0x00, 0x00, 0x00, 0x00, 0x00, 0x00, 0x00,
    0x00, 0x00, 0x00, 0x00, 0x00, 0x00, 0x00, 0x00, 0x00, 0x00, 0x00, 0x00,
    0x00, 0x00, 0x00, 0x00, 0x00, 0x00, 0x00, 0x00, 0x00, 0x00, 0x00, 0x00,
    0x00, 0x00, 0x00, 0x00, 0x00, 0x00, 0x00, 0x00, 0x00, 0x00, 0x00, 0x00,
    0x00, 0x00, 0x00, 0x00, 0x00, 0x00, 0x00, 0x00, 0x00, 0x00, 0x00, 0x00,
    0x00, 0x00, 0x00, 0x00, 0x00, 0x00, 0x00, 0x00, 0x00, 0x00, 0x00, 0x00,
    0x00, 0x00, 0x00, 0x00, 0x00, 0x00, 0x00, 0x00, 0x00, 0x00, 0x00, 0x00,
    0x00, 0x00, 0x00, 0x00, 0x00, 0x00, 0x00, 0x00, 0x00, 0x00, 0x00, 0x00,
    0x00, 0x00, 0x00, 0x00, 0x00, 0x00, 0x00, 0x00, 0x00, 0x00, 0x00, 0x00,
    0x00, 0x00, 0x00, 0x00, 0x00, 0x00, 0x00, 0x00, 0x00, 0x00, 0x00, 0x00,
    0x00, 0x00, 0x00, 0x00, 0x00, 0x00, 0x00, 0x00, 0x00, 0x00, 0x00, 0x00,
    0x00, 0x00, 0x00, 0x00, 0x00, 0x00, 0x00, 0x00, 0x00, 0x00, 0x00, 0x00,
    0x00, 0x00, 0x00, 0x00, 0x00, 0x00, 0x00, 0x00, 0x00, 0x00, 0x00, 0x00,
    0x00, 0x00, 0x00, 0x00, 0x00, 0x00, 0x00, 0x00, 0x00, 0x00, 0x00, 0x00,
    0x00, 0x00, 0x00, 0x00, 0x00, 0x00, 0x00, 0x00, 0x00, 0x00, 0x00, 0x00,
    0x00, 0x00, 0x00, 0x00, 0x00, 0x00, 0x00, 0x00, 0x00, 0x00, 0x00, 0x00,
    0x00, 0x00, 0x00, 0x00, 0x00, 0x00, 0x00, 0x00, 0x00, 0x00, 0x00, 0x00,
    0x00, 0x00, 0x00, 0x00, 0x00, 0x00, 0x00, 0x00, 0x00, 0x00, 0x00, 0x00,
    0x00, 0x00, 0x00, 0x00, 0x00, 0x00, 0x00, 0x00, 0x00, 0x00, 0x00, 0x00,
    0x00, 0x00, 0x00, 0x00, 0xf8, 0xfc, 0xf8, 0x28, 0xf8, 0xfc, 0xf8, 0x34,
    0xf8, 0xfc, 0xf8, 0x34, 0xf8, 0xfc, 0xf8, 0x30, 0xf8, 0xfc, 0xf8, 0x34,
    0xf8, 0xfc, 0xf8, 0x34, 0xf8, 0xfc, 0xf8, 0x30, 0xf8, 0xfc, 0xf8, 0x34,
    0xf8, 0xfc, 0xf8, 0x34, 0xf8, 0xfc, 0xf8, 0x30, 0xf8, 0xfc, 0xf8, 0x34,
    0xf8, 0xfc, 0xf8, 0x34, 0xf8, 0xfc, 0xf8, 0x30, 0xf8, 0xfc, 0xf8, 0x34,
    0xf8, 0xfc, 0xf8, 0x34, 0xf8, 0xfc, 0xf8, 0x30, 0xf8, 0xfc, 0xf8, 0x34,
    0xf8, 0xfc, 0xf8, 0x34, 0xf8, 0xfc, 0xf8, 0x34, 0xf8, 0xfc, 0xf8, 0x34,
    0xf8, 0xfc, 0xf8, 0x30, 0xf8, 0xfc, 0xf8, 0x34, 0xf8, 0xfc, 0xf8, 0x34,
    0xf8, 0xfc, 0xf8, 0x34, 0xf8, 0xfc, 0xf8, 0x2c, 0xf8, 0xfc, 0xf8, 0x04,
    0x00, 0x00, 0x00, 0x00, 0x00, 0x00, 0x00, 0x00, 0x00, 0x00, 0x00, 0x00,
    0x00, 0x00, 0x00, 0x00, 0x00, 0x00, 0x00, 0x00, 0x00, 0x00, 0x00, 0x00,
    0x00, 0x00, 0x00, 0x00, 0x00, 0x00, 0x00, 0x00, 0x00, 0x00, 0x00, 0x00,
    0x00, 0x00, 0x00, 0x00, 0x00, 0x00, 0x00, 0x00, 0x00, 0x00, 0x00, 0x00,
    0x00, 0x00, 0x00, 0x00, 0x00, 0x00, 0x00, 0x00, 0x00, 0x00, 0x00, 0x00,
    0x00, 0x00, 0x00, 0x00, 0x00, 0x00, 0x00, 0x00, 0x00, 0x00, 0x00, 0x00,
    0x00, 0x00, 0x00, 0x00, 0xf8, 0xfc, 0xf8, 0x14, 0xf8, 0xfc, 0xf8, 0x34,
    0xf8, 0xfc, 0xf8, 0x34, 0xf8, 0xfc, 0xf8, 0x30, 0xf8, 0xfc, 0xf8, 0x34,
    0xf8, 0xfc, 0xf8, 0x34, 0xf8, 0xfc, 0xf8, 0x30, 0xf8, 0xfc, 0xf8, 0x34,
    0xf8, 0xfc, 0xf8, 0x30, 0xf8, 0xfc, 0xf8, 0x34, 0xf8, 0xfc, 0xf8, 0x34,
    0xf8, 0xfc, 0xf8, 0x34, 0xf8, 0xfc, 0xf8, 0x34, 0xf8, 0xfc, 0xf8, 0x30,
    0xf8, 0xfc, 0xf8, 0x34, 0xf8, 0xfc, 0xf8, 0x34, 0xf8, 0xfc, 0xf8, 0x30,
    0xf8, 0xfc, 0xf8, 0x34, 0xf8, 0xfc, 0xf8, 0x34, 0xf8, 0xfc, 0xf8, 0x34,
    0xf8, 0xfc, 0xf8, 0x34, 0xf8, 0xfc, 0xf8, 0x30, 0xf8, 0xfc, 0xf8, 0x34,
    0xf8, 0xfc, 0xf8, 0x34, 0xf8, 0xfc, 0xf8, 0x34, 0xf8, 0xfc, 0xf8, 0x20,
    0x00, 0x00, 0x00, 0x00, 0x00, 0x00, 0x00, 0x00, 0x00, 0x00, 0x00, 0x00,
    0x00, 0x00, 0x00, 0x00, 0x00, 0x00, 0x00, 0x00, 0x00, 0x00, 0x00, 0x00,
    0x00, 0x00, 0x00, 0x00, 0x00, 0x00, 0x00, 0x00, 0x00, 0x00, 0x00, 0x00,
    0x00, 0x00, 0x00, 0x00, 0x00, 0x00, 0x00, 0x00, 0x00, 0x00, 0x00, 0x00,
    0x00, 0x00, 0x00, 0x00, 0x00, 0x00, 0x00, 0x00, 0x00, 0x00, 0x00, 0x00,
    0x00, 0x00, 0x00, 0x00, 0x00, 0x00, 0x00, 0x00, 0x00, 0x00, 0x00, 0x00,
    0x00, 0x00, 0x00, 0x00, 0x00, 0x00, 0x00, 0x00, 0x00, 0x00, 0x00, 0x00,
    0x00, 0x00, 0x00, 0x00, 0x00, 0x00, 0x00, 0x00, 0x00, 0x00, 0x00, 0x00,
    0x00, 0x00, 0x00, 0x00, 0x00, 0x00, 0x00, 0x00, 0x00, 0x00, 0x00, 0x00,
    0x00, 0x00, 0x00, 0x00, 0x00, 0x00, 0x00, 0x00, 0x00, 0x00, 0x00, 0x00,
    0x00, 0x00, 0x00, 0x00, 0x00, 0x00, 0x00, 0x00, 0x00, 0x00, 0x00, 0x00,
    0x00, 0x00, 0x00, 0x00, 0x00, 0x00, 0x00, 0x00, 0x00, 0x00, 0x00, 0x00,
    0x00, 0x00, 0x00, 0x00, 0x00, 0x00, 0x00, 0x00, 0x00, 0x00, 0x00, 0x00,
    0x00, 0x00, 0x00, 0x00, 0x00, 0x00, 0x00, 0x00, 0x00, 0x00, 0x00, 0x00,
    0x00, 0x00, 0x00, 0x00, 0x00, 0x00, 0x00, 0x00, 0x00, 0x00, 0x00, 0x00,
    0x00, 0x00, 0x00, 0x00, 0x00, 0x00, 0x00, 0x00, 0x00, 0x00, 0x00, 0x00,
    0x00, 0x00, 0x00, 0x00, 0x00, 0x00, 0x00, 0x00, 0x00, 0x00, 0x00, 0x00,
    0x00, 0x00, 0x00, 0x00, 0x00, 0x00, 0x00, 0x00, 0x00, 0x00, 0x00, 0x00,
    0x00, 0x00, 0x00, 0x00, 0x00, 0x00, 0x00, 0x00, 0x00, 0x00, 0x00, 0x00,
    0x00, 0x00, 0x00, 0x00, 0x00, 0x00, 0x00, 0x00, 0x00, 0x00, 0x00, 0x00,
    0x00, 0x00, 0x00, 0x00, 0x00, 0x00, 0x00, 0x00, 0x00, 0x00, 0x00, 0x00,
    0x00, 0x00, 0x00, 0x00, 0x00, 0x00, 0x00, 0x00, 0x00, 0x00, 0x00, 0x00,
    0x00, 0x00, 0x00, 0x00, 0x00, 0x00, 0x00, 0x00, 0x00, 0x00, 0x00, 0x00,
    0x00, 0x00, 0x00, 0x00, 0x00, 0x00, 0x00, 0x00, 0x00, 0x00, 0x00, 0x00,
    0x00, 0x00, 0x00, 0x00, 0x00, 0x00, 0x00, 0x00, 0x00, 0x00, 0x00, 0x00,
    0x00, 0x00, 0x00, 0x00, 0x00, 0x00, 0x00, 0x00, 0x00, 0x00, 0x00, 0x00,
    0xf8, 0xfc, 0xf8, 0x20, 0xf8, 0xfc, 0xf8, 0x34, 0xf8, 0xfc, 0xf8, 0x34,
    0xf8, 0xfc, 0xf8, 0x30, 0xf8, 0xfc, 0xf8, 0x34, 0xf8, 0xfc, 0xf8, 0x34,
    0xf8, 0xfc, 0xf8, 0x34, 0xf8, 0xfc, 0xf8, 0x34, 0xf8, 0xfc, 0xf8, 0x30,
    0xf8, 0xfc, 0xf8, 0x34, 0xf8, 0xfc, 0xf8, 0x34, 0xf8, 0xfc, 0xf8, 0x34,
    0xf8, 0xfc, 0xf8, 0x34, 0xf8, 0xfc, 0xf8, 0x34, 0xf8, 0xfc, 0xf8, 0x34,
    0xf8, 0xfc, 0xf8, 0x34, 0xf8, 0xfc, 0xf8, 0x30, 0xf8, 0xfc, 0xf8, 0x34,
    0xf8, 0xfc, 0xf8, 0x34, 0xf8, 0xfc, 0xf8, 0x34, 0xf8, 0xfc, 0xf8, 0x34,
    0xf8, 0xfc, 0xf8, 0x30, 0xf8, 0xfc, 0xf8, 0x34, 0xf8, 0xfc, 0xf8, 0x34,
    0xf8, 0xfc, 0xf8, 0x30, 0xf8, 0xfc, 0xf8, 0x14, 0x00, 0x00, 0x00, 0x00,
    0x00, 0x00, 0x00, 0x00, 0x00, 0x00, 0x00, 0x00, 0x00, 0x00, 0x00, 0x00,
    0x00, 0x00, 0x00, 0x00, 0x00, 0x00, 0x00, 0x00, 0x00, 0x00, 0x00, 0x00,
    0x00, 0x00, 0x00, 0x00, 0x00, 0x00, 0x00, 0x00, 0x00, 0x00, 0x00, 0x00,
    0x00, 0x00, 0x00, 0x00, 0x00, 0x00, 0x00, 0x00, 0x00, 0x00, 0x00, 0x00,
    0x00, 0x00, 0x00, 0x00, 0x00, 0x00, 0x00, 0x00, 0x00, 0x00, 0x00, 0x00,
    0x00, 0x00, 0x00, 0x00, 0x00, 0x00, 0x00, 0x00, 0x00, 0x00, 0x00, 0x00,
    0x00, 0x00, 0x00, 0x00, 0x00, 0x00, 0x00, 0x00, 0xf8, 0xfc, 0xf8, 0x24,
    0xf8, 0xfc, 0xf8, 0x34, 0xf8, 0xfc, 0xf8, 0x34, 0xf8, 0xfc, 0xf8, 0x34,
    0xf8, 0xfc, 0xf8, 0x34, 0xf8, 0xfc, 0xf8, 0x34, 0xf8, 0xfc, 0xf8, 0x30,
    0xf8, 0xfc, 0xf8, 0x34, 0xf8, 0xfc, 0xf8, 0x34, 0xf8, 0xfc, 0xf8, 0x30,
    0xf8, 0xfc, 0xf8, 0x34, 0xf8, 0xfc, 0xf8, 0x34, 0xf8, 0xfc, 0xf8, 0x34,
    0xf8, 0xfc, 0xf8, 0x34, 0xf8, 0xfc, 0xf8, 0x34, 0xf8, 0xfc, 0xf8, 0x30,
    0xf8, 0xfc, 0xf8, 0x34, 0xf8, 0xfc, 0xf8, 0x30, 0xf8, 0xfc, 0xf8, 0x34,
    0xf8, 0xfc, 0xf8, 0x34, 0xf8, 0xfc, 0xf8, 0x34, 0xf8, 0xfc, 0xf8, 0x34,
    0xf8, 0xfc, 0xf8, 0x34, 0xf8, 0xfc, 0xf8, 0x30, 0xf8, 0xfc, 0xf8, 0x34,
    0xf8, 0xfc, 0xf8, 0x20, 0x00, 0x00, 0x00, 0x00, 0x00, 0x00, 0x00, 0x00,
    0x00, 0x00, 0x00, 0x00, 0x00, 0x00, 0x00, 0x00, 0x00, 0x00, 0x00, 0x00,
    0x00, 0x00, 0x00, 0x00, 0x00, 0x00, 0x00, 0x00, 0x00, 0x00, 0x00, 0x00,
    0x00, 0x00, 0x00, 0x00, 0x00, 0x00, 0x00, 0x00, 0x00, 0x00, 0x00, 0x00,
    0x00, 0x00, 0x00, 0x00, 0x00, 0x00, 0x00, 0x00, 0x00, 0x00, 0x00, 0x00,
    0x00, 0x00, 0x00, 0x00, 0x00, 0x00, 0x00, 0x00, 0x00, 0x00, 0x00, 0x00,
    0x00, 0x00, 0x00, 0x00, 0x00, 0x00, 0x00, 0x00, 0x00, 0x00, 0x00, 0x00,
    0x00, 0x00, 0x00, 0x00, 0x00, 0x00, 0x00, 0x00, 0x00, 0x00, 0x00, 0x00,
    0x00, 0x00, 0x00, 0x00, 0x00, 0x00, 0x00, 0x00, 0x00, 0x00, 0x00, 0x00,
    0x00, 0x00, 0x00, 0x00, 0x00, 0x00, 0x00, 0x00, 0x00, 0x00, 0x00, 0x00,
    0x00, 0x00, 0x00, 0x00, 0x00, 0x00, 0x00, 0x00, 0x00, 0x00, 0x00, 0x00,
    0x00, 0x00, 0x00, 0x00, 0x00, 0x00, 0x00, 0x00, 0x00, 0x00, 0x00, 0x00,
    0x00, 0x00, 0x00, 0x00, 0x00, 0x00, 0x00, 0x00, 0x00, 0x00, 0x00, 0x00,
    0x00, 0x00, 0x00, 0x00, 0x00, 0x00, 0x00, 0x00, 0x00, 0x00, 0x00, 0x00,
    0x00, 0x00, 0x00, 0x00, 0x00, 0x00, 0x00, 0x00, 0x00, 0x00, 0x00, 0x00,
    0x00, 0x00, 0x00, 0x00, 0x00, 0x00, 0x00, 0x00, 0x00, 0x00, 0x00, 0x00,
    0x00, 0x00, 0x00, 0x00, 0x00, 0x00, 0x00, 0x00, 0x00, 0x00, 0x00, 0x00,
    0x00, 0x00, 0x00, 0x00, 0x00, 0x00, 0x00, 0x00, 0x00, 0x00, 0x00, 0x00,
    0x00, 0x00, 0x00, 0x00, 0x00, 0x00, 0x00, 0x00, 0x00, 0x00, 0x00, 0x00,
    0x00, 0x00, 0x00, 0x00, 0x00, 0x00, 0x00, 0x00, 0x00, 0x00, 0x00, 0x00,
    0x00, 0x00, 0x00, 0x00, 0x00, 0x00, 0x00, 0x00, 0x00, 0x00, 0x00, 0x00,
    0x00, 0x00, 0x00, 0x00, 0x00, 0x00, 0x00, 0x00, 0x00, 0x00, 0x00, 0x00,
    0x00, 0x00, 0x00, 0x00, 0x00, 0x00, 0x00, 0x00, 0x00, 0x00, 0x00, 0x00,
    0x00, 0x00, 0x00, 0x00, 0x00, 0x00, 0x00, 0x00, 0x00, 0x00, 0x00, 0x00,
    0x00, 0x00, 0x00, 0x00, 0x00, 0x00, 0x00, 0x00, 0x00, 0x00, 0x00, 0x00,
    0x00, 0x00, 0x00, 0x00, 0x00, 0x00, 0x00, 0x00, 0xf8, 0xfc, 0xf8, 0x20,
    0xf8, 0xfc, 0xf8, 0x34, 0xf8, 0xfc, 0xf8, 0x34, 0xf8, 0xfc, 0xf8, 0x34,
    0xf8, 0xfc, 0xf8, 0x34, 0xf8, 0xfc, 0xf8, 0x34, 0xf8, 0xfc, 0xf8, 0x30,
    0xf8, 0xfc, 0xf8, 0x34, 0xf8, 0xfc, 0xf8, 0x34, 0xf8, 0xfc, 0xf8, 0x34,
    0xf8, 0xfc, 0xf8, 0x30, 0xf8, 0xfc, 0xf8, 0x34, 0xf8, 0xfc, 0xf8, 0x34,
    0xf8, 0xfc, 0xf8, 0x30, 0xf8, 0xfc, 0xf8, 0x34, 0xf8, 0xfc, 0xf8, 0x34,
    0xf8, 0xfc, 0xf8, 0x30, 0xf8, 0xfc, 0xf8, 0x34, 0xf8, 0xfc, 0xf8, 0x34,
    0xf8, 0xfc, 0xf8, 0x30, 0xf8, 0xfc, 0xf8, 0x34, 0xf8, 0xfc, 0xf8, 0x34,
    0xf8, 0xfc, 0xf8, 0x34, 0xf8, 0xfc, 0xf8, 0x34, 0xf8, 0xfc, 0xf8, 0x30,
    0xf8, 0xfc, 0xf8, 0x28, 0x00, 0x00, 0x00, 0x00, 0x00, 0x00, 0x00, 0x00,
    0x00, 0x00, 0x00, 0x00, 0x00, 0x00, 0x00, 0x00, 0x00, 0x00, 0x00, 0x00,
    0x00, 0x00, 0x00, 0x00, 0x00, 0x00, 0x00, 0x00, 0x00, 0x00, 0x00, 0x00,
    0x00, 0x00, 0x00, 0x00, 0x00, 0x00, 0x00, 0x00, 0x00, 0x00, 0x00, 0x00,
    0x00, 0x00, 0x00, 0x00, 0x00, 0x00, 0x00, 0x00, 0x00, 0x00, 0x00, 0x00,
    0x00, 0x00, 0x00, 0x00, 0x00, 0x00, 0x00, 0x00, 0x00, 0x00, 0x00, 0x00,
    0x00, 0x00, 0x00, 0x00, 0x00, 0x00, 0x00, 0x00, 0x00, 0x00, 0x00, 0x00,
    0x00, 0x00, 0x00, 0x00, 0x00, 0x00, 0x00, 0x00, 0xf8, 0xfc, 0xf8, 0x04,
    0xf8, 0xfc, 0xf8, 0x30, 0xf8, 0xfc, 0xf8, 0x34, 0xf8, 0xfc, 0xf8, 0x30,
    0xf8, 0xfc, 0xf8, 0x34, 0xf8, 0xfc, 0xf8, 0x34, 0xf8, 0xfc, 0xf8, 0x34,
    0xf8, 0xfc, 0xf8, 0x34, 0xf8, 0xfc, 0xf8, 0x34, 0xf8, 0xfc, 0xf8, 0x30,
    0xf8, 0xfc, 0xf8, 0x34, 0xf8, 0xfc, 0xf8, 0x34, 0xf8, 0xfc, 0xf8, 0x30,
    0xf8, 0xfc, 0xf8, 0x34, 0xf8, 0xfc, 0xf8, 0x34, 0xf8, 0xfc, 0xf8, 0x34,
    0xf8, 0xfc, 0xf8, 0x34, 0xf8, 0xfc, 0xf8, 0x34, 0xf8, 0xfc, 0xf8, 0x30,
    0xf8, 0xfc, 0xf8, 0x34, 0xf8, 0xfc, 0xf8, 0x30, 0xf8, 0xfc, 0xf8, 0x34,
    0xf8, 0xfc, 0xf8, 0x34, 0xf8, 0xfc, 0xf8, 0x34, 0xf8, 0xfc, 0xf8, 0x34,
    0xf8, 0xfc, 0xf8, 0x34, 0xf8, 0xfc, 0xf8, 0x28, 0xf8, 0xfc, 0xf8, 0x04,
    0x00, 0x00, 0x00, 0x00, 0x00, 0x00, 0x00, 0x00, 0x00, 0x00, 0x00, 0x00,
    0x00, 0x00, 0x00, 0x00, 0x00, 0x00, 0x00, 0x00, 0x00, 0x00, 0x00, 0x00,
    0x00, 0x00, 0x00, 0x00, 0x00, 0x00, 0x00, 0x00, 0x00, 0x00, 0x00, 0x00,
    0x00, 0x00, 0x00, 0x00, 0x00, 0x00, 0x00, 0x00, 0x00, 0x00, 0x00, 0x00,
    0x00, 0x00, 0x00, 0x00, 0x00, 0x00, 0x00, 0x00, 0x00, 0x00, 0x00, 0x00,
    0x00, 0x00, 0x00, 0x00, 0x00, 0x00, 0x00, 0x00, 0x00, 0x00, 0x00, 0x00,
    0x00, 0x00, 0x00, 0x00, 0x00, 0x00, 0x00, 0x00, 0x00, 0x00, 0x00, 0x00,
    0x00, 0x00, 0x00, 0x00, 0x00, 0x00, 0x00, 0x00, 0x00, 0x00, 0x00, 0x00,
    0x00, 0x00, 0x00, 0x00, 0x00, 0x00, 0x00, 0x00, 0x00, 0x00, 0x00, 0x00,
    0x00, 0x00, 0x00, 0x00, 0x00, 0x00, 0x00, 0x00, 0x00, 0x00, 0x00, 0x00,
    0x00, 0x00, 0x00, 0x00, 0x00, 0x00, 0x00, 0x00, 0x00, 0x00, 0x00, 0x00,
    0x00, 0x00, 0x00, 0x00, 0x00, 0x00, 0x00, 0x00, 0x00, 0x00, 0x00, 0x00,
    0x00, 0x00, 0x00, 0x00, 0x00, 0x00, 0x00, 0x00, 0x00, 0x00, 0x00, 0x00,
    0x00, 0x00, 0x00, 0x00, 0x00, 0x00, 0x00, 0x00, 0x00, 0x00, 0x00, 0x00,
    0x00, 0x00, 0x00, 0x00, 0x00, 0x00, 0x00, 0x00, 0x00, 0x00, 0x00, 0x00,
    0x00, 0x00, 0x00, 0x00, 0x00, 0x00, 0x00, 0x00, 0x00, 0x00, 0x00, 0x00,
    0x00, 0x00, 0x00, 0x00, 0x00, 0x00, 0x00, 0x00, 0x00, 0x00, 0x00, 0x00,
    0x00, 0x00, 0x00, 0x00, 0x00, 0x00, 0x00, 0x00, 0x00, 0x00, 0x00, 0x00,
    0x00, 0x00, 0x00, 0x00, 0x00, 0x00, 0x00, 0x00, 0x00, 0x00, 0x00, 0x00,
    0x00, 0x00, 0x00, 0x00, 0x00, 0x00, 0x00, 0x00, 0x00, 0x00, 0x00, 0x00,
    0x00, 0x00, 0x00, 0x00, 0x00, 0x00, 0x00, 0x00, 0x00, 0x00, 0x00, 0x00,
    0x00, 0x00, 0x00, 0x00, 0x00, 0x00, 0x00, 0x00, 0x00, 0x00, 0x00, 0x00,
    0x00, 0x00, 0x00, 0x00, 0x00, 0x00, 0x00, 0x00, 0x00, 0x00, 0x00, 0x00,
    0x00, 0x00, 0x00, 0x00, 0x00, 0x00, 0x00, 0x00, 0x00, 0x00, 0x00, 0x00,
    0xf8, 0xfc, 0xf8, 0x04, 0xf8, 0xfc, 0xf8, 0x28, 0xf8, 0xfc, 0xf8, 0x34,
    0xf8, 0xfc, 0xf8, 0x34, 0xf8, 0xfc, 0xf8, 0x30, 0xf8, 0xfc, 0xf8, 0x34,
    0xf8, 0xfc, 0xf8, 0x34, 0xf8, 0xfc, 0xf8, 0x30, 0xf8, 0xfc, 0xf8, 0x34,
    0xf8, 0xfc, 0xf8, 0x34, 0xf8, 0xfc, 0xf8, 0x30, 0xf8, 0xfc, 0xf8, 0x34,
    0xf8, 0xfc, 0xf8, 0x34, 0xf8, 0xfc, 0xf8, 0x34, 0xf8, 0xfc, 0xf8, 0x30,
    0xf8, 0xfc, 0xf8, 0x34, 0xf8, 0xfc, 0xf8, 0x34, 0xf8, 0xfc, 0xf8, 0x30,
    0xf8, 0xfc, 0xf8, 0x34, 0xf8, 0xfc, 0xf8, 0x34, 0xf8, 0xfc, 0xf8, 0x34,
    0xf8, 0xfc, 0xf8, 0x30, 0xf8, 0xfc, 0xf8, 0x34, 0xf8, 0xfc, 0xf8, 0x30,
    0xf8, 0xfc, 0xf8, 0x34, 0xf8, 0xfc, 0xf8, 0x34, 0xf8, 0xfc, 0xf8, 0x34,
    0xf8, 0xfc, 0xf8, 0x04, 0x00, 0x00, 0x00, 0x00, 0x00, 0x00, 0x00, 0x00,
    0x00, 0x00, 0x00, 0x00, 0x00, 0x00, 0x00, 0x00, 0x00, 0x00, 0x00, 0x00,
    0x00, 0x00, 0x00, 0x00, 0x00, 0x00, 0x00, 0x00, 0x00, 0x00, 0x00, 0x00,
    0x00, 0x00, 0x00, 0x00, 0x00, 0x00, 0x00, 0x00, 0x00, 0x00, 0x00, 0x00,
    0x00, 0x00, 0x00, 0x00, 0x00, 0x00, 0x00, 0x00, 0x00, 0x00, 0x00, 0x00,
    0x00, 0x00, 0x00, 0x00, 0x00, 0x00, 0x00, 0x00, 0x00, 0x00, 0x00, 0x00,
    0x00, 0x00, 0x00, 0x00, 0x00, 0x00, 0x00, 0x00, 0x00, 0x00, 0x00, 0x00,
    0x00, 0x00, 0x00, 0x00, 0x00, 0x00, 0x00, 0x00, 0x00, 0x00, 0x00, 0x00,
    0xf8, 0xfc, 0xf8, 0x18, 0xf8, 0xfc, 0xf8, 0x34, 0xf8, 0xfc, 0xf8, 0x34,
    0xf8, 0xfc, 0xf8, 0x30, 0xf8, 0xfc, 0xf8, 0x34, 0xf8, 0xfc, 0xf8, 0x34,
    0xf8, 0xfc, 0xf8, 0x30, 0xf8, 0xfc, 0xf8, 0x34, 0xf8, 0xfc, 0xf8, 0x34,
    0xf8, 0xfc, 0xf8, 0x34, 0xf8, 0xfc, 0xf8, 0x30, 0xf8, 0xfc, 0xf8, 0x34,
    0xf8, 0xfc, 0xf8, 0x34, 0xf8, 0xfc, 0xf8, 0x30, 0xf8, 0xfc, 0xf8, 0x34,
    0xf8, 0xfc, 0xf8, 0x34, 0xf8, 0xfc, 0xf8, 0x34, 0xf8, 0xfc, 0xf8, 0x34,
    0xf8, 0xfc, 0xf8, 0x34, 0xf8, 0xfc, 0xf8, 0x30, 0xf8, 0xfc, 0xf8, 0x34,
    0xf8, 0xfc, 0xf8, 0x34, 0xf8, 0xfc, 0xf8, 0x30, 0xf8, 0xfc, 0xf8, 0x34,
    0xf8, 0xfc, 0xf8, 0x34, 0xf8, 0xfc, 0xf8, 0x30, 0xf8, 0xfc, 0xf8, 0x2c,
    0xf8, 0xfc, 0xf8, 0x08, 0x00, 0x00, 0x00, 0x00, 0x00, 0x00, 0x00, 0x00,
    0x00, 0x00, 0x00, 0x00, 0x00, 0x00, 0x00, 0x00, 0x00, 0x00, 0x00, 0x00,
    0x00, 0x00, 0x00, 0x00, 0x00, 0x00, 0x00, 0x00, 0x00, 0x00, 0x00, 0x00,
    0x00, 0x00, 0x00, 0x00, 0x00, 0x00, 0x00, 0x00, 0x00, 0x00, 0x00, 0x00,
    0x00, 0x00, 0x00, 0x00, 0x00, 0x00, 0x00, 0x00, 0x00, 0x00, 0x00, 0x00,
    0x00, 0x00, 0x00, 0x00, 0x00, 0x00, 0x00, 0x00, 0x00, 0x00, 0x00, 0x00,
    0x00, 0x00, 0x00, 0x00, 0x00, 0x00, 0x00, 0x00, 0x00, 0x00, 0x00, 0x00,
    0x00, 0x00, 0x00, 0x00, 0x00, 0x00, 0x00, 0x00, 0x00, 0x00, 0x00, 0x00,
    0x00, 0x00, 0x00, 0x00, 0x00, 0x00, 0x00, 0x00, 0x00, 0x00, 0x00, 0x00,
    0x00, 0x00, 0x00, 0x00, 0x00, 0x00, 0x00, 0x00, 0x00, 0x00, 0x00, 0x00,
    0x00, 0x00, 0x00, 0x00, 0x00, 0x00, 0x00, 0x00, 0x00, 0x00, 0x00, 0x00,
    0x00, 0x00, 0x00, 0x00, 0x00, 0x00, 0x00, 0x00, 0x00, 0x00, 0x00, 0x00,
    0x00, 0x00, 0x00, 0x00, 0x00, 0x00, 0x00, 0x00, 0x00, 0x00, 0x00, 0x00,
    0x00, 0x00, 0x00, 0x00, 0x00, 0x00, 0x00, 0x00, 0x00, 0x00, 0x00, 0x00,
    0x00, 0x00, 0x00, 0x00, 0x00, 0x00, 0x00, 0x00, 0x00, 0x00, 0x00, 0x00,
    0x00, 0x00, 0x00, 0x00, 0x00, 0x00, 0x00, 0x00, 0x00, 0x00, 0x00, 0x00,
    0x00, 0x00, 0x00, 0x00, 0x00, 0x00, 0x00, 0x00, 0x00, 0x00, 0x00, 0x00,
    0x00, 0x00, 0x00, 0x00, 0x00, 0x00, 0x00, 0x00, 0x00, 0x00, 0x00, 0x00,
    0x00, 0x00, 0x00, 0x00, 0x00, 0x00, 0x00, 0x00, 0x00, 0x00, 0x00, 0x00,
    0x00, 0x00, 0x00, 0x00, 0x00, 0x00, 0x00, 0x00, 0x00, 0x00, 0x00, 0x00,
    0x00, 0x00, 0x00, 0x00, 0x00, 0x00, 0x00, 0x00, 0x00, 0x00, 0x00, 0x00,
    0x00, 0x00, 0x00, 0x00, 0x00, 0x00, 0x00, 0x00, 0x00, 0x00, 0x00, 0x00,
    0x00, 0x00, 0x00, 0x00, 0x00, 0x00, 0x00, 0x00, 0x00, 0x00, 0x00, 0x00,
    0x00, 0x00, 0x00, 0x00, 0x00, 0x00, 0x00, 0x00, 0xf8, 0xfc, 0xf8, 0x08,
    0xf8, 0xfc, 0xf8, 0x28, 0xf8, 0xfc, 0xf8, 0x34, 0xf8, 0xfc, 0xf8, 0x34,
    0xf8, 0xfc, 0xf8, 0x34, 0xf8, 0xfc, 0xf8, 0x30, 0xf8, 0xfc, 0xf8, 0x34,
    0xf8, 0xfc, 0xf8, 0x34, 0xf8, 0xfc, 0xf8, 0x30, 0xf8, 0xfc, 0xf8, 0x34,
    0xf8, 0xfc, 0xf8, 0x34, 0xf8, 0xfc, 0xf8, 0x34, 0xf8, 0xfc, 0xf8, 0x30,
    0xf8, 0xfc, 0xf8, 0x34, 0xf8, 0xfc, 0xf8, 0x34, 0xf8, 0xfc, 0xf8, 0x34,
    0xf8, 0xfc, 0xf8, 0x34, 0xf8, 0xfc, 0xf8, 0x34, 0xf8, 0xfc, 0xf8, 0x34,
    0xf8, 0xfc, 0xf8, 0x34, 0xf8, 0xfc, 0xf8, 0x34, 0xf8, 0xfc, 0xf8, 0x30,
    0xf8, 0xfc, 0xf8, 0x34, 0xf8, 0xfc, 0xf8, 0x34, 0xf8, 0xfc, 0xf8, 0x34,
    0xf8, 0xfc, 0xf8, 0x30, 0xf8, 0xfc, 0xf8, 0x34, 0xf8, 0xfc, 0xf8, 0x18,
    0x00, 0x00, 0x00, 0x00, 0x00, 0x00, 0x00, 0x00, 0x00, 0x00, 0x00, 0x00,
    0x00, 0x00, 0x00, 0x00, 0x00, 0x00, 0x00, 0x00, 0x00, 0x00, 0x00, 0x00,
    0x00, 0x00, 0x00, 0x00, 0x00, 0x00, 0x00, 0x00, 0x00, 0x00, 0x00, 0x00,
    0x00, 0x00, 0x00, 0x00, 0x00, 0x00, 0x00, 0x00, 0x00, 0x00, 0x00, 0x00,
    0x00, 0x00, 0x00, 0x00, 0x00, 0x00, 0x00, 0x00, 0x00, 0x00, 0x00, 0x00,
    0x00, 0x00, 0x00, 0x00, 0x00, 0x00, 0x00, 0x00, 0x00, 0x00, 0x00, 0x00,
    0x00, 0x00, 0x00, 0x00, 0x00, 0x00, 0x00, 0x00, 0x00, 0x00, 0x00, 0x00,
    0x00, 0x00, 0x00, 0x00, 0x00, 0x00, 0x00, 0x00, 0x00, 0x00, 0x00, 0x00,
    0x00, 0x00, 0x00, 0x00, 0xf8, 0xfc, 0xf8, 0x24, 0xf8, 0xfc, 0xf8, 0x34,
    0xf8, 0xfc, 0xf8, 0x34, 0xf8, 0xfc, 0xf8, 0x34, 0xf8, 0xfc, 0xf8, 0x30,
    0xf8, 0xfc, 0xf8, 0x34, 0xf8, 0xfc, 0xf8, 0x34, 0xf8, 0xfc, 0xf8, 0x34,
    0xf8, 0xfc, 0xf8, 0x30, 0xf8, 0xfc, 0xf8, 0x34, 0xf8, 0xfc, 0xf8, 0x34,
    0xf8, 0xfc, 0xf8, 0x34, 0xf8, 0xfc, 0xf8, 0x30, 0xf8, 0xfc, 0xf8, 0x34,
    0xf8, 0xfc, 0xf8, 0x30, 0xf8, 0xfc, 0xf8, 0x30, 0xf8, 0xfc, 0xf8, 0x34,
    0xf8, 0xfc, 0xf8, 0x34, 0xf8, 0xfc, 0xf8, 0x34, 0xf8, 0xfc, 0xf8, 0x34,
    0xf8, 0xfc, 0xf8, 0x30, 0xf8, 0xfc, 0xf8, 0x34, 0xf8, 0xfc, 0xf8, 0x34,
    0xf8, 0xfc, 0xf8, 0x30, 0xf8, 0xfc, 0xf8, 0x34, 0xf8, 0xfc, 0xf8, 0x34,
    0xf8, 0xfc, 0xf8, 0x2c, 0xf8, 0xfc, 0xf8, 0x08, 0x00, 0x00, 0x00, 0x00,
    0x00, 0x00, 0x00, 0x00, 0x00, 0x00, 0x00, 0x00, 0x00, 0x00, 0x00, 0x00,
    0x00, 0x00, 0x00, 0x00, 0x00, 0x00, 0x00, 0x00, 0x00, 0x00, 0x00, 0x00,
    0x00, 0x00, 0x00, 0x00, 0x00, 0x00, 0x00, 0x00, 0x00, 0x00, 0x00, 0x00,
    0x00, 0x00, 0x00, 0x00, 0x00, 0x00, 0x00, 0x00, 0x00, 0x00, 0x00, 0x00,
    0x00, 0x00, 0x00, 0x00, 0x00, 0x00, 0x00, 0x00, 0x00, 0x00, 0x00, 0x00,
    0x00, 0x00, 0x00, 0x00, 0x00, 0x00, 0x00, 0x00, 0x00, 0x00, 0x00, 0x00,
    0x00, 0x00, 0x00, 0x00, 0x00, 0x00, 0x00, 0x00, 0x00, 0x00, 0x00, 0x00,
    0x00, 0x00, 0x00, 0x00, 0x00, 0x00, 0x00, 0x00, 0x00, 0x00, 0x00, 0x00,
    0x00, 0x00, 0x00, 0x00, 0x00, 0x00, 0x00, 0x00, 0x00, 0x00, 0x00, 0x00,
    0x00, 0x00, 0x00, 0x00, 0x00, 0x00, 0x00, 0x00, 0x00, 0x00, 0x00, 0x00,
    0x00, 0x00, 0x00, 0x00, 0x00, 0x00, 0x00, 0x00, 0x00, 0x00, 0x00, 0x00,
    0x00, 0x00, 0x00, 0x00, 0x00, 0x00, 0x00, 0x00, 0x00, 0x00, 0x00, 0x00,
    0x00, 0x00, 0x00, 0x00, 0x00, 0x00, 0x00, 0x00, 0x00, 0x00, 0x00, 0x00,
    0x00, 0x00, 0x00, 0x00, 0x00, 0x00, 0x00, 0x00, 0x00, 0x00, 0x00, 0x00,
    0x00, 0x00, 0x00, 0x00, 0x00, 0x00, 0x00, 0x00, 0x00, 0x00, 0x00, 0x00,
    0x00, 0x00, 0x00, 0x00, 0x00, 0x00, 0x00, 0x00, 0x00, 0x00, 0x00, 0x00,
    0x00, 0x00, 0x00, 0x00, 0x00, 0x00, 0x00, 0x00, 0x00, 0x00, 0x00, 0x00,
    0x00, 0x00, 0x00, 0x00, 0x00, 0x00, 0x00, 0x00, 0x00, 0x00, 0x00, 0x00,
    0x00, 0x00, 0x00, 0x00, 0x00, 0x00, 0x00, 0x00, 0x00, 0x00, 0x00, 0x00,
    0x00, 0x00, 0x00, 0x00, 0x00, 0x00, 0x00, 0x00, 0x00, 0x00, 0x00, 0x00,
    0x00, 0x00, 0x00, 0x00, 0x00, 0x00, 0x00, 0x00, 0x00, 0x00, 0x00, 0x00,
    0x00, 0x00, 0x00, 0x00, 0x00, 0x00, 0x00, 0x00, 0x00, 0x00, 0x00, 0x00,
    0x00, 0x00, 0x00, 0x00, 0xf8, 0xfc, 0xf8, 0x08, 0xf8, 0xfc, 0xf8, 0x2c,
    0xf8, 0xfc, 0xf8, 0x34, 0xf8, 0xfc, 0xf8, 0x34, 0xf8, 0xfc, 0xf8, 0x34,
    0xf8, 0xfc, 0xf8, 0x34, 0xf8, 0xfc, 0xf8, 0x34, 0xf8, 0xfc, 0xf8, 0x34,
    0xf8, 0xfc, 0xf8, 0x34, 0xf8, 0xfc, 0xf8, 0x34, 0xf8, 0xfc, 0xf8, 0x34,
    0xf8, 0xfc, 0xf8, 0x34, 0xf8, 0xfc, 0xf8, 0x34, 0xf8, 0xfc, 0xf8, 0x34,
    0xf8, 0xfc, 0xf8, 0x30, 0xf8, 0xfc, 0xf8, 0x34, 0xf8, 0xfc, 0xf8, 0x30,
    0xf8, 0xfc, 0xf8, 0x34, 0xf8, 0xfc, 0xf8, 0x30, 0xf8, 0xfc, 0xf8, 0x34,
    0xf8, 0xfc, 0xf8, 0x34, 0xf8, 0xfc, 0xf8, 0x30, 0xf8, 0xfc, 0xf8, 0x34,
    0xf8, 0xfc, 0xf8, 0x34, 0xf8, 0xfc, 0xf8, 0x34, 0xf8, 0xfc, 0xf8, 0x34,
    0xf8, 0xfc, 0xf8, 0x34, 0xf8, 0xfc, 0xf8, 0x2c, 0x00, 0x00, 0x00, 0x00,
    0x00, 0x00, 0x00, 0x00, 0x00, 0x00, 0x00, 0x00, 0x00, 0x00, 0x00, 0x00,
    0x00, 0x00, 0x00, 0x00, 0x00, 0x00, 0x00, 0x00, 0x00, 0x00, 0x00, 0x00,
    0x00, 0x00, 0x00, 0x00, 0x00, 0x00, 0x00, 0x00, 0x00, 0x00, 0x00, 0x00,
    0x00, 0x00, 0x00, 0x00, 0x00, 0x00, 0x00, 0x00, 0x00, 0x00, 0x00, 0x00,
    0x00, 0x00, 0x00, 0x00, 0x00, 0x00, 0x00, 0x00, 0x00, 0x00, 0x00, 0x00,
    0x00, 0x00, 0x00, 0x00, 0x00, 0x00, 0x00, 0x00, 0x00, 0x00, 0x00, 0x00,
    0x00, 0x00, 0x00, 0x00, 0x00, 0x00, 0x00, 0x00, 0x00, 0x00, 0x00, 0x00,
    0x00, 0x00, 0x00, 0x00, 0x00, 0x00, 0x00, 0x00, 0x00, 0x00, 0x00, 0x00,
    0x00, 0x00, 0x00, 0x00, 0xf8, 0xfc, 0xf8, 0x04, 0xf8, 0xfc, 0xf8, 0x30,
    0xf8, 0xfc, 0xf8, 0x34, 0xf8, 0xfc, 0xf8, 0x34, 0xf8, 0xfc, 0xf8, 0x34,
    0xf8, 0xfc, 0xf8, 0x30, 0xf8, 0xfc, 0xf8, 0x34, 0xf8, 0xfc, 0xf8, 0x34,
    0xf8, 0xfc, 0xf8, 0x34, 0xf8, 0xfc, 0xf8, 0x34, 0xf8, 0xfc, 0xf8, 0x34,
    0xf8, 0xfc, 0xf8, 0x30, 0xf8, 0xfc, 0xf8, 0x34, 0xf8, 0xfc, 0xf8, 0x34,
    0xf8, 0xfc, 0xf8, 0x34, 0xf8, 0xfc, 0xf8, 0x34, 0xf8, 0xfc, 0xf8, 0x34,
    0xf8, 0xfc, 0xf8, 0x30, 0xf8, 0xfc, 0xf8, 0x34, 0xf8, 0xfc, 0xf8, 0x34,
    0xf8, 0xfc, 0xf8, 0x34, 0xf8, 0xfc, 0xf8, 0x34, 0xf8, 0xfc, 0xf8, 0x34,
    0xf8, 0xfc, 0xf8, 0x34, 0xf8, 0xfc, 0xf8, 0x34, 0xf8, 0xfc, 0xf8, 0x34,
    0xf8, 0xfc, 0xf8, 0x34, 0xf8, 0xfc, 0xf8, 0x30, 0xf8, 0xfc, 0xf8, 0x14,
    0x00, 0x00, 0x00, 0x00, 0x00, 0x00, 0x00, 0x00, 0x00, 0x00, 0x00, 0x00,
    0x00, 0x00, 0x00, 0x00, 0x00, 0x00, 0x00, 0x00, 0x00, 0x00, 0x00, 0x00,
    0x00, 0x00, 0x00, 0x00, 0x00, 0x00, 0x00, 0x00, 0x00, 0x00, 0x00, 0x00,
    0x00, 0x00, 0x00, 0x00, 0x00, 0x00, 0x00, 0x00, 0x00, 0x00, 0x00, 0x00,
    0x00, 0x00, 0x00, 0x00, 0x00, 0x00, 0x00, 0x00, 0x00, 0x00, 0x00, 0x00,
    0x00, 0x00, 0x00, 0x00, 0x00, 0x00, 0x00, 0x00, 0x00, 0x00, 0x00, 0x00,
    0x00, 0x00, 0x00, 0x00, 0x00, 0x00, 0x00, 0x00, 0x00, 0x00, 0x00, 0x00,
    0x00, 0x00, 0x00, 0x00, 0x00, 0x00, 0x00, 0x00, 0x00, 0x00, 0x00, 0x00,
    0x00, 0x00, 0x00, 0x00, 0x00, 0x00, 0x00, 0x00, 0x00, 0x00, 0x00, 0x00,
    0x00, 0x00, 0x00, 0x00, 0x00, 0x00, 0x00, 0x00, 0x00, 0x00, 0x00, 0x00,
    0x00, 0x00, 0x00, 0x00, 0x00, 0x00, 0x00, 0x00, 0x00, 0x00, 0x00, 0x00,
    0x00, 0x00, 0x00, 0x00, 0x00, 0x00, 0x00, 0x00, 0x00, 0x00, 0x00, 0x00,
    0x00, 0x00, 0x00, 0x00, 0x00, 0x00, 0x00, 0x00, 0x00, 0x00, 0x00, 0x00,
    0x00, 0x00, 0x00, 0x00, 0x00, 0x00, 0x00, 0x00, 0x00, 0x00, 0x00, 0x00,
    0x00, 0x00, 0x00, 0x00, 0x00, 0x00, 0x00, 0x00, 0x00, 0x00, 0x00, 0x00,
    0x00, 0x00, 0x00, 0x00, 0x00, 0x00, 0x00, 0x00, 0x00, 0x00, 0x00, 0x00,
    0x00, 0x00, 0x00, 0x00, 0x00, 0x00, 0x00, 0x00, 0x00, 0x00, 0x00, 0x00,
    0x00, 0x00, 0x00, 0x00, 0x00, 0x00, 0x00, 0x00, 0x00, 0x00, 0x00, 0x00,
    0x00, 0x00, 0x00, 0x00, 0x00, 0x00, 0x00, 0x00, 0x00, 0x00, 0x00, 0x00,
    0x00, 0x00, 0x00, 0x00, 0x00, 0x00, 0x00, 0x00, 0x00, 0x00, 0x00, 0x00,
    0x00, 0x00, 0x00, 0x00, 0x00, 0x00, 0x00, 0x00, 0x00, 0x00, 0x00, 0x00,
    0x00, 0x00, 0x00, 0x00, 0x00, 0x00, 0x00, 0x00, 0x00, 0x00, 0x00, 0x00,
    0xf8, 0xfc, 0xf8, 0x18, 0xf8, 0xfc, 0xf8, 0x30, 0xf8, 0xfc, 0xf8, 0x34,
    0xf8, 0xfc, 0xf8, 0x34, 0xf8, 0xfc, 0xf8, 0x34, 0xf8, 0xfc, 0xf8, 0x30,
    0xf8, 0xfc, 0xf8, 0x30, 0xf8, 0xfc, 0xf8, 0x34, 0xf8, 0xfc, 0xf8, 0x30,
    0xf8, 0xfc, 0xf8, 0x34, 0xf8, 0xfc, 0xf8, 0x30, 0xf8, 0xfc, 0xf8, 0x30,
    0xf8, 0xfc, 0xf8, 0x34, 0xf8, 0xfc, 0xf8, 0x34, 0xf8, 0xfc, 0xf8, 0x30,
    0xf8, 0xfc, 0xf8, 0x34, 0xf8, 0xfc, 0xf8, 0x34, 0xf8, 0xfc, 0xf8, 0x34,
    0xf8, 0xfc, 0xf8, 0x30, 0xf8, 0xfc, 0xf8, 0x34, 0xf8, 0xfc, 0xf8, 0x34,
    0xf8, 0xfc, 0xf8, 0x30, 0xf8, 0xfc, 0xf8, 0x34, 0xf8, 0xfc, 0xf8, 0x34,
    0xf8, 0xfc, 0xf8, 0x30, 0xf8, 0xfc, 0xf8, 0x34, 0xf8, 0xfc, 0xf8, 0x30,
    0xf8, 0xfc, 0xf8, 0x30, 0xf8, 0xfc, 0xf8, 0x04, 0x00, 0x00, 0x00, 0x00,
    0x00, 0x00, 0x00, 0x00, 0x00, 0x00, 0x00, 0x00, 0x00, 0x00, 0x00, 0x00,
    0x00, 0x00, 0x00, 0x00, 0x00, 0x00, 0x00, 0x00, 0x00, 0x00, 0x00, 0x00,
    0x00, 0x00, 0x00, 0x00, 0x00, 0x00, 0x00, 0x00, 0x00, 0x00, 0x00, 0x00,
    0x00, 0x00, 0x00, 0x00, 0x00, 0x00, 0x00, 0x00, 0x00, 0x00, 0x00, 0x00,
    0x00, 0x00, 0x00, 0x00, 0x00, 0x00, 0x00, 0x00, 0x00, 0x00, 0x00, 0x00,
    0x00, 0x00, 0x00, 0x00, 0x00, 0x00, 0x00, 0x00, 0x00, 0x00, 0x00, 0x00,
    0x00, 0x00, 0x00, 0x00, 0x00, 0x00, 0x00, 0x00, 0x00, 0x00, 0x00, 0x00,
    0x00, 0x00, 0x00, 0x00, 0x00, 0x00, 0x00, 0x00, 0x00, 0x00, 0x00, 0x00,
    0x00, 0x00, 0x00, 0x00, 0x00, 0x00, 0x00, 0x00, 0xf8, 0xfc, 0xf8, 0x14,
    0xf8, 0xfc, 0xf8, 0x34, 0xf8, 0xfc, 0xf8, 0x34, 0xf8, 0xfc, 0xf8, 0x34,
    0xf8, 0xfc, 0xf8, 0x34, 0xf8, 0xfc, 0xf8, 0x30, 0xf8, 0xfc, 0xf8, 0x34,
    0xf8, 0xfc, 0xf8, 0x30, 0xf8, 0xfc, 0xf8, 0x34, 0xf8, 0xfc, 0xf8, 0x34,
    0xf8, 0xfc, 0xf8, 0x34, 0xf8, 0xfc, 0xf8, 0x34, 0xf8, 0xfc, 0xf8, 0x34,
    0xf8, 0xfc, 0xf8, 0x34, 0xf8, 0xfc, 0xf8, 0x34, 0xf8, 0xfc, 0xf8, 0x30,
    0xf8, 0xfc, 0xf8, 0x34, 0xf8, 0xfc, 0xf8, 0x34, 0xf8, 0xfc, 0xf8, 0x30,
    0xf8, 0xfc, 0xf8, 0x34, 0xf8, 0xfc, 0xf8, 0x30, 0xf8, 0xfc, 0xf8, 0x30,
    0xf8, 0xfc, 0xf8, 0x34, 0xf8, 0xfc, 0xf8, 0x34, 0xf8, 0xfc, 0xf8, 0x30,
    0xf8, 0xfc, 0xf8, 0x34, 0xf8, 0xfc, 0xf8, 0x34, 0xf8, 0xfc, 0xf8, 0x34,
    0xf8, 0xfc, 0xf8, 0x1c, 0xf8, 0xfc, 0xf8, 0x04, 0x00, 0x00, 0x00, 0x00,
    0x00, 0x00, 0x00, 0x00, 0x00, 0x00, 0x00, 0x00, 0x00, 0x00, 0x00, 0x00,
    0x00, 0x00, 0x00, 0x00, 0x00, 0x00, 0x00, 0x00, 0x00, 0x00, 0x00, 0x00,
    0x00, 0x00, 0x00, 0x00, 0x00, 0x00, 0x00, 0x00, 0x00, 0x00, 0x00, 0x00,
    0x00, 0x00, 0x00, 0x00, 0x00, 0x00, 0x00, 0x00, 0x00, 0x00, 0x00, 0x00,
    0x00, 0x00, 0x00, 0x00, 0x00, 0x00, 0x00, 0x00, 0x00, 0x00, 0x00, 0x00,
    0x00, 0x00, 0x00, 0x00, 0x00, 0x00, 0x00, 0x00, 0x00, 0x00, 0x00, 0x00,
    0x00, 0x00, 0x00, 0x00, 0x00, 0x00, 0x00, 0x00, 0x00, 0x00, 0x00, 0x00,
    0x00, 0x00, 0x00, 0x00, 0x00, 0x00, 0x00, 0x00, 0x00, 0x00, 0x00, 0x00,
    0x00, 0x00, 0x00, 0x00, 0x00, 0x00, 0x00, 0x00, 0x00, 0x00, 0x00, 0x00,
    0x00, 0x00, 0x00, 0x00, 0x00, 0x00, 0x00, 0x00, 0x00, 0x00, 0x00, 0x00,
    0x00, 0x00, 0x00, 0x00, 0x00, 0x00, 0x00, 0x00, 0x00, 0x00, 0x00, 0x00,
    0x00, 0x00, 0x00, 0x00, 0x00, 0x00, 0x00, 0x00, 0x00, 0x00, 0x00, 0x00,
    0x00, 0x00, 0x00, 0x00, 0x00, 0x00, 0x00, 0x00, 0x00, 0x00, 0x00, 0x00,
    0x00, 0x00, 0x00, 0x00, 0x00, 0x00, 0x00, 0x00, 0x00, 0x00, 0x00, 0x00,
    0x00, 0x00, 0x00, 0x00, 0x00, 0x00, 0x00, 0x00, 0x00, 0x00, 0x00, 0x00,
    0x00, 0x00, 0x00, 0x00, 0x00, 0x00, 0x00, 0x00, 0x00, 0x00, 0x00, 0x00,
    0x00, 0x00, 0x00, 0x00, 0x00, 0x00, 0x00, 0x00, 0x00, 0x00, 0x00, 0x00,
    0x00, 0x00, 0x00, 0x00, 0x00, 0x00, 0x00, 0x00, 0x00, 0x00, 0x00, 0x00,
    0x00, 0x00, 0x00, 0x00, 0x00, 0x00, 0x00, 0x00, 0x00, 0x00, 0x00, 0x00,
    0x00, 0x00, 0x00, 0x00, 0x00, 0x00, 0x00, 0x00, 0x00, 0x00, 0x00, 0x00,
    0x00, 0x00, 0x00, 0x00, 0xf8, 0xfc, 0xf8, 0x04, 0xf8, 0xfc, 0xf8, 0x1c,
    0xf8, 0xfc, 0xf8, 0x34, 0xf8, 0xfc, 0xf8, 0x34, 0xf8, 0xfc, 0xf8, 0x34,
    0xf8, 0xfc, 0xf8, 0x34, 0xf8, 0xfc, 0xf8, 0x34, 0xf8, 0xfc, 0xf8, 0x34,
    0xf8, 0xfc, 0xf8, 0x34, 0xf8, 0xfc, 0xf8, 0x34, 0xf8, 0xfc, 0xf8, 0x34,
    0xf8, 0xfc, 0xf8, 0x34, 0xf8, 0xfc, 0xf8, 0x34, 0xf8, 0xfc, 0xf8, 0x34,
    0xf8, 0xfc, 0xf8, 0x34, 0xf8, 0xfc, 0xf8, 0x30, 0xf8, 0xfc, 0xf8, 0x34,
    0xf8, 0xfc, 0xf8, 0x34, 0xf8, 0xfc, 0xf8, 0x34, 0xf8, 0xfc, 0xf8, 0x34,
    0xf8, 0xfc, 0xf8, 0x34, 0xf8, 0xfc, 0xf8, 0x34, 0xf8, 0xfc, 0xf8, 0x34,
    0xf8, 0xfc, 0xf8, 0x34, 0xf8, 0xfc, 0xf8, 0x34, 0xf8, 0xfc, 0xf8, 0x34,
    0xf8, 0xfc, 0xf8, 0x34, 0xf8, 0xfc, 0xf8, 0x34, 0xf8, 0xfc, 0xf8, 0x34,
    0xf8, 0xfc, 0xf8, 0x14, 0x00, 0x00, 0x00, 0x00, 0x00, 0x00, 0x00, 0x00,
    0x00, 0x00, 0x00, 0x00, 0x00, 0x00, 0x00, 0x00, 0x00, 0x00, 0x00, 0x00,
    0x00, 0x00, 0x00, 0x00, 0x00, 0x00, 0x00, 0x00, 0x00, 0x00, 0x00, 0x00,
    0x00, 0x00, 0x00, 0x00, 0x00, 0x00, 0x00, 0x00, 0x00, 0x00, 0x00, 0x00,
    0x00, 0x00, 0x00, 0x00, 0x00, 0x00, 0x00, 0x00, 0x00, 0x00, 0x00, 0x00,
    0x00, 0x00, 0x00, 0x00, 0x00, 0x00, 0x00, 0x00, 0x00, 0x00, 0x00, 0x00,
    0x00, 0x00, 0x00, 0x00, 0x00, 0x00, 0x00, 0x00, 0x00, 0x00, 0x00, 0x00,
    0x00, 0x00, 0x00, 0x00, 0x00, 0x00, 0x00, 0x00, 0x00, 0x00, 0x00, 0x00,
    0x00, 0x00, 0x00, 0x00, 0x00, 0x00, 0x00, 0x00, 0x00, 0x00, 0x00, 0x00,
    0x00, 0x00, 0x00, 0x00, 0x00, 0x00, 0x00, 0x00, 0x00, 0x00, 0x00, 0x00,
    0xf8, 0xfc, 0xf8, 0x1c, 0xf8, 0xfc, 0xf8, 0x34, 0xf8, 0xfc, 0xf8, 0x30,
    0xf8, 0xfc, 0xf8, 0x34, 0xf8, 0xfc, 0xf8, 0x34, 0xf8, 0xfc, 0xf8, 0x34,
    0xf8, 0xfc, 0xf8, 0x34, 0xf8, 0xfc, 0xf8, 0x30, 0xf8, 0xfc, 0xf8, 0x34,
    0xf8, 0xfc, 0xf8, 0x30, 0xf8, 0xfc, 0xf8, 0x34, 0xf8, 0xfc, 0xf8, 0x30,
    0xf8, 0xfc, 0xf8, 0x30, 0xf8, 0xfc, 0xf8, 0x34, 0xf8, 0xfc, 0xf8, 0x34,
    0xf8, 0xfc, 0xf8, 0x34, 0xf8, 0xfc, 0xf8, 0x34, 0xf8, 0xfc, 0xf8, 0x30,
    0xf8, 0xfc, 0xf8, 0x34, 0xf8, 0xfc, 0xf8, 0x34, 0xf8, 0xfc, 0xf8, 0x34,
    0xf8, 0xfc, 0xf8, 0x34, 0xf8, 0xfc, 0xf8, 0x30, 0xf8, 0xfc, 0xf8, 0x34,
    0xf8, 0xfc, 0xf8, 0x34, 0xf8, 0xfc, 0xf8, 0x34, 0xf8, 0xfc, 0xf8, 0x34,
    0xf8, 0xfc, 0xf8, 0x34, 0xf8, 0xfc, 0xf8, 0x2c, 0xf8, 0xfc, 0xf8, 0x08,
    0x00, 0x00, 0x00, 0x00, 0x00, 0x00, 0x00, 0x00, 0x00, 0x00, 0x00, 0x00,
    0x00, 0x00, 0x00, 0x00, 0x00, 0x00, 0x00, 0x00, 0x00, 0x00, 0x00, 0x00,
    0x00, 0x00, 0x00, 0x00, 0x00, 0x00, 0x00, 0x00, 0x00, 0x00, 0x00, 0x00,
    0x00, 0x00, 0x00, 0x00, 0x00, 0x00, 0x00, 0x00, 0x00, 0x00, 0x00, 0x00,
    0x00, 0x00, 0x00, 0x00, 0x00, 0x00, 0x00, 0x00, 0x00, 0x00, 0x00, 0x00,
    0x00, 0x00, 0x00, 0x00, 0x00, 0x00, 0x00, 0x00, 0x00, 0x00, 0x00, 0x00,
    0x00, 0x00, 0x00, 0x00, 0x00, 0x00, 0x00, 0x00, 0x00, 0x00, 0x00, 0x00,
    0x00, 0x00, 0x00, 0x00, 0x00, 0x00, 0x00, 0x00, 0x00, 0x00, 0x00, 0x00,
    0x00, 0x00, 0x00, 0x00, 0x00, 0x00, 0x00, 0x00, 0x00, 0x00, 0x00, 0x00,
    0x00, 0x00, 0x00, 0x00, 0x00, 0x00, 0x00, 0x00, 0x00, 0x00, 0x00, 0x00,
    0x00, 0x00, 0x00, 0x00, 0x00, 0x00, 0x00, 0x00, 0x00, 0x00, 0x00, 0x00,
    0x00, 0x00, 0x00, 0x00, 0x00, 0x00, 0x00, 0x00, 0x00, 0x00, 0x00, 0x00,
    0x00, 0x00, 0x00, 0x00, 0x00, 0x00, 0x00, 0x00, 0x00, 0x00, 0x00, 0x00,
    0x00, 0x00, 0x00, 0x00, 0x00, 0x00, 0x00, 0x00, 0x00, 0x00, 0x00, 0x00,
    0x00, 0x00, 0x00, 0x00, 0x00, 0x00, 0x00, 0x00, 0x00, 0x00, 0x00, 0x00,
    0x00, 0x00, 0x00, 0x00, 0x00, 0x00, 0x00, 0x00, 0x00, 0x00, 0x00, 0x00,
    0x00, 0x00, 0x00, 0x00, 0x00, 0x00, 0x00, 0x00, 0x00, 0x00, 0x00, 0x00,
    0x00, 0x00, 0x00, 0x00, 0x00, 0x00, 0x00, 0x00, 0x00, 0x00, 0x00, 0x00,
    0x00, 0x00, 0x00, 0x00, 0x00, 0x00, 0x00, 0x00, 0x00, 0x00, 0x00, 0x00,
    0x00, 0x00, 0x00, 0x00, 0x00, 0x00, 0x00, 0x00, 0x00, 0x00, 0x00, 0x00,
    0xf8, 0xfc, 0xf8, 0x0c, 0xf8, 0xfc, 0xf8, 0x2c, 0xf8, 0xfc, 0xf8, 0x34,
    0xf8, 0xfc, 0xf8, 0x34, 0xf8, 0xfc, 0xf8, 0x30, 0xf8, 0xfc, 0xf8, 0x34,
    0xf8, 0xfc, 0xf8, 0x30, 0xf8, 0xfc, 0xf8, 0x30, 0xf8, 0xfc, 0xf8, 0x34,
    0xf8, 0xfc, 0xf8, 0x34, 0xf8, 0xfc, 0xf8, 0x30, 0xf8, 0xfc, 0xf8, 0x34,
    0xf8, 0xfc, 0xf8, 0x34, 0xf8, 0xfc, 0xf8, 0x30, 0xf8, 0xfc, 0xf8, 0x34,
    0xf8, 0xfc, 0xf8, 0x34, 0xf8, 0xfc, 0xf8, 0x34, 0xf8, 0xfc, 0xf8, 0x34,
    0xf8, 0xfc, 0xf8, 0x30, 0xf8, 0xfc, 0xf8, 0x34, 0xf8, 0xfc, 0xf8, 0x30,
    0xf8, 0xfc, 0xf8, 0x34, 0xf8, 0xfc, 0xf8, 0x30, 0xf8, 0xfc, 0xf8, 0x34,
    0xf8, 0xfc, 0xf8, 0x30, 0xf8, 0xfc, 0xf8, 0x34, 0xf8, 0xfc, 0xf8, 0x30,
    0xf8, 0xfc, 0xf8, 0x34, 0xf8, 0xfc, 0xf8, 0x34, 0xf8, 0xfc, 0xf8, 0x1c,
    0x00, 0x00, 0x00, 0x00, 0x00, 0x00, 0x00, 0x00, 0x00, 0x00, 0x00, 0x00,
    0x00, 0x00, 0x00, 0x00, 0x00, 0x00, 0x00, 0x00, 0x00, 0x00, 0x00, 0x00,
    0x00, 0x00, 0x00, 0x00, 0x00, 0x00, 0x00, 0x00, 0x00, 0x00, 0x00, 0x00,
    0x00, 0x00, 0x00, 0x00, 0x00, 0x00, 0x00, 0x00, 0x00, 0x00, 0x00, 0x00,
    0x00, 0x00, 0x00, 0x00, 0x00, 0x00, 0x00, 0x00, 0x00, 0x00, 0x00, 0x00,
    0x00, 0x00, 0x00, 0x00, 0x00, 0x00, 0x00, 0x00, 0x00, 0x00, 0x00, 0x00,
    0x00, 0x00, 0x00, 0x00, 0x00, 0x00, 0x00, 0x00, 0x00, 0x00, 0x00, 0x00,
    0x00, 0x00, 0x00, 0x00, 0x00, 0x00, 0x00, 0x00, 0x00, 0x00, 0x00, 0x00,
    0x00, 0x00, 0x00, 0x00, 0x00, 0x00, 0x00, 0x00, 0x00, 0x00, 0x00, 0x00,
    0x00, 0x00, 0x00, 0x00, 0x00, 0x00, 0x00, 0x00, 0x00, 0x00, 0x00, 0x00,
    0xf8, 0xfc, 0xf8, 0x04, 0xf8, 0xfc, 0xf8, 0x28, 0xf8, 0xfc, 0xf8, 0x34,
    0xf8, 0xfc, 0xf8, 0x34, 0xf8, 0xfc, 0xf8, 0x30, 0xf8, 0xfc, 0xf8, 0x34,
    0xf8, 0xfc, 0xf8, 0x34, 0xf8, 0xfc, 0xf8, 0x34, 0xf8, 0xfc, 0xf8, 0x30,
    0xf8, 0xfc, 0xf8, 0x34, 0xf8, 0xfc, 0xf8, 0x34, 0xf8, 0xfc, 0xf8, 0x34,
    0xf8, 0xfc, 0xf8, 0x34, 0xf8, 0xfc, 0xf8, 0x34, 0xf8, 0xfc, 0xf8, 0x30,
    0xf8, 0xfc, 0xf8, 0x34, 0xf8, 0xfc, 0xf8, 0x34, 0xf8, 0xfc, 0xf8, 0x34,
    0xf8, 0xfc, 0xf8, 0x34, 0xf8, 0xfc, 0xf8, 0x34, 0xf8, 0xfc, 0xf8, 0x34,
    0xf8, 0xfc, 0xf8, 0x34, 0xf8, 0xfc, 0xf8, 0x34, 0xf8, 0xfc, 0xf8, 0x34,
    0xf8, 0xfc, 0xf8, 0x30, 0xf8, 0xfc, 0xf8, 0x34, 0xf8, 0xfc, 0xf8, 0x34,
    0xf8, 0xfc, 0xf8, 0x30, 0xf8, 0xfc, 0xf8, 0x34, 0xf8, 0xfc, 0xf8, 0x34,
    0xf8, 0xfc, 0xf8, 0x1c, 0xf8, 0xfc, 0xf8, 0x08, 0x00, 0x00, 0x00, 0x00,
    0x00, 0x00, 0x00, 0x00, 0x00, 0x00, 0x00, 0x00, 0x00, 0x00, 0x00, 0x00,
    0x00, 0x00, 0x00, 0x00, 0x00, 0x00, 0x00, 0x00, 0x00, 0x00, 0x00, 0x00,
    0x00, 0x00, 0x00, 0x00, 0x00, 0x00, 0x00, 0x00, 0x00, 0x00, 0x00, 0x00,
    0x00, 0x00, 0x00, 0x00, 0x00, 0x00, 0x00, 0x00, 0x00, 0x00, 0x00, 0x00,
    0x00, 0x00, 0x00, 0x00, 0x00, 0x00, 0x00, 0x00, 0x00, 0x00, 0x00, 0x00,
    0x00, 0x00, 0x00, 0x00, 0x00, 0x00, 0x00, 0x00, 0x00, 0x00, 0x00, 0x00,
    0x00, 0x00, 0x00, 0x00, 0x00, 0x00, 0x00, 0x00, 0x00, 0x00, 0x00, 0x00,
    0x00, 0x00, 0x00, 0x00, 0x00, 0x00, 0x00, 0x00, 0x00, 0x00, 0x00, 0x00,
    0x00, 0x00, 0x00, 0x00, 0x00, 0x00, 0x00, 0x00, 0x00, 0x00, 0x00, 0x00,
    0x00, 0x00, 0x00, 0x00, 0x00, 0x00, 0x00, 0x00, 0x00, 0x00, 0x00, 0x00,
    0x00, 0x00, 0x00, 0x00, 0x00, 0x00, 0x00, 0x00, 0x00, 0x00, 0x00, 0x00,
    0x00, 0x00, 0x00, 0x00, 0x00, 0x00, 0x00, 0x00, 0x00, 0x00, 0x00, 0x00,
    0x00, 0x00, 0x00, 0x00, 0x00, 0x00, 0x00, 0x00, 0x00, 0x00, 0x00, 0x00,
    0x00, 0x00, 0x00, 0x00, 0x00, 0x00, 0x00, 0x00, 0x00, 0x00, 0x00, 0x00,
    0x00, 0x00, 0x00, 0x00, 0x00, 0x00, 0x00, 0x00, 0x00, 0x00, 0x00, 0x00,
    0x00, 0x00, 0x00, 0x00, 0x00, 0x00, 0x00, 0x00, 0x00, 0x00, 0x00, 0x00,
    0x00, 0x00, 0x00, 0x00, 0x00, 0x00, 0x00, 0x00, 0x00, 0x00, 0x00, 0x00,
    0x00, 0x00, 0x00, 0x00, 0x00, 0x00, 0x00, 0x00, 0x00, 0x00, 0x00, 0x00,
    0x00, 0x00, 0x00, 0x00, 0xf8, 0xfc, 0xf8, 0x04, 0xf8, 0xfc, 0xf8, 0x1c,
    0xf8, 0xfc, 0xf8, 0x34, 0xf8, 0xfc, 0xf8, 0x34, 0xf8, 0xfc, 0xf8, 0x34,
    0xf8, 0xfc, 0xf8, 0x34, 0xf8, 0xfc, 0xf8, 0x34, 0xf8, 0xfc, 0xf8, 0x34,
    0xf8, 0xfc, 0xf8, 0x34, 0xf8, 0xfc, 0xf8, 0x34, 0xf8, 0xfc, 0xf8, 0x34,
    0xf8, 0xfc, 0xf8, 0x30, 0xf8, 0xfc, 0xf8, 0x34, 0xf8, 0xfc, 0xf8, 0x34,
    0xf8, 0xfc, 0xf8, 0x30, 0xf8, 0xfc, 0xf8, 0x34, 0xf8, 0xfc, 0xf8, 0x34,
    0xf8, 0xfc, 0xf8, 0x30, 0xf8, 0xfc, 0xf8, 0x34, 0xf8, 0xfc, 0xf8, 0x34,
    0xf8, 0xfc, 0xf8, 0x34, 0xf8, 0xfc, 0xf8, 0x30, 0xf8, 0xfc, 0xf8, 0x34,
    0xf8, 0xfc, 0xf8, 0x34, 0xf8, 0xfc, 0xf8, 0x34, 0xf8, 0xfc, 0xf8, 0x30,
    0xf8, 0xfc, 0xf8, 0x34, 0xf8, 0xfc, 0xf8, 0x34, 0xf8, 0xfc, 0xf8, 0x34,
    0xf8, 0xfc, 0xf8, 0x30, 0xf8, 0xfc, 0xf8, 0x2c, 0xf8, 0xfc, 0xf8, 0x04,
    0x00, 0x00, 0x00, 0x00, 0x00, 0x00, 0x00, 0x00, 0x00, 0x00, 0x00, 0x00,
    0x00, 0x00, 0x00, 0x00, 0x00, 0x00, 0x00, 0x00, 0x00, 0x00, 0x00, 0x00,
    0x00, 0x00, 0x00, 0x00, 0x00, 0x00, 0x00, 0x00, 0x00, 0x00, 0x00, 0x00,
    0x00, 0x00, 0x00, 0x00, 0x00, 0x00, 0x00, 0x00, 0x00, 0x00, 0x00, 0x00,
    0x00, 0x00, 0x00, 0x00, 0x00, 0x00, 0x00, 0x00, 0x00, 0x00, 0x00, 0x00,
    0x00, 0x00, 0x00, 0x00, 0x00, 0x00, 0x00, 0x00, 0x00, 0x00, 0x00, 0x00,
    0x00, 0x00, 0x00, 0x00, 0x00, 0x00, 0x00, 0x00, 0x00, 0x00, 0x00, 0x00,
    0x00, 0x00, 0x00, 0x00, 0x00, 0x00, 0x00, 0x00, 0x00, 0x00, 0x00, 0x00,
    0x00, 0x00, 0x00, 0x00, 0x00, 0x00, 0x00, 0x00, 0x00, 0x00, 0x00, 0x00,
    0x00, 0x00, 0x00, 0x00, 0x00, 0x00, 0x00, 0x00, 0x00, 0x00, 0x00, 0x00,
    0x00, 0x00, 0x00, 0x00, 0xf8, 0xfc, 0xf8, 0x04, 0xf8, 0xfc, 0xf8, 0x2c,
    0xf8, 0xfc, 0xf8, 0x34, 0xf8, 0xfc, 0xf8, 0x34, 0xf8, 0xfc, 0xf8, 0x30,
    0xf8, 0xfc, 0xf8, 0x34, 0xf8, 0xfc, 0xf8, 0x34, 0xf8, 0xfc, 0xf8, 0x34,
    0xf8, 0xfc, 0xf8, 0x34, 0xf8, 0xfc, 0xf8, 0x34, 0xf8, 0xfc, 0xf8, 0x30,
    0xf8, 0xfc, 0xf8, 0x34, 0xf8, 0xfc, 0xf8, 0x34, 0xf8, 0xfc, 0xf8, 0x30,
    0xf8, 0xfc, 0xf8, 0x34, 0xf8, 0xfc, 0xf8, 0x34, 0xf8, 0xfc, 0xf8, 0x30,
    0xf8, 0xfc, 0xf8, 0x34, 0xf8, 0xfc, 0xf8, 0x30, 0xf8, 0xfc, 0xf8, 0x30,
    0xf8, 0xfc, 0xf8, 0x34, 0xf8, 0xfc, 0xf8, 0x34, 0xf8, 0xfc, 0xf8, 0x30,
    0xf8, 0xfc, 0xf8, 0x34, 0xf8, 0xfc, 0xf8, 0x34, 0xf8, 0xfc, 0xf8, 0x30,
    0xf8, 0xfc, 0xf8, 0x34, 0xf8, 0xfc, 0xf8, 0x34, 0xf8, 0xfc, 0xf8, 0x34,
    0xf8, 0xfc, 0xf8, 0x30, 0xf8, 0xfc, 0xf8, 0x2c, 0xf8, 0xfc, 0xf8, 0x14,
    0x00, 0x00, 0x00, 0x00, 0x00, 0x00, 0x00, 0x00, 0x00, 0x00, 0x00, 0x00,
    0x00, 0x00, 0x00, 0x00, 0x00, 0x00, 0x00, 0x00, 0x00, 0x00, 0x00, 0x00,
    0x00, 0x00, 0x00, 0x00, 0x00, 0x00, 0x00, 0x00, 0x00, 0x00, 0x00, 0x00,
    0x00, 0x00, 0x00, 0x00, 0x00, 0x00, 0x00, 0x00, 0x00, 0x00, 0x00, 0x00,
    0x00, 0x00, 0x00, 0x00, 0x00, 0x00, 0x00, 0x00, 0x00, 0x00, 0x00, 0x00,
    0x00, 0x00, 0x00, 0x00, 0x00, 0x00, 0x00, 0x00, 0x00, 0x00, 0x00, 0x00,
    0x00, 0x00, 0x00, 0x00, 0x00, 0x00, 0x00, 0x00, 0x00, 0x00, 0x00, 0x00,
    0x00, 0x00, 0x00, 0x00, 0x00, 0x00, 0x00, 0x00, 0x00, 0x00, 0x00, 0x00,
    0x00, 0x00, 0x00, 0x00, 0x00, 0x00, 0x00, 0x00, 0x00, 0x00, 0x00, 0x00,
    0x00, 0x00, 0x00, 0x00, 0x00, 0x00, 0x00, 0x00, 0x00, 0x00, 0x00, 0x00,
    0x00, 0x00, 0x00, 0x00, 0x00, 0x00, 0x00, 0x00, 0x00, 0x00, 0x00, 0x00,
    0x00, 0x00, 0x00, 0x00, 0x00, 0x00, 0x00, 0x00, 0x00, 0x00, 0x00, 0x00,
    0x00, 0x00, 0x00, 0x00, 0x00, 0x00, 0x00, 0x00, 0x00, 0x00, 0x00, 0x00,
    0x00, 0x00, 0x00, 0x00, 0x00, 0x00, 0x00, 0x00, 0x00, 0x00, 0x00, 0x00,
    0x00, 0x00, 0x00, 0x00, 0x00, 0x00, 0x00, 0x00, 0x00, 0x00, 0x00, 0x00,
    0x00, 0x00, 0x00, 0x00, 0x00, 0x00, 0x00, 0x00, 0x00, 0x00, 0x00, 0x00,
    0x00, 0x00, 0x00, 0x00, 0x00, 0x00, 0x00, 0x00, 0x00, 0x00, 0x00, 0x00,
    0x00, 0x00, 0x00, 0x00, 0x00, 0x00, 0x00, 0x00, 0x00, 0x00, 0x00, 0x00,
    0xf8, 0xfc, 0xf8, 0x14, 0xf8, 0xfc, 0xf8, 0x30, 0xf8, 0xfc, 0xf8, 0x34,
    0xf8, 0xfc, 0xf8, 0x34, 0xf8, 0xfc, 0xf8, 0x34, 0xf8, 0xfc, 0xf8, 0x30,
    0xf8, 0xfc, 0xf8, 0x34, 0xf8, 0xfc, 0xf8, 0x34, 0xf8, 0xfc, 0xf8, 0x30,
    0xf8, 0xfc, 0xf8, 0x34, 0xf8, 0xfc, 0xf8, 0x34, 0xf8, 0xfc, 0xf8, 0x34,
    0xf8, 0xfc, 0xf8, 0x34, 0xf8, 0xfc, 0xf8, 0x34, 0xf8, 0xfc, 0xf8, 0x34,
    0xf8, 0xfc, 0xf8, 0x34, 0xf8, 0xfc, 0xf8, 0x34, 0xf8, 0xfc, 0xf8, 0x34,
    0xf8, 0xfc, 0xf8, 0x30, 0xf8, 0xfc, 0xf8, 0x34, 0xf8, 0xfc, 0xf8, 0x34,
    0xf8, 0xfc, 0xf8, 0x34, 0xf8, 0xfc, 0xf8, 0x34, 0xf8, 0xfc, 0xf8, 0x34,
    0xf8, 0xfc, 0xf8, 0x34, 0xf8, 0xfc, 0xf8, 0x34, 0xf8, 0xfc, 0xf8, 0x34,
    0xf8, 0xfc, 0xf8, 0x34, 0xf8, 0xfc, 0xf8, 0x34, 0xf8, 0xfc, 0xf8, 0x34,
    0xf8, 0xfc, 0xf8, 0x2c, 0xf8, 0xfc, 0xf8, 0x04, 0x00, 0x00, 0x00, 0x00,
    0x00, 0x00, 0x00, 0x00, 0x00, 0x00, 0x00, 0x00, 0x00, 0x00, 0x00, 0x00,
    0x00, 0x00, 0x00, 0x00, 0x00, 0x00, 0x00, 0x00, 0x00, 0x00, 0x00, 0x00,
    0x00, 0x00, 0x00, 0x00, 0x00, 0x00, 0x00, 0x00, 0x00, 0x00, 0x00, 0x00,
    0x00, 0x00, 0x00, 0x00, 0x00, 0x00, 0x00, 0x00, 0x00, 0x00, 0x00, 0x00,
    0x00, 0x00, 0x00, 0x00, 0x00, 0x00, 0x00, 0x00, 0x00, 0x00, 0x00, 0x00,
    0x00, 0x00, 0x00, 0x00, 0x00, 0x00, 0x00, 0x00, 0x00, 0x00, 0x00, 0x00,
    0x00, 0x00, 0x00, 0x00, 0x00, 0x00, 0x00, 0x00, 0x00, 0x00, 0x00, 0x00,
    0x00, 0x00, 0x00, 0x00, 0x00, 0x00, 0x00, 0x00, 0x00, 0x00, 0x00, 0x00,
    0x00, 0x00, 0x00, 0x00, 0x00, 0x00, 0x00, 0x00, 0x00, 0x00, 0x00, 0x00,
    0x00, 0x00, 0x00, 0x00, 0x00, 0x00, 0x00, 0x00, 0x00, 0x00, 0x00, 0x00,
    0x00, 0x00, 0x00, 0x00, 0x00, 0x00, 0x00, 0x00, 0xf8, 0xfc, 0xf8, 0x08,
    0xf8, 0xfc, 0xf8, 0x34, 0xf8, 0xfc, 0xf8, 0x34, 0xf8, 0xfc, 0xf8, 0x34,
    0xf8, 0xfc, 0xf8, 0x30, 0xf8, 0xfc, 0xf8, 0x34, 0xf8, 0xfc, 0xf8, 0x34,
    0xf8, 0xfc, 0xf8, 0x30, 0xf8, 0xfc, 0xf8, 0x34, 0xf8, 0xfc, 0xf8, 0x34,
    0xf8, 0xfc, 0xf8, 0x34, 0xf8, 0xfc, 0xf8, 0x34, 0xf8, 0xfc, 0xf8, 0x34,
    0xf8, 0xfc, 0xf8, 0x34, 0xf8, 0xfc, 0xf8, 0x30, 0xf8, 0xfc, 0xf8, 0x34,
    0xf8, 0xfc, 0xf8, 0x34, 0xf8, 0xfc, 0xf8, 0x34, 0xf8, 0xfc, 0xf8, 0x34,
    0xf8, 0xfc, 0xf8, 0x30, 0xf8, 0xfc, 0xf8, 0x34, 0xf8, 0xfc, 0xf8, 0x34,
    0xf8, 0xfc, 0xf8, 0x34, 0xf8, 0xfc, 0xf8, 0x34, 0xf8, 0xfc, 0xf8, 0x34,
    0xf8, 0xfc, 0xf8, 0x34, 0xf8, 0xfc, 0xf8, 0x30, 0xf8, 0xfc, 0xf8, 0x34,
    0xf8, 0xfc, 0xf8, 0x34, 0xf8, 0xfc, 0xf8, 0x34, 0xf8, 0xfc, 0xf8, 0x34,
    0xf8, 0xfc, 0xf8, 0x2c, 0xf8, 0xfc, 0xf8, 0x0c, 0x00, 0x00, 0x00, 0x00,
    0x00, 0x00, 0x00, 0x00, 0x00, 0x00, 0x00, 0x00, 0x00, 0x00, 0x00, 0x00,
    0x00, 0x00, 0x00, 0x00, 0x00, 0x00, 0x00, 0x00, 0x00, 0x00, 0x00, 0x00,
    0x00, 0x00, 0x00, 0x00, 0x00, 0x00, 0x00, 0x00, 0x00, 0x00, 0x00, 0x00,
    0x00, 0x00, 0x00, 0x00, 0x00, 0x00, 0x00, 0x00, 0x00, 0x00, 0x00, 0x00,
    0x00, 0x00, 0x00, 0x00, 0x00, 0x00, 0x00, 0x00, 0x00, 0x00, 0x00, 0x00,
    0x00, 0x00, 0x00, 0x00, 0x00, 0x00, 0x00, 0x00, 0x00, 0x00, 0x00, 0x00,
    0x00, 0x00, 0x00, 0x00, 0x00, 0x00, 0x00, 0x00, 0x00, 0x00, 0x00, 0x00,
    0x00, 0x00, 0x00, 0x00, 0x00, 0x00, 0x00, 0x00, 0x00, 0x00, 0x00, 0x00,
    0x00, 0x00, 0x00, 0x00, 0x00, 0x00, 0x00, 0x00, 0x00, 0x00, 0x00, 0x00,
    0x00, 0x00, 0x00, 0x00, 0x00, 0x00, 0x00, 0x00, 0x00, 0x00, 0x00, 0x00,
    0x00, 0x00, 0x00, 0x00, 0x00, 0x00, 0x00, 0x00, 0x00, 0x00, 0x00, 0x00,
    0x00, 0x00, 0x00, 0x00, 0x00, 0x00, 0x00, 0x00, 0x00, 0x00, 0x00, 0x00,
    0x00, 0x00, 0x00, 0x00, 0x00, 0x00, 0x00, 0x00, 0x00, 0x00, 0x00, 0x00,
    0x00, 0x00, 0x00, 0x00, 0x00, 0x00, 0x00, 0x00, 0x00, 0x00, 0x00, 0x00,
    0x00, 0x00, 0x00, 0x00, 0x00, 0x00, 0x00, 0x00, 0x00, 0x00, 0x00, 0x00,
    0x00, 0x00, 0x00, 0x00, 0x00, 0x00, 0x00, 0x00, 0x00, 0x00, 0x00, 0x00,
    0x00, 0x00, 0x00, 0x00, 0xf8, 0xfc, 0xf8, 0x0c, 0xf8, 0xfc, 0xf8, 0x24,
    0xf8, 0xfc, 0xf8, 0x34, 0xf8, 0xfc, 0xf8, 0x34, 0xf8, 0xfc, 0xf8, 0x34,
    0xf8, 0xfc, 0xf8, 0x30, 0xf8, 0xfc, 0xf8, 0x34, 0xf8, 0xfc, 0xf8, 0x34,
    0xf8, 0xfc, 0xf8, 0x30, 0xf8, 0xfc, 0xf8, 0x34, 0xf8, 0xfc, 0xf8, 0x34,
    0xf8, 0xfc, 0xf8, 0x30, 0xf8, 0xfc, 0xf8, 0x34, 0xf8, 0xfc, 0xf8, 0x30,
    0xf8, 0xfc, 0xf8, 0x34, 0xf8, 0xfc, 0xf8, 0x30, 0xf8, 0xfc, 0xf8, 0x34,
    0xf8, 0xfc, 0xf8, 0x30, 0xf8, 0xfc, 0xf8, 0x34, 0xf8, 0xfc, 0xf8, 0x34,
    0xf8, 0xfc, 0xf8, 0x34, 0xf8, 0xfc, 0xf8, 0x30, 0xf8, 0xfc, 0xf8, 0x34,
    0xf8, 0xfc, 0xf8, 0x30, 0xf8, 0xfc, 0xf8, 0x34, 0xf8, 0xfc, 0xf8, 0x30,
    0xf8, 0xfc, 0xf8, 0x30, 0xf8, 0xfc, 0xf8, 0x34, 0xf8, 0xfc, 0xf8, 0x34,
    0xf8, 0xfc, 0xf8, 0x30, 0xf8, 0xfc, 0xf8, 0x30, 0xf8, 0xfc, 0xf8, 0x34,
    0xf8, 0xfc, 0xf8, 0x08, 0x00, 0x00, 0x00, 0x00, 0x00, 0x00, 0x00, 0x00,
    0x00, 0x00, 0x00, 0x00, 0x00, 0x00, 0x00, 0x00, 0x00, 0x00, 0x00, 0x00,
    0x00, 0x00, 0x00, 0x00, 0x00, 0x00, 0x00, 0x00, 0x00, 0x00, 0x00, 0x00,
    0x00, 0x00, 0x00, 0x00, 0x00, 0x00, 0x00, 0x00, 0x00, 0x00, 0x00, 0x00,
    0x00, 0x00, 0x00, 0x00, 0x00, 0x00, 0x00, 0x00, 0x00, 0x00, 0x00, 0x00,
    0x00, 0x00, 0x00, 0x00, 0x00, 0x00, 0x00, 0x00, 0x00, 0x00, 0x00, 0x00,
    0x00, 0x00, 0x00, 0x00, 0x00, 0x00, 0x00, 0x00, 0x00, 0x00, 0x00, 0x00,
    0x00, 0x00, 0x00, 0x00, 0x00, 0x00, 0x00, 0x00, 0x00, 0x00, 0x00, 0x00,
    0x00, 0x00, 0x00, 0x00, 0x00, 0x00, 0x00, 0x00, 0x00, 0x00, 0x00, 0x00,
    0x00, 0x00, 0x00, 0x00, 0x00, 0x00, 0x00, 0x00, 0x00, 0x00, 0x00, 0x00,
    0x00, 0x00, 0x00, 0x00, 0x00, 0x00, 0x00, 0x00, 0x00, 0x00, 0x00, 0x00,
    0x00, 0x00, 0x00, 0x00, 0x00, 0x00, 0x00, 0x00, 0x00, 0x00, 0x00, 0x00,
    0xf8, 0xfc, 0xf8, 0x14, 0xf8, 0xfc, 0xf8, 0x34, 0xf8, 0xfc, 0xf8, 0x34,
    0xf8, 0xfc, 0xf8, 0x30, 0xf8, 0xfc, 0xf8, 0x34, 0xf8, 0xfc, 0xf8, 0x34,
    0xf8, 0xfc, 0xf8, 0x30, 0xf8, 0xfc, 0xf8, 0x34, 0xf8, 0xfc, 0xf8, 0x34,
    0xf8, 0xfc, 0xf8, 0x30, 0xf8, 0xfc, 0xf8, 0x34, 0xf8, 0xfc, 0xf8, 0x34,
    0xf8, 0xfc, 0xf8, 0x30, 0xf8, 0xfc, 0xf8, 0x34, 0xf8, 0xfc, 0xf8, 0x34,
    0xf8, 0xfc, 0xf8, 0x34, 0xf8, 0xfc, 0xf8, 0x34, 0xf8, 0xfc, 0xf8, 0x34,
    0xf8, 0xfc, 0xf8, 0x34, 0xf8, 0xfc, 0xf8, 0x30, 0xf8, 0xfc, 0xf8, 0x34,
    0xf8, 0xfc, 0xf8, 0x30, 0xf8, 0xfc, 0xf8, 0x34, 0xf8, 0xfc, 0xf8, 0x34,
    0xf8, 0xfc, 0xf8, 0x30, 0xf8, 0xfc, 0xf8, 0x34, 0xf8, 0xfc, 0xf8, 0x34,
    0xf8, 0xfc, 0xf8, 0x34, 0xf8, 0xfc, 0xf8, 0x30, 0xf8, 0xfc, 0xf8, 0x34,
    0xf8, 0xfc, 0xf8, 0x34, 0xf8, 0xfc, 0xf8, 0x34, 0xf8, 0xfc, 0xf8, 0x24,
    0xf8, 0xfc, 0xf8, 0x0c, 0x00, 0x00, 0x00, 0x00, 0x00, 0x00, 0x00, 0x00,
    0x00, 0x00, 0x00, 0x00, 0x00, 0x00, 0x00, 0x00, 0x00, 0x00, 0x00, 0x00,
    0x00, 0x00, 0x00, 0x00, 0x00, 0x00, 0x00, 0x00, 0x00, 0x00, 0x00, 0x00,
    0x00, 0x00, 0x00, 0x00, 0x00, 0x00, 0x00, 0x00, 0x00, 0x00, 0x00, 0x00,
    0x00, 0x00, 0x00, 0x00, 0x00, 0x00, 0x00, 0x00, 0x00, 0x00, 0x00, 0x00,
    0x00, 0x00, 0x00, 0x00, 0x00, 0x00, 0x00, 0x00, 0x00, 0x00, 0x00, 0x00,
    0x00, 0x00, 0x00, 0x00, 0x00, 0x00, 0x00, 0x00, 0x00, 0x00, 0x00, 0x00,
    0x00, 0x00, 0x00, 0x00, 0x00, 0x00, 0x00, 0x00, 0x00, 0x00, 0x00, 0x00,
    0x00, 0x00, 0x00, 0x00, 0x00, 0x00, 0x00, 0x00, 0x00, 0x00, 0x00, 0x00,
    0x00, 0x00, 0x00, 0x00, 0x00, 0x00, 0x00, 0x00, 0x00, 0x00, 0x00, 0x00,
    0x00, 0x00, 0x00, 0x00, 0x00, 0x00, 0x00, 0x00, 0x00, 0x00, 0x00, 0x00,
    0x00, 0x00, 0x00, 0x00, 0x00, 0x00, 0x00, 0x00, 0x00, 0x00, 0x00, 0x00,
    0x00, 0x00, 0x00, 0x00, 0x00, 0x00, 0x00, 0x00, 0x00, 0x00, 0x00, 0x00,
    0x00, 0x00, 0x00, 0x00, 0x00, 0x00, 0x00, 0x00, 0x00, 0x00, 0x00, 0x00,
    0x00, 0x00, 0x00, 0x00, 0x00, 0x00, 0x00, 0x00, 0x00, 0x00, 0x00, 0x00,
    0x00, 0x00, 0x00, 0x00, 0x00, 0x00, 0x00, 0x00, 0xf8, 0xfc, 0xf8, 0x0c,
    0xf8, 0xfc, 0xf8, 0x28, 0xf8, 0xfc, 0xf8, 0x34, 0xf8, 0xfc, 0xf8, 0x34,
    0xf8, 0xfc, 0xf8, 0x34, 0xf8, 0xfc, 0xf8, 0x34, 0xf8, 0xfc, 0xf8, 0x30,
    0xf8, 0xfc, 0xf8, 0x34, 0xf8, 0xfc, 0xf8, 0x34, 0xf8, 0xfc, 0xf8, 0x34,
    0xf8, 0xfc, 0xf8, 0x34, 0xf8, 0xfc, 0xf8, 0x34, 0xf8, 0xfc, 0xf8, 0x34,
    0xf8, 0xfc, 0xf8, 0x34, 0xf8, 0xfc, 0xf8, 0x30, 0xf8, 0xfc, 0xf8, 0x34,
    0xf8, 0xfc, 0xf8, 0x34, 0xf8, 0xfc, 0xf8, 0x34, 0xf8, 0xfc, 0xf8, 0x30,
    0xf8, 0xfc, 0xf8, 0x34, 0xf8, 0xfc, 0xf8, 0x34, 0xf8, 0xfc, 0xf8, 0x30,
    0xf8, 0xfc, 0xf8, 0x34, 0xf8, 0xfc, 0xf8, 0x34, 0xf8, 0xfc, 0xf8, 0x34,
    0xf8, 0xfc, 0xf8, 0x34, 0xf8, 0xfc, 0xf8, 0x34, 0xf8, 0xfc, 0xf8, 0x34,
    0xf8, 0xfc, 0xf8, 0x34, 0xf8, 0xfc, 0xf8, 0x34, 0xf8, 0xfc, 0xf8, 0x34,
    0xf8, 0xfc, 0xf8, 0x34, 0xf8, 0xfc, 0xf8, 0x34, 0xf8, 0xfc, 0xf8, 0x14,
    0x00, 0x00, 0x00, 0x00, 0x00, 0x00, 0x00, 0x00, 0x00, 0x00, 0x00, 0x00,
    0x00, 0x00, 0x00, 0x00, 0x00, 0x00, 0x00, 0x00, 0x00, 0x00, 0x00, 0x00,
    0x00, 0x00, 0x00, 0x00, 0x00, 0x00, 0x00, 0x00, 0x00, 0x00, 0x00, 0x00,
    0x00, 0x00, 0x00, 0x00, 0x00, 0x00, 0x00, 0x00, 0x00, 0x00, 0x00, 0x00,
    0x00, 0x00, 0x00, 0x00, 0x00, 0x00, 0x00, 0x00, 0x00, 0x00, 0x00, 0x00,
    0x00, 0x00, 0x00, 0x00, 0x00, 0x00, 0x00, 0x00, 0x00, 0x00, 0x00, 0x00,
    0x00, 0x00, 0x00, 0x00, 0x00, 0x00, 0x00, 0x00, 0x00, 0x00, 0x00, 0x00,
    0x00, 0x00, 0x00, 0x00, 0x00, 0x00, 0x00, 0x00, 0x00, 0x00, 0x00, 0x00,
    0x00, 0x00, 0x00, 0x00, 0x00, 0x00, 0x00, 0x00, 0x00, 0x00, 0x00, 0x00,
    0x00, 0x00, 0x00, 0x00, 0x00, 0x00, 0x00, 0x00, 0x00, 0x00, 0x00, 0x00,
    0x00, 0x00, 0x00, 0x00, 0x00, 0x00, 0x00, 0x00, 0x00, 0x00, 0x00, 0x00,
    0x00, 0x00, 0x00, 0x00, 0x00, 0x00, 0x00, 0x00, 0x00, 0x00, 0x00, 0x00,
    0x00, 0x00, 0x00, 0x00, 0xf8, 0xfc, 0xf8, 0x18, 0xf8, 0xfc, 0xf8, 0x34,
    0xf8, 0xfc, 0xf8, 0x34, 0xf8, 0xfc, 0xf8, 0x34, 0xf8, 0xfc, 0xf8, 0x34,
    0xf8, 0xfc, 0xf8, 0x34, 0xf8, 0xfc, 0xf8, 0x34, 0xf8, 0xfc, 0xf8, 0x30,
    0xf8, 0xfc, 0xf8, 0x34, 0xf8, 0xfc, 0xf8, 0x34, 0xf8, 0xfc, 0xf8, 0x30,
    0xf8, 0xfc, 0xf8, 0x34, 0xf8, 0xfc, 0xf8, 0x34, 0xf8, 0xfc, 0xf8, 0x30,
    0xf8, 0xfc, 0xf8, 0x30, 0xf8, 0xfc, 0xf8, 0x34, 0xf8, 0xfc, 0xf8, 0x34,
    0xf8, 0xfc, 0xf8, 0x30, 0xf8, 0xfc, 0xf8, 0x34, 0xf8, 0xfc, 0xf8, 0x34,
    0xf8, 0xfc, 0xf8, 0x34, 0xf8, 0xfc, 0xf8, 0x30, 0xf8, 0xfc, 0xf8, 0x34,
    0xf8, 0xfc, 0xf8, 0x34, 0xf8, 0xfc, 0xf8, 0x34, 0xf8, 0xfc, 0xf8, 0x34,
    0xf8, 0xfc, 0xf8, 0x30, 0xf8, 0xfc, 0xf8, 0x34, 0xf8, 0xfc, 0xf8, 0x34,
    0xf8, 0xfc, 0xf8, 0x34, 0xf8, 0xfc, 0xf8, 0x34, 0xf8, 0xfc, 0xf8, 0x34,
    0xf8, 0xfc, 0xf8, 0x34, 0xf8, 0xfc, 0xf8, 0x2c, 0xf8, 0xfc, 0xf8, 0x14,
    0x00, 0x00, 0x00, 0x00, 0x00, 0x00, 0x00, 0x00, 0x00, 0x00, 0x00, 0x00,
    0x00, 0x00, 0x00, 0x00, 0x00, 0x00, 0x00, 0x00, 0x00, 0x00, 0x00, 0x00,
    0x00, 0x00, 0x00, 0x00, 0x00, 0x00, 0x00, 0x00, 0x00, 0x00, 0x00, 0x00,
    0x00, 0x00, 0x00, 0x00, 0x00, 0x00, 0x00, 0x00, 0x00, 0x00, 0x00, 0x00,
    0x00, 0x00, 0x00, 0x00, 0x00, 0x00, 0x00, 0x00, 0x00, 0x00, 0x00, 0x00,
    0x00, 0x00, 0x00, 0x00, 0x00, 0x00, 0x00, 0x00, 0x00, 0x00, 0x00, 0x00,
    0x00, 0x00, 0x00, 0x00, 0x00, 0x00, 0x00, 0x00, 0x00, 0x00, 0x00, 0x00,
    0x00, 0x00, 0x00, 0x00, 0x00, 0x00, 0x00, 0x00, 0x00, 0x00, 0x00, 0x00,
    0x00, 0x00, 0x00, 0x00, 0x00, 0x00, 0x00, 0x00, 0x00, 0x00, 0x00, 0x00,
    0x00, 0x00, 0x00, 0x00, 0x00, 0x00, 0x00, 0x00, 0x00, 0x00, 0x00, 0x00,
    0x00, 0x00, 0x00, 0x00, 0x00, 0x00, 0x00, 0x00, 0x00, 0x00, 0x00, 0x00,
    0x00, 0x00, 0x00, 0x00, 0x00, 0x00, 0x00, 0x00, 0x00, 0x00, 0x00, 0x00,
    0x00, 0x00, 0x00, 0x00, 0x00, 0x00, 0x00, 0x00, 0x00, 0x00, 0x00, 0x00,
    0x00, 0x00, 0x00, 0x00, 0x00, 0x00, 0x00, 0x00, 0xf8, 0xfc, 0xf8, 0x04,
    0xf8, 0xfc, 0xf8, 0x14, 0xf8, 0xfc, 0xf8, 0x24, 0xf8, 0xfc, 0xf8, 0x34,
    0xf8, 0xfc, 0xf8, 0x34, 0xf8, 0xfc, 0xf8, 0x34, 0xf8, 0xfc, 0xf8, 0x30,
    0xf8, 0xfc, 0xf8, 0x34, 0xf8, 0xfc, 0xf8, 0x34, 0xf8, 0xfc, 0xf8, 0x34,
    0xf8, 0xfc, 0xf8, 0x34, 0xf8, 0xfc, 0xf8, 0x30, 0xf8, 0xfc, 0xf8, 0x34,
    0xf8, 0xfc, 0xf8, 0x30, 0xf8, 0xfc, 0xf8, 0x34, 0xf8, 0xfc, 0xf8, 0x34,
    0xf8, 0xfc, 0xf8, 0x30, 0xf8, 0xfc, 0xf8, 0x34, 0xf8, 0xfc, 0xf8, 0x34,
    0xf8, 0xfc, 0xf8, 0x34, 0xf8, 0xfc, 0xf8, 0x34, 0xf8, 0xfc, 0xf8, 0x34,
    0xf8, 0xfc, 0xf8, 0x34, 0xf8, 0xfc, 0xf8, 0x34, 0xf8, 0xfc, 0xf8, 0x30,
    0xf8, 0xfc, 0xf8, 0x34, 0xf8, 0xfc, 0xf8, 0x34, 0xf8, 0xfc, 0xf8, 0x30,
    0xf8, 0xfc, 0xf8, 0x34, 0xf8, 0xfc, 0xf8, 0x34, 0xf8, 0xfc, 0xf8, 0x30,
    0xf8, 0xfc, 0xf8, 0x34, 0xf8, 0xfc, 0xf8, 0x30, 0xf8, 0xfc, 0xf8, 0x34,
    0xf8, 0xfc, 0xf8, 0x34, 0xf8, 0xfc, 0xf8, 0x18, 0x00, 0x00, 0x00, 0x00,
    0x00, 0x00, 0x00, 0x00, 0x00, 0x00, 0x00, 0x00, 0x00, 0x00, 0x00, 0x00,
    0x00, 0x00, 0x00, 0x00, 0x00, 0x00, 0x00, 0x00, 0x00, 0x00, 0x00, 0x00,
    0x00, 0x00, 0x00, 0x00, 0x00, 0x00, 0x00, 0x00, 0x00, 0x00, 0x00, 0x00,
    0x00, 0x00, 0x00, 0x00, 0x00, 0x00, 0x00, 0x00, 0x00, 0x00, 0x00, 0x00,
    0x00, 0x00, 0x00, 0x00, 0x00, 0x00, 0x00, 0x00, 0x00, 0x00, 0x00, 0x00,
    0x00, 0x00, 0x00, 0x00, 0x00, 0x00, 0x00, 0x00, 0x00, 0x00, 0x00, 0x00,
    0x00, 0x00, 0x00, 0x00, 0x00, 0x00, 0x00, 0x00, 0x00, 0x00, 0x00, 0x00,
    0x00, 0x00, 0x00, 0x00, 0x00, 0x00, 0x00, 0x00, 0x00, 0x00, 0x00, 0x00,
    0x00, 0x00, 0x00, 0x00, 0x00, 0x00, 0x00, 0x00, 0x00, 0x00, 0x00, 0x00,
    0x00, 0x00, 0x00, 0x00, 0x00, 0x00, 0x00, 0x00, 0x00, 0x00, 0x00, 0x00,
    0x00, 0x00, 0x00, 0x00, 0x00, 0x00, 0x00, 0x00, 0x00, 0x00, 0x00, 0x00,
    0x00, 0x00, 0x00, 0x00, 0x00, 0x00, 0x00, 0x00, 0x00, 0x00, 0x00, 0x00,
    0x00, 0x00, 0x00, 0x00, 0x00, 0x00, 0x00, 0x00, 0xf8, 0xfc, 0xf8, 0x18,
    0xf8, 0xfc, 0xf8, 0x34, 0xf8, 0xfc, 0xf8, 0x30, 0xf8, 0xfc, 0xf8, 0x34,
    0xf8, 0xfc, 0xf8, 0x34, 0xf8, 0xfc, 0xf8, 0x30, 0xf8, 0xfc, 0xf8, 0x34,
    0xf8, 0xfc, 0xf8, 0x34, 0xf8, 0xfc, 0xf8, 0x34, 0xf8, 0xfc, 0xf8, 0x34,
    0xf8, 0xfc, 0xf8, 0x34, 0xf8, 0xfc, 0xf8, 0x34, 0xf8, 0xfc, 0xf8, 0x34,
    0xf8, 0xfc, 0xf8, 0x34, 0xf8, 0xfc, 0xf8, 0x34, 0xf8, 0xfc, 0xf8, 0x30,
    0xf8, 0xfc, 0xf8, 0x34, 0xf8, 0xfc, 0xf8, 0x34, 0xf8, 0xfc, 0xf8, 0x34,
    0xf8, 0xfc, 0xf8, 0x34, 0xf8, 0xfc, 0xf8, 0x34, 0xf8, 0xfc, 0xf8, 0x30,
    0xf8, 0xfc, 0xf8, 0x34, 0xf8, 0xfc, 0xf8, 0x34, 0xf8, 0xfc, 0xf8, 0x30,
    0xf8, 0xfc, 0xf8, 0x34, 0xf8, 0xfc, 0xf8, 0x34, 0xf8, 0xfc, 0xf8, 0x30,
    0xf8, 0xfc, 0xf8, 0x30, 0xf8, 0xfc, 0xf8, 0x34, 0xf8, 0xfc, 0xf8, 0x34,
    0xf8, 0xfc, 0xf8, 0x34, 0xf8, 0xfc, 0xf8, 0x34, 0xf8, 0xfc, 0xf8, 0x34,
    0xf8, 0xfc, 0xf8, 0x2c, 0xf8, 0xfc, 0xf8, 0x20, 0xf8, 0xfc, 0xf8, 0x08,
    0x00, 0x00, 0x00, 0x00, 0x00, 0x00, 0x00, 0x00, 0x00, 0x00, 0x00, 0x00,
    0x00, 0x00, 0x00, 0x00, 0x00, 0x00, 0x00, 0x00, 0x00, 0x00, 0x00, 0x00,
    0x00, 0x00, 0x00, 0x00, 0x00, 0x00, 0x00, 0x00, 0x00, 0x00, 0x00, 0x00,
    0x00, 0x00, 0x00, 0x00, 0x00, 0x00, 0x00, 0x00, 0x00, 0x00, 0x00, 0x00,
    0x00, 0x00, 0x00, 0x00, 0x00, 0x00, 0x00, 0x00, 0x00, 0x00, 0x00, 0x00,
    0x00, 0x00, 0x00, 0x00, 0x00, 0x00, 0x00, 0x00, 0x00, 0x00, 0x00, 0x00,
    0x00, 0x00, 0x00, 0x00, 0x00, 0x00, 0x00, 0x00, 0x00, 0x00, 0x00, 0x00,
    0x00, 0x00, 0x00, 0x00, 0x00, 0x00, 0x00, 0x00, 0x00, 0x00, 0x00, 0x00,
    0x00, 0x00, 0x00, 0x00, 0x00, 0x00, 0x00, 0x00, 0x00, 0x00, 0x00, 0x00,
    0x00, 0x00, 0x00, 0x00, 0x00, 0x00, 0x00, 0x00, 0x00, 0x00, 0x00, 0x00,
    0x00, 0x00, 0x00, 0x00, 0x00, 0x00, 0x00, 0x00, 0x00, 0x00, 0x00, 0x00,
    0x00, 0x00, 0x00, 0x00, 0x00, 0x00, 0x00, 0x00, 0x00, 0x00, 0x00, 0x00,
    0xf8, 0xfc, 0xf8, 0x0c, 0xf8, 0xfc, 0xf8, 0x1c, 0xf8, 0xfc, 0xf8, 0x30,
    0xf8, 0xfc, 0xf8, 0x34, 0xf8, 0xfc, 0xf8, 0x34, 0xf8, 0xfc, 0xf8, 0x34,
    0xf8, 0xfc, 0xf8, 0x34, 0xf8, 0xfc, 0xf8, 0x30, 0xf8, 0xfc, 0xf8, 0x34,
    0xf8, 0xfc, 0xf8, 0x34, 0xf8, 0xfc, 0xf8, 0x30, 0xf8, 0xfc, 0xf8, 0x34,
    0xf8, 0xfc, 0xf8, 0x34, 0xf8, 0xfc, 0xf8, 0x34, 0xf8, 0xfc, 0xf8, 0x30,
    0xf8, 0xfc, 0xf8, 0x34, 0xf8, 0xfc, 0xf8, 0x34, 0xf8, 0xfc, 0xf8, 0x30,
    0xf8, 0xfc, 0xf8, 0x34, 0xf8, 0xfc, 0xf8, 0x34, 0xf8, 0xfc, 0xf8, 0x30,
    0xf8, 0xfc, 0xf8, 0x34, 0xf8, 0xfc, 0xf8, 0x30, 0xf8, 0xfc, 0xf8, 0x34,
    0xf8, 0xfc, 0xf8, 0x34, 0xf8, 0xfc, 0xf8, 0x30, 0xf8, 0xfc, 0xf8, 0x34,
    0xf8, 0xfc, 0xf8, 0x34, 0xf8, 0xfc, 0xf8, 0x34, 0xf8, 0xfc, 0xf8, 0x30,
    0xf8, 0xfc, 0xf8, 0x34, 0xf8, 0xfc, 0xf8, 0x34, 0xf8, 0xfc, 0xf8, 0x34,
    0xf8, 0xfc, 0xf8, 0x30, 0xf8, 0xfc, 0xf8, 0x34, 0xf8, 0xfc, 0xf8, 0x34,
    0xf8, 0xfc, 0xf8, 0x18, 0x00, 0x00, 0x00, 0x00, 0x00, 0x00, 0x00, 0x00,
    0x00, 0x00, 0x00, 0x00, 0x00, 0x00, 0x00, 0x00, 0x00, 0x00, 0x00, 0x00,
    0x00, 0x00, 0x00, 0x00, 0x00, 0x00, 0x00, 0x00, 0x00, 0x00, 0x00, 0x00,
    0x00, 0x00, 0x00, 0x00, 0x00, 0x00, 0x00, 0x00, 0x00, 0x00, 0x00, 0x00,
    0x00, 0x00, 0x00, 0x00, 0x00, 0x00, 0x00, 0x00, 0x00, 0x00, 0x00, 0x00,
    0x00, 0x00, 0x00, 0x00, 0x00, 0x00, 0x00, 0x00, 0x00, 0x00, 0x00, 0x00,
    0x00, 0x00, 0x00, 0x00, 0x00, 0x00, 0x00, 0x00, 0x00, 0x00, 0x00, 0x00,
    0x00, 0x00, 0x00, 0x00, 0x00, 0x00, 0x00, 0x00, 0x00, 0x00, 0x00, 0x00,
    0x00, 0x00, 0x00, 0x00, 0x00, 0x00, 0x00, 0x00, 0x00, 0x00, 0x00, 0x00,
    0x00, 0x00, 0x00, 0x00, 0x00, 0x00, 0x00, 0x00, 0x00, 0x00, 0x00, 0x00,
    0x00, 0x00, 0x00, 0x00, 0x00, 0x00, 0x00, 0x00, 0x00, 0x00, 0x00, 0x00,
    0x00, 0x00, 0x00, 0x00, 0x00, 0x00, 0x00, 0x00, 0x00, 0x00, 0x00, 0x00,
    0x00, 0x00, 0x00, 0x00, 0x00, 0x00, 0x00, 0x00, 0x00, 0x00, 0x00, 0x00,
    0x00, 0x00, 0x00, 0x00, 0x00, 0x00, 0x00, 0x00, 0x00, 0x00, 0x00, 0x00,
    0xf8, 0xfc, 0xf8, 0x18, 0xf8, 0xfc, 0xf8, 0x34, 0xf8, 0xfc, 0xf8, 0x30,
    0xf8, 0xfc, 0xf8, 0x34, 0xf8, 0xfc, 0xf8, 0x34, 0xf8, 0xfc, 0xf8, 0x34,
    0xf8, 0xfc, 0xf8, 0x30, 0xf8, 0xfc, 0xf8, 0x34, 0xf8, 0xfc, 0xf8, 0x30,
    0xf8, 0xfc, 0xf8, 0x34, 0xf8, 0xfc, 0xf8, 0x34, 0xf8, 0xfc, 0xf8, 0x30,
    0xf8, 0xfc, 0xf8, 0x34, 0xf8, 0xfc, 0xf8, 0x34, 0xf8, 0xfc, 0xf8, 0x34,
    0xf8, 0xfc, 0xf8, 0x34, 0xf8, 0xfc, 0xf8, 0x30, 0xf8, 0xfc, 0xf8, 0x34,
    0xf8, 0xfc, 0xf8, 0x34, 0xf8, 0xfc, 0xf8, 0x30, 0xf8, 0xfc, 0xf8, 0x34,
    0xf8, 0xfc, 0xf8, 0x34, 0xf8, 0xfc, 0xf8, 0x30, 0xf8, 0xfc, 0xf8, 0x34,
    0xf8, 0xfc, 0xf8, 0x34, 0xf8, 0xfc, 0xf8, 0x34, 0xf8, 0xfc, 0xf8, 0x34,
    0xf8, 0xfc, 0xf8, 0x34, 0xf8, 0xfc, 0xf8, 0x30, 0xf8, 0xfc, 0xf8, 0x34,
    0xf8, 0xfc, 0xf8, 0x30, 0xf8, 0xfc, 0xf8, 0x34, 0xf8, 0xfc, 0xf8, 0x34,
    0xf8, 0xfc, 0xf8, 0x34, 0xf8, 0xfc, 0xf8, 0x34, 0xf8, 0xfc, 0xf8, 0x34,
    0xf8, 0xfc, 0xf8, 0x2c, 0xf8, 0xfc, 0xf8, 0x1c, 0xf8, 0xfc, 0xf8, 0x0c,
    0x00, 0x00, 0x00, 0x00, 0x00, 0x00, 0x00, 0x00, 0x00, 0x00, 0x00, 0x00,
    0x00, 0x00, 0x00, 0x00, 0x00, 0x00, 0x00, 0x00, 0x00, 0x00, 0x00, 0x00,
    0x00, 0x00, 0x00, 0x00, 0x00, 0x00, 0x00, 0x00, 0x00, 0x00, 0x00, 0x00,
    0x00, 0x00, 0x00, 0x00, 0x00, 0x00, 0x00, 0x00, 0x00, 0x00, 0x00, 0x00,
    0x00, 0x00, 0x00, 0x00, 0x00, 0x00, 0x00, 0x00, 0x00, 0x00, 0x00, 0x00,
    0x00, 0x00, 0x00, 0x00, 0x00, 0x00, 0x00, 0x00, 0x00, 0x00, 0x00, 0x00,
    0x00, 0x00, 0x00, 0x00, 0x00, 0x00, 0x00, 0x00, 0x00, 0x00, 0x00, 0x00,
    0x00, 0x00, 0x00, 0x00, 0x00, 0x00, 0x00, 0x00, 0x00, 0x00, 0x00, 0x00,
    0x00, 0x00, 0x00, 0x00, 0x00, 0x00, 0x00, 0x00, 0x00, 0x00, 0x00, 0x00,
    0x00, 0x00, 0x00, 0x00, 0x00, 0x00, 0x00, 0x00, 0x00, 0x00, 0x00, 0x00,
    0xf8, 0xfc, 0xf8, 0x0c, 0xf8, 0xfc, 0xf8, 0x18, 0xf8, 0xfc, 0xf8, 0x2c,
    0xf8, 0xfc, 0xf8, 0x34, 0xf8, 0xfc, 0xf8, 0x34, 0xf8, 0xfc, 0xf8, 0x34,
    0xf8, 0xfc, 0xf8, 0x34, 0xf8, 0xfc, 0xf8, 0x30, 0xf8, 0xfc, 0xf8, 0x34,
    0xf8, 0xfc, 0xf8, 0x34, 0xf8, 0xfc, 0xf8, 0x34, 0xf8, 0xfc, 0xf8, 0x34,
    0xf8, 0xfc, 0xf8, 0x34, 0xf8, 0xfc, 0xf8, 0x30, 0xf8, 0xfc, 0xf8, 0x34,
    0xf8, 0xfc, 0xf8, 0x34, 0xf8, 0xfc, 0xf8, 0x34, 0xf8, 0xfc, 0xf8, 0x34,
    0xf8, 0xfc, 0xf8, 0x34, 0xf8, 0xfc, 0xf8, 0x34, 0xf8, 0xfc, 0xf8, 0x34,
    0xf8, 0xfc, 0xf8, 0x34, 0xf8, 0xfc, 0xf8, 0x34, 0xf8, 0xfc, 0xf8, 0x34,
    0xf8, 0xfc, 0xf8, 0x34, 0xf8, 0xfc, 0xf8, 0x30, 0xf8, 0xfc, 0xf8, 0x34,
    0xf8, 0xfc, 0xf8, 0x34, 0xf8, 0xfc, 0xf8, 0x34, 0xf8, 0xfc, 0xf8, 0x34,
    0xf8, 0xfc, 0xf8, 0x34, 0xf8, 0xfc, 0xf8, 0x30, 0xf8, 0xfc, 0xf8, 0x34,
    0xf8, 0xfc, 0xf8, 0x34, 0xf8, 0xfc, 0xf8, 0x34, 0xf8, 0xfc, 0xf8, 0x34,
    0xf8, 0xfc, 0xf8, 0x34, 0xf8, 0xfc, 0xf8, 0x34, 0xf8, 0xfc, 0xf8, 0x18,
    0x00, 0x00, 0x00, 0x00, 0x00, 0x00, 0x00, 0x00, 0x00, 0x00, 0x00, 0x00,
    0x00, 0x00, 0x00, 0x00, 0x00, 0x00, 0x00, 0x00, 0x00, 0x00, 0x00, 0x00,
    0x00, 0x00, 0x00, 0x00, 0x00, 0x00, 0x00, 0x00, 0x00, 0x00, 0x00, 0x00,
    0x00, 0x00, 0x00, 0x00, 0x00, 0x00, 0x00, 0x00, 0x00, 0x00, 0x00, 0x00,
    0x00, 0x00, 0x00, 0x00, 0x00, 0x00, 0x00, 0x00, 0x00, 0x00, 0x00, 0x00,
    0x00, 0x00, 0x00, 0x00, 0x00, 0x00, 0x00, 0x00, 0x00, 0x00, 0x00, 0x00,
    0x00, 0x00, 0x00, 0x00, 0x00, 0x00, 0x00, 0x00, 0x00, 0x00, 0x00, 0x00,
    0x00, 0x00, 0x00, 0x00, 0x00, 0x00, 0x00, 0x00, 0x00, 0x00, 0x00, 0x00,
    0x00, 0x00, 0x00, 0x00, 0x00, 0x00, 0x00, 0x00, 0x00, 0x00, 0x00, 0x00,
    0x00, 0x00, 0x00, 0x00, 0x00, 0x00, 0x00, 0x00, 0x00, 0x00, 0x00, 0x00,
    0x00, 0x00, 0x00, 0x00, 0x00, 0x00, 0x00, 0x00, 0x00, 0x00, 0x00, 0x00,
    0x00, 0x00, 0x00, 0x00, 0x00, 0x00, 0x00, 0x00, 0x00, 0x00, 0x00, 0x00,
    0x00, 0x00, 0x00, 0x00, 0x00, 0x00, 0x00, 0x00, 0x00, 0x00, 0x00, 0x00,
    0x00, 0x00, 0x00, 0x00, 0x00, 0x00, 0x00, 0x00, 0x00, 0x00, 0x00, 0x00,
    0x00, 0x00, 0x00, 0x00, 0xf8, 0xfc, 0xf8, 0x18, 0xf8, 0xfc, 0xf8, 0x34,
    0xf8, 0xfc, 0xf8, 0x34, 0xf8, 0xfc, 0xf8, 0x34, 0xf8, 0xfc, 0xf8, 0x30,
    0xf8, 0xfc, 0xf8, 0x34, 0xf8, 0xfc, 0xf8, 0x34, 0xf8, 0xfc, 0xf8, 0x34,
    0xf8, 0xfc, 0xf8, 0x30, 0xf8, 0xfc, 0xf8, 0x34, 0xf8, 0xfc, 0xf8, 0x34,
    0xf8, 0xfc, 0xf8, 0x30, 0xf8, 0xfc, 0xf8, 0x34, 0xf8, 0xfc, 0xf8, 0x34,
    0xf8, 0xfc, 0xf8, 0x30, 0xf8, 0xfc, 0xf8, 0x34, 0xf8, 0xfc, 0xf8, 0x34,
    0xf8, 0xfc, 0xf8, 0x30, 0xf8, 0xfc, 0xf8, 0x34, 0xf8, 0xfc, 0xf8, 0x34,
    0xf8, 0xfc, 0xf8, 0x34, 0xf8, 0xfc, 0xf8, 0x34, 0xf8, 0xfc, 0xf8, 0x34,
    0xf8, 0xfc, 0xf8, 0x30, 0xf8, 0xfc, 0xf8, 0x34, 0xf8, 0xfc, 0xf8, 0x34,
    0xf8, 0xfc, 0xf8, 0x34, 0xf8, 0xfc, 0xf8, 0x34, 0xf8, 0xfc, 0xf8, 0x34,
    0xf8, 0xfc, 0xf8, 0x30, 0xf8, 0xfc, 0xf8, 0x34, 0xf8, 0xfc, 0xf8, 0x30,
    0xf8, 0xfc, 0xf8, 0x34, 0xf8, 0xfc, 0xf8, 0x34, 0xf8, 0xfc, 0xf8, 0x34,
    0xf8, 0xfc, 0xf8, 0x34, 0xf8, 0xfc, 0xf8, 0x34, 0xf8, 0xfc, 0xf8, 0x34,
    0xf8, 0xfc, 0xf8, 0x30, 0xf8, 0xfc, 0xf8, 0x24, 0xf8, 0xfc, 0xf8, 0x14,
    0xf8, 0xfc, 0xf8, 0x0c, 0x00, 0x00, 0x00, 0x00, 0x00, 0x00, 0x00, 0x00,
    0x00, 0x00, 0x00, 0x00, 0x00, 0x00, 0x00, 0x00, 0x00, 0x00, 0x00, 0x00,
    0x00, 0x00, 0x00, 0x00, 0x00, 0x00, 0x00, 0x00, 0x00, 0x00, 0x00, 0x00,
    0x00, 0x00, 0x00, 0x00, 0x00, 0x00, 0x00, 0x00, 0x00, 0x00, 0x00, 0x00,
    0x00, 0x00, 0x00, 0x00, 0x00, 0x00, 0x00, 0x00, 0x00, 0x00, 0x00, 0x00,
    0x00, 0x00, 0x00, 0x00, 0x00, 0x00, 0x00, 0x00, 0x00, 0x00, 0x00, 0x00,
    0x00, 0x00, 0x00, 0x00, 0x00, 0x00, 0x00, 0x00, 0x00, 0x00, 0x00, 0x00,
    0x00, 0x00, 0x00, 0x00, 0x00, 0x00, 0x00, 0x00, 0xf8, 0xfc, 0xf8, 0x08,
    0xf8, 0xfc, 0xf8, 0x14, 0xf8, 0xfc, 0xf8, 0x20, 0xf8, 0xfc, 0xf8, 0x30,
    0xf8, 0xfc, 0xf8, 0x34, 0xf8, 0xfc, 0xf8, 0x34, 0xf8, 0xfc, 0xf8, 0x34,
    0xf8, 0xfc, 0xf8, 0x34, 0xf8, 0xfc, 0xf8, 0x34, 0xf8, 0xfc, 0xf8, 0x34,
    0xf8, 0xfc, 0xf8, 0x30, 0xf8, 0xfc, 0xf8, 0x34, 0xf8, 0xfc, 0xf8, 0x34,
    0xf8, 0xfc, 0xf8, 0x30, 0xf8, 0xfc, 0xf8, 0x34, 0xf8, 0xfc, 0xf8, 0x34,
    0xf8, 0xfc, 0xf8, 0x30, 0xf8, 0xfc, 0xf8, 0x34, 0xf8, 0xfc, 0xf8, 0x34,
    0xf8, 0xfc, 0xf8, 0x30, 0xf8, 0xfc, 0xf8, 0x30, 0xf8, 0xfc, 0xf8, 0x34,
    0xf8, 0xfc, 0xf8, 0x30, 0xf8, 0xfc, 0xf8, 0x34, 0xf8, 0xfc, 0xf8, 0x34,
    0xf8, 0xfc, 0xf8, 0x30, 0xf8, 0xfc, 0xf8, 0x34, 0xf8, 0xfc, 0xf8, 0x34,
    0xf8, 0xfc, 0xf8, 0x34, 0xf8, 0xfc, 0xf8, 0x34, 0xf8, 0xfc, 0xf8, 0x30,
    0xf8, 0xfc, 0xf8, 0x34, 0xf8, 0xfc, 0xf8, 0x34, 0xf8, 0xfc, 0xf8, 0x30,
    0xf8, 0xfc, 0xf8, 0x34, 0xf8, 0xfc, 0xf8, 0x34, 0xf8, 0xfc, 0xf8, 0x34,
    0xf8, 0xfc, 0xf8, 0x30, 0xf8, 0xfc, 0xf8, 0x30, 0xf8, 0xfc, 0xf8, 0x34,
    0xf8, 0xfc, 0xf8, 0x34, 0xf8, 0xfc, 0xf8, 0x18, 0x00, 0x00, 0x00, 0x00,
    0x00, 0x00, 0x00, 0x00, 0x00, 0x00, 0x00, 0x00, 0x00, 0x00, 0x00, 0x00,
    0x00, 0x00, 0x00, 0x00, 0x00, 0x00, 0x00, 0x00, 0x00, 0x00, 0x00, 0x00,
    0x00, 0x00, 0x00, 0x00, 0x00, 0x00, 0x00, 0x00, 0x00, 0x00, 0x00, 0x00,
    0x00, 0x00, 0x00, 0x00, 0x00, 0x00, 0x00, 0x00, 0x00, 0x00, 0x00, 0x00,
    0x00, 0x00, 0x00, 0x00, 0x00, 0x00, 0x00, 0x00, 0x00, 0x00, 0x00, 0x00,
    0x00, 0x00, 0x00, 0x00, 0x00, 0x00, 0x00, 0x00, 0x00, 0x00, 0x00, 0x00,
    0x00, 0x00, 0x00, 0x00, 0x00, 0x00, 0x00, 0x00, 0x00, 0x00, 0x00, 0x00,
    0x00, 0x00, 0x00, 0x00, 0x00, 0x00, 0x00, 0x00, 0x00, 0x00, 0x00, 0x00,
    0x00, 0x00, 0x00, 0x00, 0x00, 0x00, 0x00, 0x00, 0x00, 0x00, 0x00, 0x00,
    0x00, 0x00, 0x00, 0x00, 0x00, 0x00, 0x00, 0x00, 0x00, 0x00, 0x00, 0x00,
    0x00, 0x00, 0x00, 0x00, 0x00, 0x00, 0x00, 0x00, 0x00, 0x00, 0x00, 0x00,
    0x00, 0x00, 0x00, 0x00, 0x00, 0x00, 0x00, 0x00, 0x00, 0x00, 0x00, 0x00,
    0x00, 0x00, 0x00, 0x00, 0x00, 0x00, 0x00, 0x00, 0x00, 0x00, 0x00, 0x00,
    0x00, 0x00, 0x00, 0x00, 0x00, 0x00, 0x00, 0x00, 0x00, 0x00, 0x00, 0x00,
    0x00, 0x00, 0x00, 0x00, 0x00, 0x00, 0x00, 0x00, 0xf8, 0xfc, 0xf8, 0x18,
    0xf8, 0xfc, 0xf8, 0x34, 0xf8, 0xfc, 0xf8, 0x34, 0xf8, 0xfc, 0xf8, 0x34,
    0xf8, 0xfc, 0xf8, 0x34, 0xf8, 0xfc, 0xf8, 0x34, 0xf8, 0xfc, 0xf8, 0x34,
    0xf8, 0xfc, 0xf8, 0x30, 0xf8, 0xfc, 0xf8, 0x34, 0xf8, 0xfc, 0xf8, 0x34,
    0xf8, 0xfc, 0xf8, 0x34, 0xf8, 0xfc, 0xf8, 0x30, 0xf8, 0xfc, 0xf8, 0x34,
    0xf8, 0xfc, 0xf8, 0x34, 0xf8, 0xfc, 0xf8, 0x34, 0xf8, 0xfc, 0xf8, 0x34,
    0xf8, 0xfc, 0xf8, 0x34, 0xf8, 0xfc, 0xf8, 0x34, 0xf8, 0xfc, 0xf8, 0x30,
    0xf8, 0xfc, 0xf8, 0x34, 0xf8, 0xfc, 0xf8, 0x34, 0xf8, 0xfc, 0xf8, 0x30,
    0xf8, 0xfc, 0xf8, 0x34, 0xf8, 0xfc, 0xf8, 0x34, 0xf8, 0xfc, 0xf8, 0x30,
    0xf8, 0xfc, 0xf8, 0x34, 0xf8, 0xfc, 0xf8, 0x34, 0xf8, 0xfc, 0xf8, 0x34,
    0xf8, 0xfc, 0xf8, 0x34, 0xf8, 0xfc, 0xf8, 0x34, 0xf8, 0xfc, 0xf8, 0x34,
    0xf8, 0xfc, 0xf8, 0x30, 0xf8, 0xfc, 0xf8, 0x34, 0xf8, 0xfc, 0xf8, 0x30,
    0xf8, 0xfc, 0xf8, 0x34, 0xf8, 0xfc, 0xf8, 0x34, 0xf8, 0xfc, 0xf8, 0x34,
    0xf8, 0xfc, 0xf8, 0x34, 0xf8, 0xfc, 0xf8, 0x34, 0xf8, 0xfc, 0xf8, 0x34,
    0xf8, 0xfc, 0xf8, 0x34, 0xf8, 0xfc, 0xf8, 0x34, 0xf8, 0xfc, 0xf8, 0x28,
    0xf8, 0xfc, 0xf8, 0x24, 0xf8, 0xfc, 0xf8, 0x18, 0xf8, 0xfc, 0xf8, 0x14,
    0xf8, 0xfc, 0xf8, 0x0c, 0xf8, 0xfc, 0xf8, 0x08, 0xf8, 0xfc, 0xf8, 0x08,
    0xf8, 0xfc, 0xf8, 0x04, 0x00, 0x00, 0x00, 0x00, 0x00, 0x00, 0x00, 0x00,
    0x00, 0x00, 0x00, 0x00, 0x00, 0x00, 0x00, 0x00, 0xf8, 0xfc, 0xf8, 0x04,
    0xf8, 0xfc, 0xf8, 0x08, 0xf8, 0xfc, 0xf8, 0x08, 0xf8, 0xfc, 0xf8, 0x10,
    0xf8, 0xfc, 0xf8, 0x14, 0xf8, 0xfc, 0xf8, 0x18, 0xf8, 0xfc, 0xf8, 0x20,
    0xf8, 0xfc, 0xf8, 0x28, 0xf8, 0xfc, 0xf8, 0x34, 0xf8, 0xfc, 0xf8, 0x34,
    0xf8, 0xfc, 0xf8, 0x34, 0xf8, 0xfc, 0xf8, 0x34, 0xf8, 0xfc, 0xf8, 0x34,
    0xf8, 0xfc, 0xf8, 0x34, 0xf8, 0xfc, 0xf8, 0x34, 0xf8, 0xfc, 0xf8, 0x34,
    0xf8, 0xfc, 0xf8, 0x30, 0xf8, 0xfc, 0xf8, 0x34, 0xf8, 0xfc, 0xf8, 0x34,
    0xf8, 0xfc, 0xf8, 0x34, 0xf8, 0xfc, 0xf8, 0x34, 0xf8, 0xfc, 0xf8, 0x34,
    0xf8, 0xfc, 0xf8, 0x30, 0xf8, 0xfc, 0xf8, 0x34, 0xf8, 0xfc, 0xf8, 0x34,
    0xf8, 0xfc, 0xf8, 0x30, 0xf8, 0xfc, 0xf8, 0x34, 0xf8, 0xfc, 0xf8, 0x34,
    0xf8, 0xfc, 0xf8, 0x34, 0xf8, 0xfc, 0xf8, 0x34, 0xf8, 0xfc, 0xf8, 0x34,
    0xf8, 0xfc, 0xf8, 0x34, 0xf8, 0xfc, 0xf8, 0x30, 0xf8, 0xfc, 0xf8, 0x34,
    0xf8, 0xfc, 0xf8, 0x34, 0xf8, 0xfc, 0xf8, 0x30, 0xf8, 0xfc, 0xf8, 0x30,
    0xf8, 0xfc, 0xf8, 0x34, 0xf8, 0xfc, 0xf8, 0x34, 0xf8, 0xfc, 0xf8, 0x34,
    0xf8, 0xfc, 0xf8, 0x30, 0xf8, 0xfc, 0xf8, 0x34, 0xf8, 0xfc, 0xf8, 0x34,
    0xf8, 0xfc, 0xf8, 0x30, 0xf8, 0xfc, 0xf8, 0x34, 0xf8, 0xfc, 0xf8, 0x34,
    0xf8, 0xfc, 0xf8, 0x34, 0xf8, 0xfc, 0xf8, 0x34, 0xf8, 0xfc, 0xf8, 0x30,
    0xf8, 0xfc, 0xf8, 0x18, 0x00, 0x00, 0x00, 0x00, 0x00, 0x00, 0x00, 0x00,
    0x00, 0x00, 0x00, 0x00, 0x00, 0x00, 0x00, 0x00, 0x00, 0x00, 0x00, 0x00,
    0x00, 0x00, 0x00, 0x00, 0x00, 0x00, 0x00, 0x00, 0x00, 0x00, 0x00, 0x00,
    0x00, 0x00, 0x00, 0x00, 0x00, 0x00, 0x00, 0x00, 0x00, 0x00, 0x00, 0x00,
    0x00, 0x00, 0x00, 0x00, 0x00, 0x00, 0x00, 0x00, 0x00, 0x00, 0x00, 0x00,
    0x00, 0x00, 0x00, 0x00, 0x00, 0x00, 0x00, 0x00, 0x00, 0x00, 0x00, 0x00,
    0x00, 0x00, 0x00, 0x00, 0x00, 0x00, 0x00, 0x00, 0x00, 0x00, 0x00, 0x00,
    0x00, 0x00, 0x00, 0x00, 0x00, 0x00, 0x00, 0x00, 0x00, 0x00, 0x00, 0x00,
    0x00, 0x00, 0x00, 0x00, 0x00, 0x00, 0x00, 0x00, 0x00, 0x00, 0x00, 0x00,
    0x00, 0x00, 0x00, 0x00, 0x00, 0x00, 0x00, 0x00, 0x00, 0x00, 0x00, 0x00,
    0x00, 0x00, 0x00, 0x00, 0x00, 0x00, 0x00, 0x00, 0x00, 0x00, 0x00, 0x00,
    0x00, 0x00, 0x00, 0x00, 0x00, 0x00, 0x00, 0x00, 0x00, 0x00, 0x00, 0x00,
    0x00, 0x00, 0x00, 0x00, 0x00, 0x00, 0x00, 0x00, 0x00, 0x00, 0x00, 0x00,
    0x00, 0x00, 0x00, 0x00, 0x00, 0x00, 0x00, 0x00, 0x00, 0x00, 0x00, 0x00,
    0x00, 0x00, 0x00, 0x00, 0x00, 0x00, 0x00, 0x00, 0x00, 0x00, 0x00, 0x00,
    0x00, 0x00, 0x00, 0x00, 0x00, 0x00, 0x00, 0x00, 0x00, 0x00, 0x00, 0x00,
    0xf8, 0xfc, 0xf8, 0x18, 0xf8, 0xfc, 0xf8, 0x30, 0xf8, 0xfc, 0xf8, 0x34,
    0xf8, 0xfc, 0xf8, 0x30, 0xf8, 0xfc, 0xf8, 0x34, 0xf8, 0xfc, 0xf8, 0x34,
    0xf8, 0xfc, 0xf8, 0x34, 0xf8, 0xfc, 0xf8, 0x30, 0xf8, 0xfc, 0xf8, 0x34,
    0xf8, 0xfc, 0xf8, 0x34, 0xf8, 0xfc, 0xf8, 0x34, 0xf8, 0xfc, 0xf8, 0x30,
    0xf8, 0xfc, 0xf8, 0x34, 0xf8, 0xfc, 0xf8, 0x34, 0xf8, 0xfc, 0xf8, 0x30,
    0xf8, 0xfc, 0xf8, 0x34, 0xf8, 0xfc, 0xf8, 0x34, 0xf8, 0xfc, 0xf8, 0x30,
    0xf8, 0xfc, 0xf8, 0x34, 0xf8, 0xfc, 0xf8, 0x34, 0xf8, 0xfc, 0xf8, 0x34,
    0xf8, 0xfc, 0xf8, 0x34, 0xf8, 0xfc, 0xf8, 0x34, 0xf8, 0xfc, 0xf8, 0x30,
    0xf8, 0xfc, 0xf8, 0x34, 0xf8, 0xfc, 0xf8, 0x30, 0xf8, 0xfc, 0xf8, 0x30,
    0xf8, 0xfc, 0xf8, 0x34, 0xf8, 0xfc, 0xf8, 0x34, 0xf8, 0xfc, 0xf8, 0x34,
    0xf8, 0xfc, 0xf8, 0x34, 0xf8, 0xfc, 0xf8, 0x30, 0xf8, 0xfc, 0xf8, 0x34,
    0xf8, 0xfc, 0xf8, 0x34, 0xf8, 0xfc, 0xf8, 0x30, 0xf8, 0xfc, 0xf8, 0x30,
    0xf8, 0xfc, 0xf8, 0x34, 0xf8, 0xfc, 0xf8, 0x34, 0xf8, 0xfc, 0xf8, 0x30,
    0xf8, 0xfc, 0xf8, 0x34, 0xf8, 0xfc, 0xf8, 0x34, 0xf8, 0xfc, 0xf8, 0x34,
    0xf8, 0xfc, 0xf8, 0x34, 0xf8, 0xfc, 0xf8, 0x34, 0xf8, 0xfc, 0xf8, 0x34,
    0xf8, 0xfc, 0xf8, 0x34, 0xf8, 0xfc, 0xf8, 0x34, 0xf8, 0xfc, 0xf8, 0x34,
    0xf8, 0xfc, 0xf8, 0x34, 0xf8, 0xfc, 0xf8, 0x34, 0xf8, 0xfc, 0xf8, 0x34,
    0xf8, 0xfc, 0xf8, 0x34, 0xf8, 0xfc, 0xf8, 0x34, 0xf8, 0xfc, 0xf8, 0x34,
    0xf8, 0xfc, 0xf8, 0x30, 0xf8, 0xfc, 0xf8, 0x34, 0xf8, 0xfc, 0xf8, 0x34,
    0xf8, 0xfc, 0xf8, 0x34, 0xf8, 0xfc, 0xf8, 0x34, 0xf8, 0xfc, 0xf8, 0x34,
    0xf8, 0xfc, 0xf8, 0x34, 0xf8, 0xfc, 0xf8, 0x34, 0xf8, 0xfc, 0xf8, 0x34,
    0xf8, 0xfc, 0xf8, 0x34, 0xf8, 0xfc, 0xf8, 0x34, 0xf8, 0xfc, 0xf8, 0x34,
    0xf8, 0xfc, 0xf8, 0x30, 0xf8, 0xfc, 0xf8, 0x34, 0xf8, 0xfc, 0xf8, 0x34,
    0xf8, 0xfc, 0xf8, 0x30, 0xf8, 0xfc, 0xf8, 0x34, 0xf8, 0xfc, 0xf8, 0x34,
    0xf8, 0xfc, 0xf8, 0x30, 0xf8, 0xfc, 0xf8, 0x34, 0xf8, 0xfc, 0xf8, 0x34,
    0xf8, 0xfc, 0xf8, 0x34, 0xf8, 0xfc, 0xf8, 0x34, 0xf8, 0xfc, 0xf8, 0x34,
    0xf8, 0xfc, 0xf8, 0x34, 0xf8, 0xfc, 0xf8, 0x34, 0xf8, 0xfc, 0xf8, 0x30,
    0xf8, 0xfc, 0xf8, 0x34, 0xf8, 0xfc, 0xf8, 0x34, 0xf8, 0xfc, 0xf8, 0x34,
    0xf8, 0xfc, 0xf8, 0x34, 0xf8, 0xfc, 0xf8, 0x30, 0xf8, 0xfc, 0xf8, 0x34,
    0xf8, 0xfc, 0xf8, 0x34, 0xf8, 0xfc, 0xf8, 0x34, 0xf8, 0xfc, 0xf8, 0x34,
    0xf8, 0xfc, 0xf8, 0x30, 0xf8, 0xfc, 0xf8, 0x34, 0xf8, 0xfc, 0xf8, 0x34,
    0xf8, 0xfc, 0xf8, 0x34, 0xf8, 0xfc, 0xf8, 0x34, 0xf8, 0xfc, 0xf8, 0x34,
    0xf8, 0xfc, 0xf8, 0x30, 0xf8, 0xfc, 0xf8, 0x34, 0xf8, 0xfc, 0xf8, 0x34,
    0xf8, 0xfc, 0xf8, 0x34, 0xf8, 0xfc, 0xf8, 0x34, 0xf8, 0xfc, 0xf8, 0x18,
    0x00, 0x00, 0x00, 0x00, 0x00, 0x00, 0x00, 0x00, 0x00, 0x00, 0x00, 0x00,
    0x00, 0x00, 0x00, 0x00, 0x00, 0x00, 0x00, 0x00, 0x00, 0x00, 0x00, 0x00,
    0x00, 0x00, 0x00, 0x00, 0x00, 0x00, 0x00, 0x00, 0x00, 0x00, 0x00, 0x00,
    0x00, 0x00, 0x00, 0x00, 0x00, 0x00, 0x00, 0x00, 0x00, 0x00, 0x00, 0x00,
    0x00, 0x00, 0x00, 0x00, 0x00, 0x00, 0x00, 0x00, 0x00, 0x00, 0x00, 0x00,
    0x00, 0x00, 0x00, 0x00, 0x00, 0x00, 0x00, 0x00, 0x00, 0x00, 0x00, 0x00,
    0x00, 0x00, 0x00, 0x00, 0x00, 0x00, 0x00, 0x00, 0x00, 0x00, 0x00, 0x00,
    0x00, 0x00, 0x00, 0x00, 0x00, 0x00, 0x00, 0x00, 0x00, 0x00, 0x00, 0x00,
    0x00, 0x00, 0x00, 0x00, 0x00, 0x00, 0x00, 0x00, 0x00, 0x00, 0x00, 0x00,
    0x00, 0x00, 0x00, 0x00, 0x00, 0x00, 0x00, 0x00, 0x00, 0x00, 0x00, 0x00,
    0x00, 0x00, 0x00, 0x00, 0x00, 0x00, 0x00, 0x00, 0x00, 0x00, 0x00, 0x00,
    0x00, 0x00, 0x00, 0x00, 0x00, 0x00, 0x00, 0x00, 0x00, 0x00, 0x00, 0x00,
    0x00, 0x00, 0x00, 0x00, 0x00, 0x00, 0x00, 0x00, 0x00, 0x00, 0x00, 0x00,
    0x00, 0x00, 0x00, 0x00, 0x00, 0x00, 0x00, 0x00, 0x00, 0x00, 0x00, 0x00,
    0x00, 0x00, 0x00, 0x00, 0x00, 0x00, 0x00, 0x00, 0x00, 0x00, 0x00, 0x00,
    0x00, 0x00, 0x00, 0x00, 0x00, 0x00, 0x00, 0x00, 0x00, 0x00, 0x00, 0x00,
    0x00, 0x00, 0x00, 0x00, 0xf8, 0xfc, 0xf8, 0x14, 0xf8, 0xfc, 0xf8, 0x34,
    0xf8, 0xfc, 0xf8, 0x34, 0xf8, 0xfc, 0xf8, 0x30, 0xf8, 0xfc, 0xf8, 0x34,
    0xf8, 0xfc, 0xf8, 0x34, 0xf8, 0xfc, 0xf8, 0x34, 0xf8, 0xfc, 0xf8, 0x30,
    0xf8, 0xfc, 0xf8, 0x34, 0xf8, 0xfc, 0xf8, 0x34, 0xf8, 0xfc, 0xf8, 0x34,
    0xf8, 0xfc, 0xf8, 0x30, 0xf8, 0xfc, 0xf8, 0x34, 0xf8, 0xfc, 0xf8, 0x34,
    0xf8, 0xfc, 0xf8, 0x30, 0xf8, 0xfc, 0xf8, 0x34, 0xf8, 0xfc, 0xf8, 0x34,
    0xf8, 0xfc, 0xf8, 0x34, 0xf8, 0xfc, 0xf8, 0x30, 0xf8, 0xfc, 0xf8, 0x34,
    0xf8, 0xfc, 0xf8, 0x34, 0xf8, 0xfc, 0xf8, 0x30, 0xf8, 0xfc, 0xf8, 0x34,
    0xf8, 0xfc, 0xf8, 0x34, 0xf8, 0xfc, 0xf8, 0x34, 0xf8, 0xfc, 0xf8, 0x34,
    0xf8, 0xfc, 0xf8, 0x30, 0xf8, 0xfc, 0xf8, 0x34, 0xf8, 0xfc, 0xf8, 0x34,
    0xf8, 0xfc, 0xf8, 0x30, 0xf8, 0xfc, 0xf8, 0x34, 0xf8, 0xfc, 0xf8, 0x34,
    0xf8, 0xfc, 0xf8, 0x34, 0xf8, 0xfc, 0xf8, 0x34, 0xf8, 0xfc, 0xf8, 0x34,
    0xf8, 0xfc, 0xf8, 0x34, 0xf8, 0xfc, 0xf8, 0x30, 0xf8, 0xfc, 0xf8, 0x34,
    0xf8, 0xfc, 0xf8, 0x34, 0xf8, 0xfc, 0xf8, 0x30, 0xf8, 0xfc, 0xf8, 0x34,
    0xf8, 0xfc, 0xf8, 0x34, 0xf8, 0xfc, 0xf8, 0x30, 0xf8, 0xfc, 0xf8, 0x34,
    0xf8, 0xfc, 0xf8, 0x34, 0xf8, 0xfc, 0xf8, 0x30, 0xf8, 0xfc, 0xf8, 0x34,
    0xf8, 0xfc, 0xf8, 0x34, 0xf8, 0xfc, 0xf8, 0x30, 0xf8, 0xfc, 0xf8, 0x34,
    0xf8, 0xfc, 0xf8, 0x30, 0xf8, 0xfc, 0xf8, 0x34, 0xf8, 0xfc, 0xf8, 0x34,
    0xf8, 0xfc, 0xf8, 0x34, 0xf8, 0xfc, 0xf8, 0x30, 0xf8, 0xfc, 0xf8, 0x34,
    0xf8, 0xfc, 0xf8, 0x30, 0xf8, 0xfc, 0xf8, 0x34, 0xf8, 0xfc, 0xf8, 0x34,
    0xf8, 0xfc, 0xf8, 0x30, 0xf8, 0xfc, 0xf8, 0x34, 0xf8, 0xfc, 0xf8, 0x34,
    0xf8, 0xfc, 0xf8, 0x30, 0xf8, 0xfc, 0xf8, 0x34, 0xf8, 0xfc, 0xf8, 0x34,
    0xf8, 0xfc, 0xf8, 0x30, 0xf8, 0xfc, 0xf8, 0x34, 0xf8, 0xfc, 0xf8, 0x34,
    0xf8, 0xfc, 0xf8, 0x34, 0xf8, 0xfc, 0xf8, 0x34, 0xf8, 0xfc, 0xf8, 0x30,
    0xf8, 0xfc, 0xf8, 0x34, 0xf8, 0xfc, 0xf8, 0x30, 0xf8, 0xfc, 0xf8, 0x34,
    0xf8, 0xfc, 0xf8, 0x30, 0xf8, 0xfc, 0xf8, 0x30, 0xf8, 0xfc, 0xf8, 0x34,
    0xf8, 0xfc, 0xf8, 0x34, 0xf8, 0xfc, 0xf8, 0x30, 0xf8, 0xfc, 0xf8, 0x34,
    0xf8, 0xfc, 0xf8, 0x34, 0xf8, 0xfc, 0xf8, 0x30, 0xf8, 0xfc, 0xf8, 0x30,
    0xf8, 0xfc, 0xf8, 0x34, 0xf8, 0xfc, 0xf8, 0x34, 0xf8, 0xfc, 0xf8, 0x34,
    0xf8, 0xfc, 0xf8, 0x30, 0xf8, 0xfc, 0xf8, 0x34, 0xf8, 0xfc, 0xf8, 0x34,
    0xf8, 0xfc, 0xf8, 0x34, 0xf8, 0xfc, 0xf8, 0x30, 0xf8, 0xfc, 0xf8, 0x34,
    0xf8, 0xfc, 0xf8, 0x30, 0xf8, 0xfc, 0xf8, 0x34, 0xf8, 0xfc, 0xf8, 0x34,
    0xf8, 0xfc, 0xf8, 0x34, 0xf8, 0xfc, 0xf8, 0x30, 0xf8, 0xfc, 0xf8, 0x34,
    0xf8, 0xfc, 0xf8, 0x30, 0xf8, 0xfc, 0xf8, 0x14, 0x00, 0x00, 0x00, 0x00,
    0x00, 0x00, 0x00, 0x00, 0x00, 0x00, 0x00, 0x00, 0x00, 0x00, 0x00, 0x00,
    0x00, 0x00, 0x00, 0x00, 0x00, 0x00, 0x00, 0x00, 0x00, 0x00, 0x00, 0x00,
    0x00, 0x00, 0x00, 0x00, 0x00, 0x00, 0x00, 0x00, 0x00, 0x00, 0x00, 0x00,
    0x00, 0x00, 0x00, 0x00, 0x00, 0x00, 0x00, 0x00, 0x00, 0x00, 0x00, 0x00,
    0x00, 0x00, 0x00, 0x00, 0x00, 0x00, 0x00, 0x00, 0x00, 0x00, 0x00, 0x00,
    0x00, 0x00, 0x00, 0x00, 0x00, 0x00, 0x00, 0x00, 0x00, 0x00, 0x00, 0x00,
    0x00, 0x00, 0x00, 0x00, 0x00, 0x00, 0x00, 0x00, 0x00, 0x00, 0x00, 0x00,
    0x00, 0x00, 0x00, 0x00, 0x00, 0x00, 0x00, 0x00, 0x00, 0x00, 0x00, 0x00,
    0x00, 0x00, 0x00, 0x00, 0x00, 0x00, 0x00, 0x00, 0x00, 0x00, 0x00, 0x00,
    0x00, 0x00, 0x00, 0x00, 0x00, 0x00, 0x00, 0x00, 0x00, 0x00, 0x00, 0x00,
    0x00, 0x00, 0x00, 0x00, 0x00, 0x00, 0x00, 0x00, 0x00, 0x00, 0x00, 0x00,
    0x00, 0x00, 0x00, 0x00, 0x00, 0x00, 0x00, 0x00, 0x00, 0x00, 0x00, 0x00,
    0x00, 0x00, 0x00, 0x00, 0x00, 0x00, 0x00, 0x00, 0x00, 0x00, 0x00, 0x00,
    0x00, 0x00, 0x00, 0x00, 0x00, 0x00, 0x00, 0x00, 0x00, 0x00, 0x00, 0x00,
    0x00, 0x00, 0x00, 0x00, 0x00, 0x00, 0x00, 0x00, 0x00, 0x00, 0x00, 0x00,
    0x00, 0x00, 0x00, 0x00, 0x00, 0x00, 0x00, 0x00, 0x00, 0x00, 0x00, 0x00,
    0x00, 0x00, 0x00, 0x00, 0x00, 0x00, 0x00, 0x00, 0xf8, 0xfc, 0xf8, 0x08,
    0xf8, 0xfc, 0xf8, 0x2c, 0xf8, 0xfc, 0xf8, 0x34, 0xf8, 0xfc, 0xf8, 0x34,
    0xf8, 0xfc, 0xf8, 0x30, 0xf8, 0xfc, 0xf8, 0x34, 0xf8, 0xfc, 0xf8, 0x34,
    0xf8, 0xfc, 0xf8, 0x30, 0xf8, 0xfc, 0xf8, 0x34, 0xf8, 0xfc, 0xf8, 0x34,
    0xf8, 0xfc, 0xf8, 0x34, 0xf8, 0xfc, 0xf8, 0x34, 0xf8, 0xfc, 0xf8, 0x34,
    0xf8, 0xfc, 0xf8, 0x34, 0xf8, 0xfc, 0xf8, 0x30, 0xf8, 0xfc, 0xf8, 0x34,
    0xf8, 0xfc, 0xf8, 0x34, 0xf8, 0xfc, 0xf8, 0x30, 0xf8, 0xfc, 0xf8, 0x34,
    0xf8, 0xfc, 0xf8, 0x34, 0xf8, 0xfc, 0xf8, 0x34, 0xf8, 0xfc, 0xf8, 0x34,
    0xf8, 0xfc, 0xf8, 0x34, 0xf8, 0xfc, 0xf8, 0x34, 0xf8, 0xfc, 0xf8, 0x34,
    0xf8, 0xfc, 0xf8, 0x34, 0xf8, 0xfc, 0xf8, 0x30, 0xf8, 0xfc, 0xf8, 0x34,
    0xf8, 0xfc, 0xf8, 0x34, 0xf8, 0xfc, 0xf8, 0x34, 0xf8, 0xfc, 0xf8, 0x30,
    0xf8, 0xfc, 0xf8, 0x34, 0xf8, 0xfc, 0xf8, 0x34, 0xf8, 0xfc, 0xf8, 0x34,
    0xf8, 0xfc, 0xf8, 0x34, 0xf8, 0xfc, 0xf8, 0x34, 0xf8, 0xfc, 0xf8, 0x34,
    0xf8, 0xfc, 0xf8, 0x34, 0xf8, 0xfc, 0xf8, 0x30, 0xf8, 0xfc, 0xf8, 0x34,
    0xf8, 0xfc, 0xf8, 0x34, 0xf8, 0xfc, 0xf8, 0x30, 0xf8, 0xfc, 0xf8, 0x34,
    0xf8, 0xfc, 0xf8, 0x34, 0xf8, 0xfc, 0xf8, 0x30, 0xf8, 0xfc, 0xf8, 0x34,
    0xf8, 0xfc, 0xf8, 0x34, 0xf8, 0xfc, 0xf8, 0x34, 0xf8, 0xfc, 0xf8, 0x30,
    0xf8, 0xfc, 0xf8, 0x34, 0xf8, 0xfc, 0xf8, 0x34, 0xf8, 0xfc, 0xf8, 0x30,
    0xf8, 0xfc, 0xf8, 0x34, 0xf8, 0xfc, 0xf8, 0x34, 0xf8, 0xfc, 0xf8, 0x34,
    0xf8, 0xfc, 0xf8, 0x34, 0xf8, 0xfc, 0xf8, 0x30, 0xf8, 0xfc, 0xf8, 0x34,
    0xf8, 0xfc, 0xf8, 0x34, 0xf8, 0xfc, 0xf8, 0x30, 0xf8, 0xfc, 0xf8, 0x34,
    0xf8, 0xfc, 0xf8, 0x34, 0xf8, 0xfc, 0xf8, 0x30, 0xf8, 0xfc, 0xf8, 0x34,
    0xf8, 0xfc, 0xf8, 0x34, 0xf8, 0xfc, 0xf8, 0x34, 0xf8, 0xfc, 0xf8, 0x30,
    0xf8, 0xfc, 0xf8, 0x34, 0xf8, 0xfc, 0xf8, 0x34, 0xf8, 0xfc, 0xf8, 0x34,
    0xf8, 0xfc, 0xf8, 0x34, 0xf8, 0xfc, 0xf8, 0x34, 0xf8, 0xfc, 0xf8, 0x34,
    0xf8, 0xfc, 0xf8, 0x34, 0xf8, 0xfc, 0xf8, 0x34, 0xf8, 0xfc, 0xf8, 0x34,
    0xf8, 0xfc, 0xf8, 0x30, 0xf8, 0xfc, 0xf8, 0x34, 0xf8, 0xfc, 0xf8, 0x34,
    0xf8, 0xfc, 0xf8, 0x34, 0xf8, 0xfc, 0xf8, 0x34, 0xf8, 0xfc, 0xf8, 0x34,
    0xf8, 0xfc, 0xf8, 0x34, 0xf8, 0xfc, 0xf8, 0x34, 0xf8, 0xfc, 0xf8, 0x30,
    0xf8, 0xfc, 0xf8, 0x34, 0xf8, 0xfc, 0xf8, 0x34, 0xf8, 0xfc, 0xf8, 0x34,
    0xf8, 0xfc, 0xf8, 0x34, 0xf8, 0xfc, 0xf8, 0x34, 0xf8, 0xfc, 0xf8, 0x34,
    0xf8, 0xfc, 0xf8, 0x34, 0xf8, 0xfc, 0xf8, 0x30, 0xf8, 0xfc, 0xf8, 0x34,
    0xf8, 0xfc, 0xf8, 0x34, 0xf8, 0xfc, 0xf8, 0x34, 0xf8, 0xfc, 0xf8, 0x2c,
    0xf8, 0xfc, 0xf8, 0x08, 0x00, 0x00, 0x00, 0x00, 0x00, 0x00, 0x00, 0x00,
    0x00, 0x00, 0x00, 0x00, 0x00, 0x00, 0x00, 0x00, 0x00, 0x00, 0x00, 0x00,
    0x00, 0x00, 0x00, 0x00, 0x00, 0x00, 0x00, 0x00, 0x00, 0x00, 0x00, 0x00,
    0x00, 0x00, 0x00, 0x00, 0x00, 0x00, 0x00, 0x00, 0x00, 0x00, 0x00, 0x00,
    0x00, 0x00, 0x00, 0x00, 0x00, 0x00, 0x00, 0x00, 0x00, 0x00, 0x00, 0x00,
    0x00, 0x00, 0x00, 0x00, 0x00, 0x00, 0x00, 0x00, 0x00, 0x00, 0x00, 0x00,
    0x00, 0x00, 0x00, 0x00, 0x00, 0x00, 0x00, 0x00, 0x00, 0x00, 0x00, 0x00,
    0x00, 0x00, 0x00, 0x00, 0x00, 0x00, 0x00, 0x00, 0x00, 0x00, 0x00, 0x00,
    0x00, 0x00, 0x00, 0x00, 0x00, 0x00, 0x00, 0x00, 0x00, 0x00, 0x00, 0x00,
    0x00, 0x00, 0x00, 0x00, 0x00, 0x00, 0x00, 0x00, 0x00, 0x00, 0x00, 0x00,
    0x00, 0x00, 0x00, 0x00, 0x00, 0x00, 0x00, 0x00, 0x00, 0x00, 0x00, 0x00,
    0x00, 0x00, 0x00, 0x00, 0x00, 0x00, 0x00, 0x00, 0x00, 0x00, 0x00, 0x00,
    0x00, 0x00, 0x00, 0x00, 0x00, 0x00, 0x00, 0x00, 0x00, 0x00, 0x00, 0x00,
    0x00, 0x00, 0x00, 0x00, 0x00, 0x00, 0x00, 0x00, 0x00, 0x00, 0x00, 0x00,
    0x00, 0x00, 0x00, 0x00, 0x00, 0x00, 0x00, 0x00, 0x00, 0x00, 0x00, 0x00,
    0x00, 0x00, 0x00, 0x00, 0x00, 0x00, 0x00, 0x00, 0x00, 0x00, 0x00, 0x00,
    0x00, 0x00, 0x00, 0x00, 0x00, 0x00, 0x00, 0x00, 0x00, 0x00, 0x00, 0x00,
    0x00, 0x00, 0x00, 0x00, 0x00, 0x00, 0x00, 0x00, 0x00, 0x00, 0x00, 0x00,
    0xf8, 0xfc, 0xf8, 0x04, 0xf8, 0xfc, 0xf8, 0x2c, 0xf8, 0xfc, 0xf8, 0x34,
    0xf8, 0xfc, 0xf8, 0x34, 0xf8, 0xfc, 0xf8, 0x34, 0xf8, 0xfc, 0xf8, 0x34,
    0xf8, 0xfc, 0xf8, 0x34, 0xf8, 0xfc, 0xf8, 0x30, 0xf8, 0xfc, 0xf8, 0x34,
    0xf8, 0xfc, 0xf8, 0x34, 0xf8, 0xfc, 0xf8, 0x30, 0xf8, 0xfc, 0xf8, 0x34,
    0xf8, 0xfc, 0xf8, 0x34, 0xf8, 0xfc, 0xf8, 0x34, 0xf8, 0xfc, 0xf8, 0x34,
    0xf8, 0xfc, 0xf8, 0x34, 0xf8, 0xfc, 0xf8, 0x34, 0xf8, 0xfc, 0xf8, 0x30,
    0xf8, 0xfc, 0xf8, 0x34, 0xf8, 0xfc, 0xf8, 0x30, 0xf8, 0xfc, 0xf8, 0x34,
    0xf8, 0xfc, 0xf8, 0x30, 0xf8, 0xfc, 0xf8, 0x30, 0xf8, 0xfc, 0xf8, 0x34,
    0xf8, 0xfc, 0xf8, 0x34, 0xf8, 0xfc, 0xf8, 0x34, 0xf8, 0xfc, 0xf8, 0x30,
    0xf8, 0xfc, 0xf8, 0x34, 0xf8, 0xfc, 0xf8, 0x34, 0xf8, 0xfc, 0xf8, 0x34,
    0xf8, 0xfc, 0xf8, 0x30, 0xf8, 0xfc, 0xf8, 0x30, 0xf8, 0xfc, 0xf8, 0x34,
    0xf8, 0xfc, 0xf8, 0x30, 0xf8, 0xfc, 0xf8, 0x34, 0xf8, 0xfc, 0xf8, 0x34,
    0xf8, 0xfc, 0xf8, 0x30, 0xf8, 0xfc, 0xf8, 0x34, 0xf8, 0xfc, 0xf8, 0x34,
    0xf8, 0xfc, 0xf8, 0x34, 0xf8, 0xfc, 0xf8, 0x34, 0xf8, 0xfc, 0xf8, 0x34,
    0xf8, 0xfc, 0xf8, 0x34, 0xf8, 0xfc, 0xf8, 0x34, 0xf8, 0xfc, 0xf8, 0x30,
    0xf8, 0xfc, 0xf8, 0x34, 0xf8, 0xfc, 0xf8, 0x34, 0xf8, 0xfc, 0xf8, 0x34,
    0xf8, 0xfc, 0xf8, 0x34, 0xf8, 0xfc, 0xf8, 0x34, 0xf8, 0xfc, 0xf8, 0x34,
    0xf8, 0xfc, 0xf8, 0x30, 0xf8, 0xfc, 0xf8, 0x34, 0xf8, 0xfc, 0xf8, 0x34,
    0xf8, 0xfc, 0xf8, 0x34, 0xf8, 0xfc, 0xf8, 0x34, 0xf8, 0xfc, 0xf8, 0x34,
    0xf8, 0xfc, 0xf8, 0x34, 0xf8, 0xfc, 0xf8, 0x34, 0xf8, 0xfc, 0xf8, 0x34,
    0xf8, 0xfc, 0xf8, 0x34, 0xf8, 0xfc, 0xf8, 0x34, 0xf8, 0xfc, 0xf8, 0x30,
    0xf8, 0xfc, 0xf8, 0x34, 0xf8, 0xfc, 0xf8, 0x34, 0xf8, 0xfc, 0xf8, 0x30,
    0xf8, 0xfc, 0xf8, 0x34, 0xf8, 0xfc, 0xf8, 0x34, 0xf8, 0xfc, 0xf8, 0x30,
    0xf8, 0xfc, 0xf8, 0x34, 0xf8, 0xfc, 0xf8, 0x34, 0xf8, 0xfc, 0xf8, 0x30,
    0xf8, 0xfc, 0xf8, 0x34, 0xf8, 0xfc, 0xf8, 0x34, 0xf8, 0xfc, 0xf8, 0x34,
    0xf8, 0xfc, 0xf8, 0x34, 0xf8, 0xfc, 0xf8, 0x34, 0xf8, 0xfc, 0xf8, 0x30,
    0xf8, 0xfc, 0xf8, 0x34, 0xf8, 0xfc, 0xf8, 0x34, 0xf8, 0xfc, 0xf8, 0x30,
    0xf8, 0xfc, 0xf8, 0x34, 0xf8, 0xfc, 0xf8, 0x34, 0xf8, 0xfc, 0xf8, 0x34,
    0xf8, 0xfc, 0xf8, 0x34, 0xf8, 0xfc, 0xf8, 0x30, 0xf8, 0xfc, 0xf8, 0x30,
    0xf8, 0xfc, 0xf8, 0x34, 0xf8, 0xfc, 0xf8, 0x34, 0xf8, 0xfc, 0xf8, 0x30,
    0xf8, 0xfc, 0xf8, 0x34, 0xf8, 0xfc, 0xf8, 0x34, 0xf8, 0xfc, 0xf8, 0x30,
    0xf8, 0xfc, 0xf8, 0x34, 0xf8, 0xfc, 0xf8, 0x28, 0xf8, 0xfc, 0xf8, 0x04,
    0x00, 0x00, 0x00, 0x00, 0x00, 0x00, 0x00, 0x00, 0x00, 0x00, 0x00, 0x00,
    0x00, 0x00, 0x00, 0x00, 0x00, 0x00, 0x00, 0x00, 0x00, 0x00, 0x00, 0x00,
    0x00, 0x00, 0x00, 0x00, 0x00, 0x00, 0x00, 0x00, 0x00, 0x00, 0x00, 0x00,
    0x00, 0x00, 0x00, 0x00, 0x00, 0x00, 0x00, 0x00, 0x00, 0x00, 0x00, 0x00,
    0x00, 0x00, 0x00, 0x00, 0x00, 0x00, 0x00, 0x00, 0x00, 0x00, 0x00, 0x00,
    0x00, 0x00, 0x00, 0x00, 0x00, 0x00, 0x00, 0x00, 0x00, 0x00, 0x00, 0x00,
    0x00, 0x00, 0x00, 0x00, 0x00, 0x00, 0x00, 0x00, 0x00, 0x00, 0x00, 0x00,
    0x00, 0x00, 0x00, 0x00, 0x00, 0x00, 0x00, 0x00, 0x00, 0x00, 0x00, 0x00,
    0x00, 0x00, 0x00, 0x00, 0x00, 0x00, 0x00, 0x00, 0x00, 0x00, 0x00, 0x00,
    0x00, 0x00, 0x00, 0x00, 0x00, 0x00, 0x00, 0x00, 0x00, 0x00, 0x00, 0x00,
    0x00, 0x00, 0x00, 0x00, 0x00, 0x00, 0x00, 0x00, 0x00, 0x00, 0x00, 0x00,
    0x00, 0x00, 0x00, 0x00, 0x00, 0x00, 0x00, 0x00, 0x00, 0x00, 0x00, 0x00,
    0x00, 0x00, 0x00, 0x00, 0x00, 0x00, 0x00, 0x00, 0x00, 0x00, 0x00, 0x00,
    0x00, 0x00, 0x00, 0x00, 0x00, 0x00, 0x00, 0x00, 0x00, 0x00, 0x00, 0x00,
    0x00, 0x00, 0x00, 0x00, 0x00, 0x00, 0x00, 0x00, 0x00, 0x00, 0x00, 0x00,
    0x00, 0x00, 0x00, 0x00, 0x00, 0x00, 0x00, 0x00, 0x00, 0x00, 0x00, 0x00,
    0x00, 0x00, 0x00, 0x00, 0x00, 0x00, 0x00, 0x00, 0x00, 0x00, 0x00, 0x00,
    0x00, 0x00, 0x00, 0x00, 0x00, 0x00, 0x00, 0x00, 0x00, 0x00, 0x00, 0x00,
    0x00, 0x00, 0x00, 0x00, 0xf8, 0xfc, 0xf8, 0x04, 0xf8, 0xfc, 0xf8, 0x1c,
    0xf8, 0xfc, 0xf8, 0x34, 0xf8, 0xfc, 0xf8, 0x30, 0xf8, 0xfc, 0xf8, 0x34,
    0xf8, 0xfc, 0xf8, 0x34, 0xf8, 0xfc, 0xf8, 0x34, 0xf8, 0xfc, 0xf8, 0x30,
    0xf8, 0xfc, 0xf8, 0x34, 0xf8, 0xfc, 0xf8, 0x34, 0xf8, 0xfc, 0xf8, 0x30,
    0xf8, 0xfc, 0xf8, 0x34, 0xf8, 0xfc, 0xf8, 0x30, 0xf8, 0xfc, 0xf8, 0x34,
    0xf8, 0xfc, 0xf8, 0x34, 0xf8, 0xfc, 0xf8, 0x30, 0xf8, 0xfc, 0xf8, 0x34,
    0xf8, 0xfc, 0xf8, 0x34, 0xf8, 0xfc, 0xf8, 0x34, 0xf8, 0xfc, 0xf8, 0x34,
    0xf8, 0xfc, 0xf8, 0x34, 0xf8, 0xfc, 0xf8, 0x34, 0xf8, 0xfc, 0xf8, 0x34,
    0xf8, 0xfc, 0xf8, 0x30, 0xf8, 0xfc, 0xf8, 0x34, 0xf8, 0xfc, 0xf8, 0x34,
    0xf8, 0xfc, 0xf8, 0x30, 0xf8, 0xfc, 0xf8, 0x34, 0xf8, 0xfc, 0xf8, 0x34,
    0xf8, 0xfc, 0xf8, 0x34, 0xf8, 0xfc, 0xf8, 0x34, 0xf8, 0xfc, 0xf8, 0x34,
    0xf8, 0xfc, 0xf8, 0x30, 0xf8, 0xfc, 0xf8, 0x34, 0xf8, 0xfc, 0xf8, 0x34,
    0xf8, 0xfc, 0xf8, 0x34, 0xf8, 0xfc, 0xf8, 0x34, 0xf8, 0xfc, 0xf8, 0x30,
    0xf8, 0xfc, 0xf8, 0x34, 0xf8, 0xfc, 0xf8, 0x30, 0xf8, 0xfc, 0xf8, 0x34,
    0xf8, 0xfc, 0xf8, 0x34, 0xf8, 0xfc, 0xf8, 0x30, 0xf8, 0xfc, 0xf8, 0x34,
    0xf8, 0xfc, 0xf8, 0x34, 0xf8, 0xfc, 0xf8, 0x30, 0xf8, 0xfc, 0xf8, 0x34,
    0xf8, 0xfc, 0xf8, 0x30, 0xf8, 0xfc, 0xf8, 0x34, 0xf8, 0xfc, 0xf8, 0x34,
    0xf8, 0xfc, 0xf8, 0x34, 0xf8, 0xfc, 0xf8, 0x30, 0xf8, 0xfc, 0xf8, 0x34,
    0xf8, 0xfc, 0xf8, 0x30, 0xf8, 0xfc, 0xf8, 0x34, 0xf8, 0xfc, 0xf8, 0x30,
    0xf8, 0xfc, 0xf8, 0x34, 0xf8, 0xfc, 0xf8, 0x30, 0xf8, 0xfc, 0xf8, 0x34,
    0xf8, 0xfc, 0xf8, 0x34, 0xf8, 0xfc, 0xf8, 0x30, 0xf8, 0xfc, 0xf8, 0x34,
    0xf8, 0xfc, 0xf8, 0x34, 0xf8, 0xfc, 0xf8, 0x34, 0xf8, 0xfc, 0xf8, 0x34,
    0xf8, 0xfc, 0xf8, 0x34, 0xf8, 0xfc, 0xf8, 0x30, 0xf8, 0xfc, 0xf8, 0x34,
    0xf8, 0xfc, 0xf8, 0x34, 0xf8, 0xfc, 0xf8, 0x30, 0xf8, 0xfc, 0xf8, 0x34,
    0xf8, 0xfc, 0xf8, 0x34, 0xf8, 0xfc, 0xf8, 0x30, 0xf8, 0xfc, 0xf8, 0x30,
    0xf8, 0xfc, 0xf8, 0x34, 0xf8, 0xfc, 0xf8, 0x34, 0xf8, 0xfc, 0xf8, 0x30,
    0xf8, 0xfc, 0xf8, 0x34, 0xf8, 0xfc, 0xf8, 0x34, 0xf8, 0xfc, 0xf8, 0x30,
    0xf8, 0xfc, 0xf8, 0x34, 0xf8, 0xfc, 0xf8, 0x34, 0xf8, 0xfc, 0xf8, 0x30,
    0xf8, 0xfc, 0xf8, 0x34, 0xf8, 0xfc, 0xf8, 0x34, 0xf8, 0xfc, 0xf8, 0x34,
    0xf8, 0xfc, 0xf8, 0x34, 0xf8, 0xfc, 0xf8, 0x30, 0xf8, 0xfc, 0xf8, 0x34,
    0xf8, 0xfc, 0xf8, 0x34, 0xf8, 0xfc, 0xf8, 0x34, 0xf8, 0xfc, 0xf8, 0x34,
    0xf8, 0xfc, 0xf8, 0x1c, 0xf8, 0xfc, 0xf8, 0x04, 0x00, 0x00, 0x00, 0x00,
    0x00, 0x00, 0x00, 0x00, 0x00, 0x00, 0x00, 0x00, 0x00, 0x00, 0x00, 0x00,
    0x00, 0x00, 0x00, 0x00, 0x00, 0x00, 0x00, 0x00, 0x00, 0x00, 0x00, 0x00,
    0x00, 0x00, 0x00, 0x00, 0x00, 0x00, 0x00, 0x00, 0x00, 0x00, 0x00, 0x00,
    0x00, 0x00, 0x00, 0x00, 0x00, 0x00, 0x00, 0x00, 0x00, 0x00, 0x00, 0x00,
    0x00, 0x00, 0x00, 0x00, 0x00, 0x00, 0x00, 0x00, 0x00, 0x00, 0x00, 0x00,
    0x00, 0x00, 0x00, 0x00, 0x00, 0x00, 0x00, 0x00, 0x00, 0x00, 0x00, 0x00,
    0x00, 0x00, 0x00, 0x00, 0x00, 0x00, 0x00, 0x00, 0x00, 0x00, 0x00, 0x00,
    0x00, 0x00, 0x00, 0x00, 0x00, 0x00, 0x00, 0x00, 0x00, 0x00, 0x00, 0x00,
    0x00, 0x00, 0x00, 0x00, 0x00, 0x00, 0x00, 0x00, 0x00, 0x00, 0x00, 0x00,
    0x00, 0x00, 0x00, 0x00, 0x00, 0x00, 0x00, 0x00, 0x00, 0x00, 0x00, 0x00,
    0x00, 0x00, 0x00, 0x00, 0x00, 0x00, 0x00, 0x00, 0x00, 0x00, 0x00, 0x00,
    0x00, 0x00, 0x00, 0x00, 0x00, 0x00, 0x00, 0x00, 0x00, 0x00, 0x00, 0x00,
    0x00, 0x00, 0x00, 0x00, 0x00, 0x00, 0x00, 0x00, 0x00, 0x00, 0x00, 0x00,
    0x00, 0x00, 0x00, 0x00, 0x00, 0x00, 0x00, 0x00, 0x00, 0x00, 0x00, 0x00,
    0x00, 0x00, 0x00, 0x00, 0x00, 0x00, 0x00, 0x00, 0x00, 0x00, 0x00, 0x00,
    0x00, 0x00, 0x00, 0x00, 0x00, 0x00, 0x00, 0x00, 0x00, 0x00, 0x00, 0x00,
    0x00, 0x00, 0x00, 0x00, 0x00, 0x00, 0x00, 0x00, 0x00, 0x00, 0x00, 0x00,
    0x00, 0x00, 0x00, 0x00, 0x00, 0x00, 0x00, 0x00, 0x00, 0x00, 0x00, 0x00,
    0x00, 0x00, 0x00, 0x00, 0x00, 0x00, 0x00, 0x00, 0x00, 0x00, 0x00, 0x00,
    0xf8, 0xfc, 0xf8, 0x14, 0xf8, 0xfc, 0xf8, 0x30, 0xf8, 0xfc, 0xf8, 0x34,
    0xf8, 0xfc, 0xf8, 0x34, 0xf8, 0xfc, 0xf8, 0x30, 0xf8, 0xfc, 0xf8, 0x34,
    0xf8, 0xfc, 0xf8, 0x34, 0xf8, 0xfc, 0xf8, 0x34, 0xf8, 0xfc, 0xf8, 0x34,
    0xf8, 0xfc, 0xf8, 0x30, 0xf8, 0xfc, 0xf8, 0x34, 0xf8, 0xfc, 0xf8, 0x34,
    0xf8, 0xfc, 0xf8, 0x30, 0xf8, 0xfc, 0xf8, 0x34, 0xf8, 0xfc, 0xf8, 0x34,
    0xf8, 0xfc, 0xf8, 0x34, 0xf8, 0xfc, 0xf8, 0x30, 0xf8, 0xfc, 0xf8, 0x34,
    0xf8, 0xfc, 0xf8, 0x34, 0xf8, 0xfc, 0xf8, 0x34, 0xf8, 0xfc, 0xf8, 0x30,
    0xf8, 0xfc, 0xf8, 0x34, 0xf8, 0xfc, 0xf8, 0x34, 0xf8, 0xfc, 0xf8, 0x34,
    0xf8, 0xfc, 0xf8, 0x34, 0xf8, 0xfc, 0xf8, 0x30, 0xf8, 0xfc, 0xf8, 0x34,
    0xf8, 0xfc, 0xf8, 0x34, 0xf8, 0xfc, 0xf8, 0x34, 0xf8, 0xfc, 0xf8, 0x34,
    0xf8, 0xfc, 0xf8, 0x34, 0xf8, 0xfc, 0xf8, 0x30, 0xf8, 0xfc, 0xf8, 0x34,
    0xf8, 0xfc, 0xf8, 0x34, 0xf8, 0xfc, 0xf8, 0x30, 0xf8, 0xfc, 0xf8, 0x34,
    0xf8, 0xfc, 0xf8, 0x34, 0xf8, 0xfc, 0xf8, 0x34, 0xf8, 0xfc, 0xf8, 0x30,
    0xf8, 0xfc, 0xf8, 0x34, 0xf8, 0xfc, 0xf8, 0x34, 0xf8, 0xfc, 0xf8, 0x34,
    0xf8, 0xfc, 0xf8, 0x34, 0xf8, 0xfc, 0xf8, 0x34, 0xf8, 0xfc, 0xf8, 0x34,
    0xf8, 0xfc, 0xf8, 0x30, 0xf8, 0xfc, 0xf8, 0x34, 0xf8, 0xfc, 0xf8, 0x34,
    0xf8, 0xfc, 0xf8, 0x30, 0xf8, 0xfc, 0xf8, 0x34, 0xf8, 0xfc, 0xf8, 0x34,
    0xf8, 0xfc, 0xf8, 0x34, 0xf8, 0xfc, 0xf8, 0x30, 0xf8, 0xfc, 0xf8, 0x34,
    0xf8, 0xfc, 0xf8, 0x34, 0xf8, 0xfc, 0xf8, 0x30, 0xf8, 0xfc, 0xf8, 0x34,
    0xf8, 0xfc, 0xf8, 0x34, 0xf8, 0xfc, 0xf8, 0x34, 0xf8, 0xfc, 0xf8, 0x34,
    0xf8, 0xfc, 0xf8, 0x30, 0xf8, 0xfc, 0xf8, 0x34, 0xf8, 0xfc, 0xf8, 0x34,
    0xf8, 0xfc, 0xf8, 0x30, 0xf8, 0xfc, 0xf8, 0x34, 0xf8, 0xfc, 0xf8, 0x34,
    0xf8, 0xfc, 0xf8, 0x34, 0xf8, 0xfc, 0xf8, 0x34, 0xf8, 0xfc, 0xf8, 0x34,
    0xf8, 0xfc, 0xf8, 0x34, 0xf8, 0xfc, 0xf8, 0x34, 0xf8, 0xfc, 0xf8, 0x34,
    0xf8, 0xfc, 0xf8, 0x34, 0xf8, 0xfc, 0xf8, 0x34, 0xf8, 0xfc, 0xf8, 0x34,
    0xf8, 0xfc, 0xf8, 0x34, 0xf8, 0xfc, 0xf8, 0x34, 0xf8, 0xfc, 0xf8, 0x34,
    0xf8, 0xfc, 0xf8, 0x34, 0xf8, 0xfc, 0xf8, 0x30, 0xf8, 0xfc, 0xf8, 0x34,
    0xf8, 0xfc, 0xf8, 0x34, 0xf8, 0xfc, 0xf8, 0x34, 0xf8, 0xfc, 0xf8, 0x34,
    0xf8, 0xfc, 0xf8, 0x30, 0xf8, 0xfc, 0xf8, 0x34, 0xf8, 0xfc, 0xf8, 0x34,
    0xf8, 0xfc, 0xf8, 0x30, 0xf8, 0xfc, 0xf8, 0x30, 0xf8, 0xfc, 0xf8, 0x14,
    0x00, 0x00, 0x00, 0x00, 0x00, 0x00, 0x00, 0x00, 0x00, 0x00, 0x00, 0x00,
    0x00, 0x00, 0x00, 0x00, 0x00, 0x00, 0x00, 0x00, 0x00, 0x00, 0x00, 0x00,
    0x00, 0x00, 0x00, 0x00, 0x00, 0x00, 0x00, 0x00, 0x00, 0x00, 0x00, 0x00,
    0x00, 0x00, 0x00, 0x00, 0x00, 0x00, 0x00, 0x00, 0x00, 0x00, 0x00, 0x00,
    0x00, 0x00, 0x00, 0x00, 0x00, 0x00, 0x00, 0x00, 0x00, 0x00, 0x00, 0x00,
    0x00, 0x00, 0x00, 0x00, 0x00, 0x00, 0x00, 0x00, 0x00, 0x00, 0x00, 0x00,
    0x00, 0x00, 0x00, 0x00, 0x00, 0x00, 0x00, 0x00, 0x00, 0x00, 0x00, 0x00,
    0x00, 0x00, 0x00, 0x00, 0x00, 0x00, 0x00, 0x00, 0x00, 0x00, 0x00, 0x00,
    0x00, 0x00, 0x00, 0x00, 0x00, 0x00, 0x00, 0x00, 0x00, 0x00, 0x00, 0x00,
    0x00, 0x00, 0x00, 0x00, 0x00, 0x00, 0x00, 0x00, 0x00, 0x00, 0x00, 0x00,
    0x00, 0x00, 0x00, 0x00, 0x00, 0x00, 0x00, 0x00, 0x00, 0x00, 0x00, 0x00,
    0x00, 0x00, 0x00, 0x00, 0x00, 0x00, 0x00, 0x00, 0x00, 0x00, 0x00, 0x00,
    0x00, 0x00, 0x00, 0x00, 0x00, 0x00, 0x00, 0x00, 0x00, 0x00, 0x00, 0x00,
    0x00, 0x00, 0x00, 0x00, 0x00, 0x00, 0x00, 0x00, 0x00, 0x00, 0x00, 0x00,
    0x00, 0x00, 0x00, 0x00, 0x00, 0x00, 0x00, 0x00, 0x00, 0x00, 0x00, 0x00,
    0x00, 0x00, 0x00, 0x00, 0x00, 0x00, 0x00, 0x00, 0x00, 0x00, 0x00, 0x00,
    0x00, 0x00, 0x00, 0x00, 0x00, 0x00, 0x00, 0x00, 0x00, 0x00, 0x00, 0x00,
    0x00, 0x00, 0x00, 0x00, 0x00, 0x00, 0x00, 0x00, 0x00, 0x00, 0x00, 0x00,
    0x00, 0x00, 0x00, 0x00, 0x00, 0x00, 0x00, 0x00, 0x00, 0x00, 0x00, 0x00,
    0x00, 0x00, 0x00, 0x00, 0x00, 0x00, 0x00, 0x00, 0x00, 0x00, 0x00, 0x00,
    0x00, 0x00, 0x00, 0x00, 0xf8, 0xfc, 0xf8, 0x04, 0xf8, 0xfc, 0xf8, 0x2c,
    0xf8, 0xfc, 0xf8, 0x34, 0xf8, 0xfc, 0xf8, 0x34, 0xf8, 0xfc, 0xf8, 0x34,
    0xf8, 0xfc, 0xf8, 0x30, 0xf8, 0xfc, 0xf8, 0x34, 0xf8, 0xfc, 0xf8, 0x34,
    0xf8, 0xfc, 0xf8, 0x34, 0xf8, 0xfc, 0xf8, 0x34, 0xf8, 0xfc, 0xf8, 0x34,
    0xf8, 0xfc, 0xf8, 0x34, 0xf8, 0xfc, 0xf8, 0x34, 0xf8, 0xfc, 0xf8, 0x34,
    0xf8, 0xfc, 0xf8, 0x30, 0xf8, 0xfc, 0xf8, 0x34, 0xf8, 0xfc, 0xf8, 0x34,
    0xf8, 0xfc, 0xf8, 0x30, 0xf8, 0xfc, 0xf8, 0x34, 0xf8, 0xfc, 0xf8, 0x34,
    0xf8, 0xfc, 0xf8, 0x34, 0xf8, 0xfc, 0xf8, 0x30, 0xf8, 0xfc, 0xf8, 0x34,
    0xf8, 0xfc, 0xf8, 0x34, 0xf8, 0xfc, 0xf8, 0x34, 0xf8, 0xfc, 0xf8, 0x30,
    0xf8, 0xfc, 0xf8, 0x34, 0xf8, 0xfc, 0xf8, 0x30, 0xf8, 0xfc, 0xf8, 0x34,
    0xf8, 0xfc, 0xf8, 0x34, 0xf8, 0xfc, 0xf8, 0x34, 0xf8, 0xfc, 0xf8, 0x30,
    0xf8, 0xfc, 0xf8, 0x34, 0xf8, 0xfc, 0xf8, 0x34, 0xf8, 0xfc, 0xf8, 0x34,
    0xf8, 0xfc, 0xf8, 0x34, 0xf8, 0xfc, 0xf8, 0x34, 0xf8, 0xfc, 0xf8, 0x34,
    0xf8, 0xfc, 0xf8, 0x30, 0xf8, 0xfc, 0xf8, 0x34, 0xf8, 0xfc, 0xf8, 0x34,
    0xf8, 0xfc, 0xf8, 0x30, 0xf8, 0xfc, 0xf8, 0x34, 0xf8, 0xfc, 0xf8, 0x34,
    0xf8, 0xfc, 0xf8, 0x34, 0xf8, 0xfc, 0xf8, 0x34, 0xf8, 0xfc, 0xf8, 0x34,
    0xf8, 0xfc, 0xf8, 0x34, 0xf8, 0xfc, 0xf8, 0x34, 0xf8, 0xfc, 0xf8, 0x34,
    0xf8, 0xfc, 0xf8, 0x34, 0xf8, 0xfc, 0xf8, 0x34, 0xf8, 0xfc, 0xf8, 0x34,
    0xf8, 0xfc, 0xf8, 0x34, 0xf8, 0xfc, 0xf8, 0x34, 0xf8, 0xfc, 0xf8, 0x30,
    0xf8, 0xfc, 0xf8, 0x34, 0xf8, 0xfc, 0xf8, 0x34, 0xf8, 0xfc, 0xf8, 0x30,
    0xf8, 0xfc, 0xf8, 0x34, 0xf8, 0xfc, 0xf8, 0x34, 0xf8, 0xfc, 0xf8, 0x30,
    0xf8, 0xfc, 0xf8, 0x34, 0xf8, 0xfc, 0xf8, 0x34, 0xf8, 0xfc, 0xf8, 0x30,
    0xf8, 0xfc, 0xf8, 0x34, 0xf8, 0xfc, 0xf8, 0x30, 0xf8, 0xfc, 0xf8, 0x34,
    0xf8, 0xfc, 0xf8, 0x30, 0xf8, 0xfc, 0xf8, 0x34, 0xf8, 0xfc, 0xf8, 0x34,
    0xf8, 0xfc, 0xf8, 0x30, 0xf8, 0xfc, 0xf8, 0x34, 0xf8, 0xfc, 0xf8, 0x30,
    0xf8, 0xfc, 0xf8, 0x34, 0xf8, 0xfc, 0xf8, 0x30, 0xf8, 0xfc, 0xf8, 0x34,
    0xf8, 0xfc, 0xf8, 0x34, 0xf8, 0xfc, 0xf8, 0x34, 0xf8, 0xfc, 0xf8, 0x30,
    0xf8, 0xfc, 0xf8, 0x34, 0xf8, 0xfc, 0xf8, 0x30, 0xf8, 0xfc, 0xf8, 0x34,
    0xf8, 0xfc, 0xf8, 0x34, 0xf8, 0xfc, 0xf8, 0x34, 0xf8, 0xfc, 0xf8, 0x34,
    0xf8, 0xfc, 0xf8, 0x24, 0xf8, 0xfc, 0xf8, 0x04, 0x00, 0x00, 0x00, 0x00,
    0x00, 0x00, 0x00, 0x00, 0x00, 0x00, 0x00, 0x00, 0x00, 0x00, 0x00, 0x00,
    0x00, 0x00, 0x00, 0x00, 0x00, 0x00, 0x00, 0x00, 0x00, 0x00, 0x00, 0x00,
    0x00, 0x00, 0x00, 0x00, 0x00, 0x00, 0x00, 0x00, 0x00, 0x00, 0x00, 0x00,
    0x00, 0x00, 0x00, 0x00, 0x00, 0x00, 0x00, 0x00, 0x00, 0x00, 0x00, 0x00,
    0x00, 0x00, 0x00, 0x00, 0x00, 0x00, 0x00, 0x00, 0x00, 0x00, 0x00, 0x00,
    0x00, 0x00, 0x00, 0x00, 0x00, 0x00, 0x00, 0x00, 0x00, 0x00, 0x00, 0x00,
    0x00, 0x00, 0x00, 0x00, 0x00, 0x00, 0x00, 0x00, 0x00, 0x00, 0x00, 0x00,
    0x00, 0x00, 0x00, 0x00, 0x00, 0x00, 0x00, 0x00, 0x00, 0x00, 0x00, 0x00,
    0x00, 0x00, 0x00, 0x00, 0x00, 0x00, 0x00, 0x00, 0x00, 0x00, 0x00, 0x00,
    0x00, 0x00, 0x00, 0x00, 0x00, 0x00, 0x00, 0x00, 0x00, 0x00, 0x00, 0x00,
    0x00, 0x00, 0x00, 0x00, 0x00, 0x00, 0x00, 0x00, 0x00, 0x00, 0x00, 0x00,
    0x00, 0x00, 0x00, 0x00, 0x00, 0x00, 0x00, 0x00, 0x00, 0x00, 0x00, 0x00,
    0x00, 0x00, 0x00, 0x00, 0x00, 0x00, 0x00, 0x00, 0x00, 0x00, 0x00, 0x00,
    0x00, 0x00, 0x00, 0x00, 0x00, 0x00, 0x00, 0x00, 0x00, 0x00, 0x00, 0x00,
    0x00, 0x00, 0x00, 0x00, 0x00, 0x00, 0x00, 0x00, 0x00, 0x00, 0x00, 0x00,
    0x00, 0x00, 0x00, 0x00, 0x00, 0x00, 0x00, 0x00, 0x00, 0x00, 0x00, 0x00,
    0x00, 0x00, 0x00, 0x00, 0x00, 0x00, 0x00, 0x00, 0x00, 0x00, 0x00, 0x00,
    0x00, 0x00, 0x00, 0x00, 0x00, 0x00, 0x00, 0x00, 0x00, 0x00, 0x00, 0x00,
    0x00, 0x00, 0x00, 0x00, 0x00, 0x00, 0x00, 0x00, 0x00, 0x00, 0x00, 0x00,
    0x00, 0x00, 0x00, 0x00, 0x00, 0x00, 0x00, 0x00, 0x00, 0x00, 0x00, 0x00,
    0x00, 0x00, 0x00, 0x00, 0x00, 0x00, 0x00, 0x00, 0x00, 0x00, 0x00, 0x00,
    0xf8, 0xfc, 0xf8, 0x18, 0xf8, 0xfc, 0xf8, 0x34, 0xf8, 0xfc, 0xf8, 0x34,
    0xf8, 0xfc, 0xf8, 0x30, 0xf8, 0xfc, 0xf8, 0x34, 0xf8, 0xfc, 0xf8, 0x34,
    0xf8, 0xfc, 0xf8, 0x30, 0xf8, 0xfc, 0xf8, 0x34, 0xf8, 0xfc, 0xf8, 0x30,
    0xf8, 0xfc, 0xf8, 0x34, 0xf8, 0xfc, 0xf8, 0x34, 0xf8, 0xfc, 0xf8, 0x30,
    0xf8, 0xfc, 0xf8, 0x34, 0xf8, 0xfc, 0xf8, 0x34, 0xf8, 0xfc, 0xf8, 0x34,
    0xf8, 0xfc, 0xf8, 0x30, 0xf8, 0xfc, 0xf8, 0x34, 0xf8, 0xfc, 0xf8, 0x34,
    0xf8, 0xfc, 0xf8, 0x30, 0xf8, 0xfc, 0xf8, 0x34, 0xf8, 0xfc, 0xf8, 0x34,
    0xf8, 0xfc, 0xf8, 0x34, 0xf8, 0xfc, 0xf8, 0x34, 0xf8, 0xfc, 0xf8, 0x34,
    0xf8, 0xfc, 0xf8, 0x34, 0xf8, 0xfc, 0xf8, 0x30, 0xf8, 0xfc, 0xf8, 0x34,
    0xf8, 0xfc, 0xf8, 0x34, 0xf8, 0xfc, 0xf8, 0x34, 0xf8, 0xfc, 0xf8, 0x34,
    0xf8, 0xfc, 0xf8, 0x30, 0xf8, 0xfc, 0xf8, 0x34, 0xf8, 0xfc, 0xf8, 0x30,
    0xf8, 0xfc, 0xf8, 0x30, 0xf8, 0xfc, 0xf8, 0x34, 0xf8, 0xfc, 0xf8, 0x34,
    0xf8, 0xfc, 0xf8, 0x34, 0xf8, 0xfc, 0xf8, 0x30, 0xf8, 0xfc, 0xf8, 0x34,
    0xf8, 0xfc, 0xf8, 0x34, 0xf8, 0xfc, 0xf8, 0x30, 0xf8, 0xfc, 0xf8, 0x34,
    0xf8, 0xfc, 0xf8, 0x30, 0xf8, 0xfc, 0xf8, 0x34, 0xf8, 0xfc, 0xf8, 0x30,
    0xf8, 0xfc, 0xf8, 0x34, 0xf8, 0xfc, 0xf8, 0x30, 0xf8, 0xfc, 0xf8, 0x30,
    0xf8, 0xfc, 0xf8, 0x34, 0xf8, 0xfc, 0xf8, 0x34, 0xf8, 0xfc, 0xf8, 0x30,
    0xf8, 0xfc, 0xf8, 0x34, 0xf8, 0xfc, 0xf8, 0x34, 0xf8, 0xfc, 0xf8, 0x34,
    0xf8, 0xfc, 0xf8, 0x30, 0xf8, 0xfc, 0xf8, 0x34, 0xf8, 0xfc, 0xf8, 0x34,
    0xf8, 0xfc, 0xf8, 0x34, 0xf8, 0xfc, 0xf8, 0x34, 0xf8, 0xfc, 0xf8, 0x34,
    0xf8, 0xfc, 0xf8, 0x34, 0xf8, 0xfc, 0xf8, 0x34, 0xf8, 0xfc, 0xf8, 0x34,
    0xf8, 0xfc, 0xf8, 0x30, 0xf8, 0xfc, 0xf8, 0x34, 0xf8, 0xfc, 0xf8, 0x34,
    0xf8, 0xfc, 0xf8, 0x34, 0xf8, 0xfc, 0xf8, 0x30, 0xf8, 0xfc, 0xf8, 0x34,
    0xf8, 0xfc, 0xf8, 0x34, 0xf8, 0xfc, 0xf8, 0x30, 0xf8, 0xfc, 0xf8, 0x34,
    0xf8, 0xfc, 0xf8, 0x34, 0xf8, 0xfc, 0xf8, 0x34, 0xf8, 0xfc, 0xf8, 0x30,
    0xf8, 0xfc, 0xf8, 0x34, 0xf8, 0xfc, 0xf8, 0x34, 0xf8, 0xfc, 0xf8, 0x34,
    0xf8, 0xfc, 0xf8, 0x34, 0xf8, 0xfc, 0xf8, 0x34, 0xf8, 0xfc, 0xf8, 0x30,
    0xf8, 0xfc, 0xf8, 0x34, 0xf8, 0xfc, 0xf8, 0x30, 0xf8, 0xfc, 0xf8, 0x18,
    0x00, 0x00, 0x00, 0x00, 0x00, 0x00, 0x00, 0x00, 0x00, 0x00, 0x00, 0x00,
    0x00, 0x00, 0x00, 0x00, 0x00, 0x00, 0x00, 0x00, 0x00, 0x00, 0x00, 0x00,
    0x00, 0x00, 0x00, 0x00, 0x00, 0x00, 0x00, 0x00, 0x00, 0x00, 0x00, 0x00,
    0x00, 0x00, 0x00, 0x00, 0x00, 0x00, 0x00, 0x00, 0x00, 0x00, 0x00, 0x00,
    0x00, 0x00, 0x00, 0x00, 0x00, 0x00, 0x00, 0x00, 0x00, 0x00, 0x00, 0x00,
    0x00, 0x00, 0x00, 0x00, 0x00, 0x00, 0x00, 0x00, 0x00, 0x00, 0x00, 0x00,
    0x00, 0x00, 0x00, 0x00, 0x00, 0x00, 0x00, 0x00, 0x00, 0x00, 0x00, 0x00,
    0x00, 0x00, 0x00, 0x00, 0x00, 0x00, 0x00, 0x00, 0x00, 0x00, 0x00, 0x00,
    0x00, 0x00, 0x00, 0x00, 0x00, 0x00, 0x00, 0x00, 0x00, 0x00, 0x00, 0x00,
    0x00, 0x00, 0x00, 0x00, 0x00, 0x00, 0x00, 0x00, 0x00, 0x00, 0x00, 0x00,
    0x00, 0x00, 0x00, 0x00, 0x00, 0x00, 0x00, 0x00, 0x00, 0x00, 0x00, 0x00,
    0x00, 0x00, 0x00, 0x00, 0x00, 0x00, 0x00, 0x00, 0x00, 0x00, 0x00, 0x00,
    0x00, 0x00, 0x00, 0x00, 0x00, 0x00, 0x00, 0x00, 0x00, 0x00, 0x00, 0x00,
    0x00, 0x00, 0x00, 0x00, 0x00, 0x00, 0x00, 0x00, 0x00, 0x00, 0x00, 0x00,
    0x00, 0x00, 0x00, 0x00, 0x00, 0x00, 0x00, 0x00, 0x00, 0x00, 0x00, 0x00,
    0x00, 0x00, 0x00, 0x00, 0x00, 0x00, 0x00, 0x00, 0x00, 0x00, 0x00, 0x00,
    0x00, 0x00, 0x00, 0x00, 0x00, 0x00, 0x00, 0x00, 0x00, 0x00, 0x00, 0x00,
    0x00, 0x00, 0x00, 0x00, 0x00, 0x00, 0x00, 0x00, 0x00, 0x00, 0x00, 0x00,
    0x00, 0x00, 0x00, 0x00, 0x00, 0x00, 0x00, 0x00, 0x00, 0x00, 0x00, 0x00,
    0x00, 0x00, 0x00, 0x00, 0x00, 0x00, 0x00, 0x00, 0x00, 0x00, 0x00, 0x00,
    0x00, 0x00, 0x00, 0x00, 0x00, 0x00, 0x00, 0x00, 0x00, 0x00, 0x00, 0x00,
    0x00, 0x00, 0x00, 0x00, 0x00, 0x00, 0x00, 0x00, 0x00, 0x00, 0x00, 0x00,
    0x00, 0x00, 0x00, 0x00, 0xf8, 0xfc, 0xf8, 0x04, 0xf8, 0xfc, 0xf8, 0x28,
    0xf8, 0xfc, 0xf8, 0x34, 0xf8, 0xfc, 0xf8, 0x34, 0xf8, 0xfc, 0xf8, 0x30,
    0xf8, 0xfc, 0xf8, 0x34, 0xf8, 0xfc, 0xf8, 0x34, 0xf8, 0xfc, 0xf8, 0x30,
    0xf8, 0xfc, 0xf8, 0x34, 0xf8, 0xfc, 0xf8, 0x34, 0xf8, 0xfc, 0xf8, 0x30,
    0xf8, 0xfc, 0xf8, 0x34, 0xf8, 0xfc, 0xf8, 0x34, 0xf8, 0xfc, 0xf8, 0x30,
    0xf8, 0xfc, 0xf8, 0x34, 0xf8, 0xfc, 0xf8, 0x34, 0xf8, 0xfc, 0xf8, 0x34,
    0xf8, 0xfc, 0xf8, 0x34, 0xf8, 0xfc, 0xf8, 0x34, 0xf8, 0xfc, 0xf8, 0x30,
    0xf8, 0xfc, 0xf8, 0x30, 0xf8, 0xfc, 0xf8, 0x34, 0xf8, 0xfc, 0xf8, 0x34,
    0xf8, 0xfc, 0xf8, 0x34, 0xf8, 0xfc, 0xf8, 0x34, 0xf8, 0xfc, 0xf8, 0x30,
    0xf8, 0xfc, 0xf8, 0x34, 0xf8, 0xfc, 0xf8, 0x30, 0xf8, 0xfc, 0xf8, 0x34,
    0xf8, 0xfc, 0xf8, 0x34, 0xf8, 0xfc, 0xf8, 0x34, 0xf8, 0xfc, 0xf8, 0x34,
    0xf8, 0xfc, 0xf8, 0x34, 0xf8, 0xfc, 0xf8, 0x30, 0xf8, 0xfc, 0xf8, 0x34,
    0xf8, 0xfc, 0xf8, 0x34, 0xf8, 0xfc, 0xf8, 0x34, 0xf8, 0xfc, 0xf8, 0x34,
    0xf8, 0xfc, 0xf8, 0x34, 0xf8, 0xfc, 0xf8, 0x34, 0xf8, 0xfc, 0xf8, 0x34,
    0xf8, 0xfc, 0xf8, 0x34, 0xf8, 0xfc, 0xf8, 0x30, 0xf8, 0xfc, 0xf8, 0x34,
    0xf8, 0xfc, 0xf8, 0x34, 0xf8, 0xfc, 0xf8, 0x34, 0xf8, 0xfc, 0xf8, 0x34,
    0xf8, 0xfc, 0xf8, 0x34, 0xf8, 0xfc, 0xf8, 0x30, 0xf8, 0xfc, 0xf8, 0x34,
    0xf8, 0xfc, 0xf8, 0x34, 0xf8, 0xfc, 0xf8, 0x30, 0xf8, 0xfc, 0xf8, 0x34,
    0xf8, 0xfc, 0xf8, 0x34, 0xf8, 0xfc, 0xf8, 0x34, 0xf8, 0xfc, 0xf8, 0x30,
    0xf8, 0xfc, 0xf8, 0x34, 0xf8, 0xfc, 0xf8, 0x30, 0xf8, 0xfc, 0xf8, 0x34,
    0xf8, 0xfc, 0xf8, 0x30, 0xf8, 0xfc, 0xf8, 0x34, 0xf8, 0xfc, 0xf8, 0x34,
    0xf8, 0xfc, 0xf8, 0x34, 0xf8, 0xfc, 0xf8, 0x34, 0xf8, 0xfc, 0xf8, 0x34,
    0xf8, 0xfc, 0xf8, 0x34, 0xf8, 0xfc, 0xf8, 0x34, 0xf8, 0xfc, 0xf8, 0x34,
    0xf8, 0xfc, 0xf8, 0x34, 0xf8, 0xfc, 0xf8, 0x34, 0xf8, 0xfc, 0xf8, 0x34,
    0xf8, 0xfc, 0xf8, 0x34, 0xf8, 0xfc, 0xf8, 0x34, 0xf8, 0xfc, 0xf8, 0x30,
    0xf8, 0xfc, 0xf8, 0x34, 0xf8, 0xfc, 0xf8, 0x34, 0xf8, 0xfc, 0xf8, 0x30,
    0xf8, 0xfc, 0xf8, 0x34, 0xf8, 0xfc, 0xf8, 0x34, 0xf8, 0xfc, 0xf8, 0x34,
    0xf8, 0xfc, 0xf8, 0x24, 0xf8, 0xfc, 0xf8, 0x04, 0x00, 0x00, 0x00, 0x00,
    0x00, 0x00, 0x00, 0x00, 0x00, 0x00, 0x00, 0x00, 0x00, 0x00, 0x00, 0x00,
    0x00, 0x00, 0x00, 0x00, 0x00, 0x00, 0x00, 0x00, 0x00, 0x00, 0x00, 0x00,
    0x00, 0x00, 0x00, 0x00, 0x00, 0x00, 0x00, 0x00, 0x00, 0x00, 0x00, 0x00,
    0x00, 0x00, 0x00, 0x00, 0x00, 0x00, 0x00, 0x00, 0x00, 0x00, 0x00, 0x00,
    0x00, 0x00, 0x00, 0x00, 0x00, 0x00, 0x00, 0x00, 0x00, 0x00, 0x00, 0x00,
    0x00, 0x00, 0x00, 0x00, 0x00, 0x00, 0x00, 0x00, 0x00, 0x00, 0x00, 0x00,
    0x00, 0x00, 0x00, 0x00, 0x00, 0x00, 0x00, 0x00, 0x00, 0x00, 0x00, 0x00,
    0x00, 0x00, 0x00, 0x00, 0x00, 0x00, 0x00, 0x00, 0x00, 0x00, 0x00, 0x00,
    0x00, 0x00, 0x00, 0x00, 0x00, 0x00, 0x00, 0x00, 0x00, 0x00, 0x00, 0x00,
    0x00, 0x00, 0x00, 0x00, 0x00, 0x00, 0x00, 0x00, 0x00, 0x00, 0x00, 0x00,
    0x00, 0x00, 0x00, 0x00, 0x00, 0x00, 0x00, 0x00, 0x00, 0x00, 0x00, 0x00,
    0x00, 0x00, 0x00, 0x00, 0x00, 0x00, 0x00, 0x00, 0x00, 0x00, 0x00, 0x00,
    0x00, 0x00, 0x00, 0x00, 0x00, 0x00, 0x00, 0x00, 0x00, 0x00, 0x00, 0x00,
    0x00, 0x00, 0x00, 0x00, 0x00, 0x00, 0x00, 0x00, 0x00, 0x00, 0x00, 0x00,
    0x00, 0x00, 0x00, 0x00, 0x00, 0x00, 0x00, 0x00, 0x00, 0x00, 0x00, 0x00,
    0x00, 0x00, 0x00, 0x00, 0x00, 0x00, 0x00, 0x00, 0x00, 0x00, 0x00, 0x00,
    0x00, 0x00, 0x00, 0x00, 0x00, 0x00, 0x00, 0x00, 0x00, 0x00, 0x00, 0x00,
    0x00, 0x00, 0x00, 0x00, 0x00, 0x00, 0x00, 0x00, 0x00, 0x00, 0x00, 0x00,
    0x00, 0x00, 0x00, 0x00, 0x00, 0x00, 0x00, 0x00, 0x00, 0x00, 0x00, 0x00,
    0x00, 0x00, 0x00, 0x00, 0x00, 0x00, 0x00, 0x00, 0x00, 0x00, 0x00, 0x00,
    0x00, 0x00, 0x00, 0x00, 0x00, 0x00, 0x00, 0x00, 0x00, 0x00, 0x00, 0x00,
    0x00, 0x00, 0x00, 0x00, 0x00, 0x00, 0x00, 0x00, 0x00, 0x00, 0x00, 0x00,
    0x00, 0x00, 0x00, 0x00, 0x00, 0x00, 0x00, 0x00, 0x00, 0x00, 0x00, 0x00,
    0xf8, 0xfc, 0xf8, 0x14, 0xf8, 0xfc, 0xf8, 0x2c, 0xf8, 0xfc, 0xf8, 0x34,
    0xf8, 0xfc, 0xf8, 0x34, 0xf8, 0xfc, 0xf8, 0x34, 0xf8, 0xfc, 0xf8, 0x34,
    0xf8, 0xfc, 0xf8, 0x34, 0xf8, 0xfc, 0xf8, 0x34, 0xf8, 0xfc, 0xf8, 0x34,
    0xf8, 0xfc, 0xf8, 0x34, 0xf8, 0xfc, 0xf8, 0x34, 0xf8, 0xfc, 0xf8, 0x34,
    0xf8, 0xfc, 0xf8, 0x34, 0xf8, 0xfc, 0xf8, 0x30, 0xf8, 0xfc, 0xf8, 0x34,
    0xf8, 0xfc, 0xf8, 0x34, 0xf8, 0xfc, 0xf8, 0x34, 0xf8, 0xfc, 0xf8, 0x34,
    0xf8, 0xfc, 0xf8, 0x34, 0xf8, 0xfc, 0xf8, 0x30, 0xf8, 0xfc, 0xf8, 0x30,
    0xf8, 0xfc, 0xf8, 0x34, 0xf8, 0xfc, 0xf8, 0x34, 0xf8, 0xfc, 0xf8, 0x34,
    0xf8, 0xfc, 0xf8, 0x34, 0xf8, 0xfc, 0xf8, 0x34, 0xf8, 0xfc, 0xf8, 0x30,
    0xf8, 0xfc, 0xf8, 0x34, 0xf8, 0xfc, 0xf8, 0x34, 0xf8, 0xfc, 0xf8, 0x34,
    0xf8, 0xfc, 0xf8, 0x34, 0xf8, 0xfc, 0xf8, 0x34, 0xf8, 0xfc, 0xf8, 0x30,
    0xf8, 0xfc, 0xf8, 0x34, 0xf8, 0xfc, 0xf8, 0x30, 0xf8, 0xfc, 0xf8, 0x34,
    0xf8, 0xfc, 0xf8, 0x30, 0xf8, 0xfc, 0xf8, 0x34, 0xf8, 0xfc, 0xf8, 0x34,
    0xf8, 0xfc, 0xf8, 0x34, 0xf8, 0xfc, 0xf8, 0x34, 0xf8, 0xfc, 0xf8, 0x34,
    0xf8, 0xfc, 0xf8, 0x34, 0xf8, 0xfc, 0xf8, 0x30, 0xf8, 0xfc, 0xf8, 0x34,
    0xf8, 0xfc, 0xf8, 0x34, 0xf8, 0xfc, 0xf8, 0x34, 0xf8, 0xfc, 0xf8, 0x34,
    0xf8, 0xfc, 0xf8, 0x34, 0xf8, 0xfc, 0xf8, 0x30, 0xf8, 0xfc, 0xf8, 0x34,
    0xf8, 0xfc, 0xf8, 0x34, 0xf8, 0xfc, 0xf8, 0x30, 0xf8, 0xfc, 0xf8, 0x34,
    0xf8, 0xfc, 0xf8, 0x34, 0xf8, 0xfc, 0xf8, 0x34, 0xf8, 0xfc, 0xf8, 0x34,
    0xf8, 0xfc, 0xf8, 0x34, 0xf8, 0xfc, 0xf8, 0x30, 0xf8, 0xfc, 0xf8, 0x34,
    0xf8, 0xfc, 0xf8, 0x34, 0xf8, 0xfc, 0xf8, 0x30, 0xf8, 0xfc, 0xf8, 0x30,
    0xf8, 0xfc, 0xf8, 0x34, 0xf8, 0xfc, 0xf8, 0x30, 0xf8, 0xfc, 0xf8, 0x34,
    0xf8, 0xfc, 0xf8, 0x30, 0xf8, 0xfc, 0xf8, 0x34, 0xf8, 0xfc, 0xf8, 0x30,
    0xf8, 0xfc, 0xf8, 0x34, 0xf8, 0xfc, 0xf8, 0x34, 0xf8, 0xfc, 0xf8, 0x34,
    0xf8, 0xfc, 0xf8, 0x34, 0xf8, 0xfc, 0xf8, 0x30, 0xf8, 0xfc, 0xf8, 0x34,
    0xf8, 0xfc, 0xf8, 0x34, 0xf8, 0xfc, 0xf8, 0x2c, 0xf8, 0xfc, 0xf8, 0x14,
    0x00, 0x00, 0x00, 0x00, 0x00, 0x00, 0x00, 0x00, 0x00, 0x00, 0x00, 0x00,
    0x00, 0x00, 0x00, 0x00, 0x00, 0x00, 0x00, 0x00, 0x00, 0x00, 0x00, 0x00,
    0x00, 0x00, 0x00, 0x00, 0x00, 0x00, 0x00, 0x00, 0x00, 0x00, 0x00, 0x00,
    0x00, 0x00, 0x00, 0x00, 0x00, 0x00, 0x00, 0x00, 0x00, 0x00, 0x00, 0x00,
    0x00, 0x00, 0x00, 0x00, 0x00, 0x00, 0x00, 0x00, 0x00, 0x00, 0x00, 0x00,
    0x00, 0x00, 0x00, 0x00, 0x00, 0x00, 0x00, 0x00, 0x00, 0x00, 0x00, 0x00,
    0x00, 0x00, 0x00, 0x00, 0x00, 0x00, 0x00, 0x00, 0x00, 0x00, 0x00, 0x00,
    0x00, 0x00, 0x00, 0x00, 0x00, 0x00, 0x00, 0x00, 0x00, 0x00, 0x00, 0x00,
    0x00, 0x00, 0x00, 0x00, 0x00, 0x00, 0x00, 0x00, 0x00, 0x00, 0x00, 0x00,
    0x00, 0x00, 0x00, 0x00, 0x00, 0x00, 0x00, 0x00, 0x00, 0x00, 0x00, 0x00,
    0x00, 0x00, 0x00, 0x00, 0x00, 0x00, 0x00, 0x00, 0x00, 0x00, 0x00, 0x00,
    0x00, 0x00, 0x00, 0x00, 0x00, 0x00, 0x00, 0x00, 0x00, 0x00, 0x00, 0x00,
    0x00, 0x00, 0x00, 0x00, 0x00, 0x00, 0x00, 0x00, 0x00, 0x00, 0x00, 0x00,
    0x00, 0x00, 0x00, 0x00, 0x00, 0x00, 0x00, 0x00, 0x00, 0x00, 0x00, 0x00,
    0x00, 0x00, 0x00, 0x00, 0x00, 0x00, 0x00, 0x00, 0x00, 0x00, 0x00, 0x00,
    0x00, 0x00, 0x00, 0x00, 0x00, 0x00, 0x00, 0x00, 0x00, 0x00, 0x00, 0x00,
    0x00, 0x00, 0x00, 0x00, 0x00, 0x00, 0x00, 0x00, 0x00, 0x00, 0x00, 0x00,
    0x00, 0x00, 0x00, 0x00, 0x00, 0x00, 0x00, 0x00, 0x00, 0x00, 0x00, 0x00,
    0x00, 0x00, 0x00, 0x00, 0x00, 0x00, 0x00, 0x00, 0x00, 0x00, 0x00, 0x00,
    0x00, 0x00, 0x00, 0x00, 0x00, 0x00, 0x00, 0x00, 0x00, 0x00, 0x00, 0x00,
    0x00, 0x00, 0x00, 0x00, 0x00, 0x00, 0x00, 0x00, 0x00, 0x00, 0x00, 0x00,
    0x00, 0x00, 0x00, 0x00, 0x00, 0x00, 0x00, 0x00, 0x00, 0x00, 0x00, 0x00,
    0x00, 0x00, 0x00, 0x00, 0x00, 0x00, 0x00, 0x00, 0x00, 0x00, 0x00, 0x00,
    0x00, 0x00, 0x00, 0x00, 0x00, 0x00, 0x00, 0x00, 0x00, 0x00, 0x00, 0x00,
    0x00, 0x00, 0x00, 0x00, 0xf8, 0xfc, 0xf8, 0x04, 0xf8, 0xfc, 0xf8, 0x18,
    0xf8, 0xfc, 0xf8, 0x34, 0xf8, 0xfc, 0xf8, 0x30, 0xf8, 0xfc, 0xf8, 0x34,
    0xf8, 0xfc, 0xf8, 0x30, 0xf8, 0xfc, 0xf8, 0x34, 0xf8, 0xfc, 0xf8, 0x30,
    0xf8, 0xfc, 0xf8, 0x34, 0xf8, 0xfc, 0xf8, 0x30, 0xf8, 0xfc, 0xf8, 0x34,
    0xf8, 0xfc, 0xf8, 0x34, 0xf8, 0xfc, 0xf8, 0x30, 0xf8, 0xfc, 0xf8, 0x34,
    0xf8, 0xfc, 0xf8, 0x30, 0xf8, 0xfc, 0xf8, 0x30, 0xf8, 0xfc, 0xf8, 0x34,
    0xf8, 0xfc, 0xf8, 0x34, 0xf8, 0xfc, 0xf8, 0x34, 0xf8, 0xfc, 0xf8, 0x34,
    0xf8, 0xfc, 0xf8, 0x34, 0xf8, 0xfc, 0xf8, 0x30, 0xf8, 0xfc, 0xf8, 0x34,
    0xf8, 0xfc, 0xf8, 0x34, 0xf8, 0xfc, 0xf8, 0x34, 0xf8, 0xfc, 0xf8, 0x34,
    0xf8, 0xfc, 0xf8, 0x30, 0xf8, 0xfc, 0xf8, 0x34, 0xf8, 0xfc, 0xf8, 0x30,
    0xf8, 0xfc, 0xf8, 0x34, 0xf8, 0xfc, 0xf8, 0x34, 0xf8, 0xfc, 0xf8, 0x34,
    0xf8, 0xfc, 0xf8, 0x34, 0xf8, 0xfc, 0xf8, 0x34, 0xf8, 0xfc, 0xf8, 0x30,
    0xf8, 0xfc, 0xf8, 0x34, 0xf8, 0xfc, 0xf8, 0x30, 0xf8, 0xfc, 0xf8, 0x34,
    0xf8, 0xfc, 0xf8, 0x30, 0xf8, 0xfc, 0xf8, 0x34, 0xf8, 0xfc, 0xf8, 0x34,
    0xf8, 0xfc, 0xf8, 0x30, 0xf8, 0xfc, 0xf8, 0x34, 0xf8, 0xfc, 0xf8, 0x34,
    0xf8, 0xfc, 0xf8, 0x30, 0xf8, 0xfc, 0xf8, 0x34, 0xf8, 0xfc, 0xf8, 0x34,
    0xf8, 0xfc, 0xf8, 0x30, 0xf8, 0xfc, 0xf8, 0x34, 0xf8, 0xfc, 0xf8, 0x34,
    0xf8, 0xfc, 0xf8, 0x34, 0xf8, 0xfc, 0xf8, 0x34, 0xf8, 0xfc, 0xf8, 0x34,
    0xf8, 0xfc, 0xf8, 0x30, 0xf8, 0xfc, 0xf8, 0x34, 0xf8, 0xfc, 0xf8, 0x34,
    0xf8, 0xfc, 0xf8, 0x34, 0xf8, 0xfc, 0xf8, 0x30, 0xf8, 0xfc, 0xf8, 0x34,
    0xf8, 0xfc, 0xf8, 0x34, 0xf8, 0xfc, 0xf8, 0x34, 0xf8, 0xfc, 0xf8, 0x34,
    0xf8, 0xfc, 0xf8, 0x34, 0xf8, 0xfc, 0xf8, 0x34, 0xf8, 0xfc, 0xf8, 0x30,
    0xf8, 0xfc, 0xf8, 0x34, 0xf8, 0xfc, 0xf8, 0x34, 0xf8, 0xfc, 0xf8, 0x34,
    0xf8, 0xfc, 0xf8, 0x30, 0xf8, 0xfc, 0xf8, 0x34, 0xf8, 0xfc, 0xf8, 0x34,
    0xf8, 0xfc, 0xf8, 0x30, 0xf8, 0xfc, 0xf8, 0x34, 0xf8, 0xfc, 0xf8, 0x30,
    0xf8, 0xfc, 0xf8, 0x18, 0xf8, 0xfc, 0xf8, 0x04, 0x00, 0x00, 0x00, 0x00,
    0x00, 0x00, 0x00, 0x00, 0x00, 0x00, 0x00, 0x00, 0x00, 0x00, 0x00, 0x00,
    0x00, 0x00, 0x00, 0x00, 0x00, 0x00, 0x00, 0x00, 0x00, 0x00, 0x00, 0x00,
    0x00, 0x00, 0x00, 0x00, 0x00, 0x00, 0x00, 0x00, 0x00, 0x00, 0x00, 0x00,
    0x00, 0x00, 0x00, 0x00, 0x00, 0x00, 0x00, 0x00, 0x00, 0x00, 0x00, 0x00,
    0x00, 0x00, 0x00, 0x00, 0x00, 0x00, 0x00, 0x00, 0x00, 0x00, 0x00, 0x00,
    0x00, 0x00, 0x00, 0x00, 0x00, 0x00, 0x00, 0x00, 0x00, 0x00, 0x00, 0x00,
    0x00, 0x00, 0x00, 0x00, 0x00, 0x00, 0x00, 0x00, 0x00, 0x00, 0x00, 0x00,
    0x00, 0x00, 0x00, 0x00, 0x00, 0x00, 0x00, 0x00, 0x00, 0x00, 0x00, 0x00,
    0x00, 0x00, 0x00, 0x00, 0x00, 0x00, 0x00, 0x00, 0x00, 0x00, 0x00, 0x00,
    0x00, 0x00, 0x00, 0x00, 0x00, 0x00, 0x00, 0x00, 0x00, 0x00, 0x00, 0x00,
    0x00, 0x00, 0x00, 0x00, 0x00, 0x00, 0x00, 0x00, 0x00, 0x00, 0x00, 0x00,
    0x00, 0x00, 0x00, 0x00, 0x00, 0x00, 0x00, 0x00, 0x00, 0x00, 0x00, 0x00,
    0x00, 0x00, 0x00, 0x00, 0x00, 0x00, 0x00, 0x00, 0x00, 0x00, 0x00, 0x00,
    0x00, 0x00, 0x00, 0x00, 0x00, 0x00, 0x00, 0x00, 0x00, 0x00, 0x00, 0x00,
    0x00, 0x00, 0x00, 0x00, 0x00, 0x00, 0x00, 0x00, 0x00, 0x00, 0x00, 0x00,
    0x00, 0x00, 0x00, 0x00, 0x00, 0x00, 0x00, 0x00, 0x00, 0x00, 0x00, 0x00,
    0x00, 0x00, 0x00, 0x00, 0x00, 0x00, 0x00, 0x00, 0x00, 0x00, 0x00, 0x00,
    0x00, 0x00, 0x00, 0x00, 0x00, 0x00, 0x00, 0x00, 0x00, 0x00, 0x00, 0x00,
    0x00, 0x00, 0x00, 0x00, 0x00, 0x00, 0x00, 0x00, 0x00, 0x00, 0x00, 0x00,
    0x00, 0x00, 0x00, 0x00, 0x00, 0x00, 0x00, 0x00, 0x00, 0x00, 0x00, 0x00,
    0x00, 0x00, 0x00, 0x00, 0x00, 0x00, 0x00, 0x00, 0x00, 0x00, 0x00, 0x00,
    0x00, 0x00, 0x00, 0x00, 0x00, 0x00, 0x00, 0x00, 0x00, 0x00, 0x00, 0x00,
    0x00, 0x00, 0x00, 0x00, 0x00, 0x00, 0x00, 0x00, 0x00, 0x00, 0x00, 0x00,
    0x00, 0x00, 0x00, 0x00, 0x00, 0x00, 0x00, 0x00, 0x00, 0x00, 0x00, 0x00,
    0x00, 0x00, 0x00, 0x00, 0x00, 0x00, 0x00, 0x00, 0x00, 0x00, 0x00, 0x00,
    0xf8, 0xfc, 0xf8, 0x04, 0xf8, 0xfc, 0xf8, 0x20, 0xf8, 0xfc, 0xf8, 0x34,
    0xf8, 0xfc, 0xf8, 0x34, 0xf8, 0xfc, 0xf8, 0x30, 0xf8, 0xfc, 0xf8, 0x34,
    0xf8, 0xfc, 0xf8, 0x34, 0xf8, 0xfc, 0xf8, 0x34, 0xf8, 0xfc, 0xf8, 0x30,
    0xf8, 0xfc, 0xf8, 0x34, 0xf8, 0xfc, 0xf8, 0x34, 0xf8, 0xfc, 0xf8, 0x34,
    0xf8, 0xfc, 0xf8, 0x34, 0xf8, 0xfc, 0xf8, 0x34, 0xf8, 0xfc, 0xf8, 0x34,
    0xf8, 0xfc, 0xf8, 0x30, 0xf8, 0xfc, 0xf8, 0x34, 0xf8, 0xfc, 0xf8, 0x34,
    0xf8, 0xfc, 0xf8, 0x34, 0xf8, 0xfc, 0xf8, 0x30, 0xf8, 0xfc, 0xf8, 0x34,
    0xf8, 0xfc, 0xf8, 0x30, 0xf8, 0xfc, 0xf8, 0x34, 0xf8, 0xfc, 0xf8, 0x34,
    0xf8, 0xfc, 0xf8, 0x34, 0xf8, 0xfc, 0xf8, 0x34, 0xf8, 0xfc, 0xf8, 0x30,
    0xf8, 0xfc, 0xf8, 0x34, 0xf8, 0xfc, 0xf8, 0x34, 0xf8, 0xfc, 0xf8, 0x30,
    0xf8, 0xfc, 0xf8, 0x34, 0xf8, 0xfc, 0xf8, 0x34, 0xf8, 0xfc, 0xf8, 0x34,
    0xf8, 0xfc, 0xf8, 0x34, 0xf8, 0xfc, 0xf8, 0x34, 0xf8, 0xfc, 0xf8, 0x34,
    0xf8, 0xfc, 0xf8, 0x30, 0xf8, 0xfc, 0xf8, 0x34, 0xf8, 0xfc, 0xf8, 0x34,
    0xf8, 0xfc, 0xf8, 0x30, 0xf8, 0xfc, 0xf8, 0x34, 0xf8, 0xfc, 0xf8, 0x34,
    0xf8, 0xfc, 0xf8, 0x30, 0xf8, 0xfc, 0xf8, 0x34, 0xf8, 0xfc, 0xf8, 0x34,
    0xf8, 0xfc, 0xf8, 0x34, 0xf8, 0xfc, 0xf8, 0x34, 0xf8, 0xfc, 0xf8, 0x30,
    0xf8, 0xfc, 0xf8, 0x34, 0xf8, 0xfc, 0xf8, 0x34, 0xf8, 0xfc, 0xf8, 0x30,
    0xf8, 0xfc, 0xf8, 0x34, 0xf8, 0xfc, 0xf8, 0x34, 0xf8, 0xfc, 0xf8, 0x30,
    0xf8, 0xfc, 0xf8, 0x34, 0xf8, 0xfc, 0xf8, 0x34, 0xf8, 0xfc, 0xf8, 0x30,
    0xf8, 0xfc, 0xf8, 0x34, 0xf8, 0xfc, 0xf8, 0x34, 0xf8, 0xfc, 0xf8, 0x30,
    0xf8, 0xfc, 0xf8, 0x34, 0xf8, 0xfc, 0xf8, 0x34, 0xf8, 0xfc, 0xf8, 0x34,
    0xf8, 0xfc, 0xf8, 0x34, 0xf8, 0xfc, 0xf8, 0x34, 0xf8, 0xfc, 0xf8, 0x34,
    0xf8, 0xfc, 0xf8, 0x30, 0xf8, 0xfc, 0xf8, 0x34, 0xf8, 0xfc, 0xf8, 0x34,
    0xf8, 0xfc, 0xf8, 0x30, 0xf8, 0xfc, 0xf8, 0x20, 0xf8, 0xfc, 0xf8, 0x04,
    0x00, 0x00, 0x00, 0x00, 0x00, 0x00, 0x00, 0x00, 0x00, 0x00, 0x00, 0x00,
    0x00, 0x00, 0x00, 0x00, 0x00, 0x00, 0x00, 0x00, 0x00, 0x00, 0x00, 0x00,
    0x00, 0x00, 0x00, 0x00, 0x00, 0x00, 0x00, 0x00, 0x00, 0x00, 0x00, 0x00,
    0x00, 0x00, 0x00, 0x00, 0x00, 0x00, 0x00, 0x00, 0x00, 0x00, 0x00, 0x00,
    0x00, 0x00, 0x00, 0x00, 0x00, 0x00, 0x00, 0x00, 0x00, 0x00, 0x00, 0x00,
    0x00, 0x00, 0x00, 0x00, 0x00, 0x00, 0x00, 0x00, 0x00, 0x00, 0x00, 0x00,
    0x00, 0x00, 0x00, 0x00, 0x00, 0x00, 0x00, 0x00, 0x00, 0x00, 0x00, 0x00,
    0x00, 0x00, 0x00, 0x00, 0x00, 0x00, 0x00, 0x00, 0x00, 0x00, 0x00, 0x00,
    0x00, 0x00, 0x00, 0x00, 0x00, 0x00, 0x00, 0x00, 0x00, 0x00, 0x00, 0x00,
    0x00, 0x00, 0x00, 0x00, 0x00, 0x00, 0x00, 0x00, 0x00, 0x00, 0x00, 0x00,
    0x00, 0x00, 0x00, 0x00, 0x00, 0x00, 0x00, 0x00, 0x00, 0x00, 0x00, 0x00,
    0x00, 0x00, 0x00, 0x00, 0x00, 0x00, 0x00, 0x00, 0x00, 0x00, 0x00, 0x00,
    0x00, 0x00, 0x00, 0x00, 0x00, 0x00, 0x00, 0x00, 0x00, 0x00, 0x00, 0x00,
    0x00, 0x00, 0x00, 0x00, 0x00, 0x00, 0x00, 0x00, 0x00, 0x00, 0x00, 0x00,
    0x00, 0x00, 0x00, 0x00, 0x00, 0x00, 0x00, 0x00, 0x00, 0x00, 0x00, 0x00,
    0x00, 0x00, 0x00, 0x00, 0x00, 0x00, 0x00, 0x00, 0x00, 0x00, 0x00, 0x00,
    0x00, 0x00, 0x00, 0x00, 0x00, 0x00, 0x00, 0x00, 0x00, 0x00, 0x00, 0x00,
    0x00, 0x00, 0x00, 0x00, 0x00, 0x00, 0x00, 0x00, 0x00, 0x00, 0x00, 0x00,
    0x00, 0x00, 0x00, 0x00, 0x00, 0x00, 0x00, 0x00, 0x00, 0x00, 0x00, 0x00,
    0x00, 0x00, 0x00, 0x00, 0x00, 0x00, 0x00, 0x00, 0x00, 0x00, 0x00, 0x00,
    0x00, 0x00, 0x00, 0x00, 0x00, 0x00, 0x00, 0x00, 0x00, 0x00, 0x00, 0x00,
    0x00, 0x00, 0x00, 0x00, 0x00, 0x00, 0x00, 0x00, 0x00, 0x00, 0x00, 0x00,
    0x00, 0x00, 0x00, 0x00, 0x00, 0x00, 0x00, 0x00, 0x00, 0x00, 0x00, 0x00,
    0x00, 0x00, 0x00, 0x00, 0x00, 0x00, 0x00, 0x00, 0x00, 0x00, 0x00, 0x00,
    0x00, 0x00, 0x00, 0x00, 0x00, 0x00, 0x00, 0x00, 0x00, 0x00, 0x00, 0x00,
    0x00, 0x00, 0x00, 0x00, 0x00, 0x00, 0x00, 0x00, 0x00, 0x00, 0x00, 0x00,
    0x00, 0x00, 0x00, 0x00, 0x00, 0x00, 0x00, 0x00, 0xf8, 0xfc, 0xf8, 0x04,
    0xf8, 0xfc, 0xf8, 0x20, 0xf8, 0xfc, 0xf8, 0x34, 0xf8, 0xfc, 0xf8, 0x34,
    0xf8, 0xfc, 0xf8, 0x34, 0xf8, 0xfc, 0xf8, 0x34, 0xf8, 0xfc, 0xf8, 0x34,
    0xf8, 0xfc, 0xf8, 0x34, 0xf8, 0xfc, 0xf8, 0x34, 0xf8, 0xfc, 0xf8, 0x30,
    0xf8, 0xfc, 0xf8, 0x34, 0xf8, 0xfc, 0xf8, 0x34, 0xf8, 0xfc, 0xf8, 0x34,
    0xf8, 0xfc, 0xf8, 0x34, 0xf8, 0xfc, 0xf8, 0x30, 0xf8, 0xfc, 0xf8, 0x34,
    0xf8, 0xfc, 0xf8, 0x34, 0xf8, 0xfc, 0xf8, 0x34, 0xf8, 0xfc, 0xf8, 0x34,
    0xf8, 0xfc, 0xf8, 0x34, 0xf8, 0xfc, 0xf8, 0x30, 0xf8, 0xfc, 0xf8, 0x34,
    0xf8, 0xfc, 0xf8, 0x34, 0xf8, 0xfc, 0xf8, 0x34, 0xf8, 0xfc, 0xf8, 0x34,
    0xf8, 0xfc, 0xf8, 0x34, 0xf8, 0xfc, 0xf8, 0x30, 0xf8, 0xfc, 0xf8, 0x34,
    0xf8, 0xfc, 0xf8, 0x34, 0xf8, 0xfc, 0xf8, 0x30, 0xf8, 0xfc, 0xf8, 0x34,
    0xf8, 0xfc, 0xf8, 0x34, 0xf8, 0xfc, 0xf8, 0x34, 0xf8, 0xfc, 0xf8, 0x34,
    0xf8, 0xfc, 0xf8, 0x34, 0xf8, 0xfc, 0xf8, 0x34, 0xf8, 0xfc, 0xf8, 0x34,
    0xf8, 0xfc, 0xf8, 0x34, 0xf8, 0xfc, 0xf8, 0x34, 0xf8, 0xfc, 0xf8, 0x34,
    0xf8, 0xfc, 0xf8, 0x34, 0xf8, 0xfc, 0xf8, 0x30, 0xf8, 0xfc, 0xf8, 0x34,
    0xf8, 0xfc, 0xf8, 0x34, 0xf8, 0xfc, 0xf8, 0x30, 0xf8, 0xfc, 0xf8, 0x34,
    0xf8, 0xfc, 0xf8, 0x34, 0xf8, 0xfc, 0xf8, 0x30, 0xf8, 0xfc, 0xf8, 0x34,
    0xf8, 0xfc, 0xf8, 0x34, 0xf8, 0xfc, 0xf8, 0x34, 0xf8, 0xfc, 0xf8, 0x30,
    0xf8, 0xfc, 0xf8, 0x34, 0xf8, 0xfc, 0xf8, 0x34, 0xf8, 0xfc, 0xf8, 0x34,
    0xf8, 0xfc, 0xf8, 0x34, 0xf8, 0xfc, 0xf8, 0x30, 0xf8, 0xfc, 0xf8, 0x34,
    0xf8, 0xfc, 0xf8, 0x34, 0xf8, 0xfc, 0xf8, 0x30, 0xf8, 0xfc, 0xf8, 0x34,
    0xf8, 0xfc, 0xf8, 0x30, 0xf8, 0xfc, 0xf8, 0x34, 0xf8, 0xfc, 0xf8, 0x34,
    0xf8, 0xfc, 0xf8, 0x34, 0xf8, 0xfc, 0xf8, 0x34, 0xf8, 0xfc, 0xf8, 0x20,
    0xf8, 0xfc, 0xf8, 0x04, 0x00, 0x00, 0x00, 0x00, 0x00, 0x00, 0x00, 0x00,
    0x00, 0x00, 0x00, 0x00, 0x00, 0x00, 0x00, 0x00, 0x00, 0x00, 0x00, 0x00,
    0x00, 0x00, 0x00, 0x00, 0x00, 0x00, 0x00, 0x00, 0x00, 0x00, 0x00, 0x00,
    0x00, 0x00, 0x00, 0x00, 0x00, 0x00, 0x00, 0x00, 0x00, 0x00, 0x00, 0x00,
    0x00, 0x00, 0x00, 0x00, 0x00, 0x00, 0x00, 0x00, 0x00, 0x00, 0x00, 0x00,
    0x00, 0x00, 0x00, 0x00, 0x00, 0x00, 0x00, 0x00, 0x00, 0x00, 0x00, 0x00,
    0x00, 0x00, 0x00, 0x00, 0x00, 0x00, 0x00, 0x00, 0x00, 0x00, 0x00, 0x00,
    0x00, 0x00, 0x00, 0x00, 0x00, 0x00, 0x00, 0x00, 0x00, 0x00, 0x00, 0x00,
    0x00, 0x00, 0x00, 0x00, 0x00, 0x00, 0x00, 0x00, 0x00, 0x00, 0x00, 0x00,
    0x00, 0x00, 0x00, 0x00, 0x00, 0x00, 0x00, 0x00, 0x00, 0x00, 0x00, 0x00,
    0x00, 0x00, 0x00, 0x00, 0x00, 0x00, 0x00, 0x00, 0x00, 0x00, 0x00, 0x00,
    0x00, 0x00, 0x00, 0x00, 0x00, 0x00, 0x00, 0x00, 0x00, 0x00, 0x00, 0x00,
    0x00, 0x00, 0x00, 0x00, 0x00, 0x00, 0x00, 0x00, 0x00, 0x00, 0x00, 0x00,
    0x00, 0x00, 0x00, 0x00, 0x00, 0x00, 0x00, 0x00, 0x00, 0x00, 0x00, 0x00,
    0x00, 0x00, 0x00, 0x00, 0x00, 0x00, 0x00, 0x00, 0x00, 0x00, 0x00, 0x00,
    0x00, 0x00, 0x00, 0x00, 0x00, 0x00, 0x00, 0x00, 0x00, 0x00, 0x00, 0x00,
    0x00, 0x00, 0x00, 0x00, 0x00, 0x00, 0x00, 0x00, 0x00, 0x00, 0x00, 0x00,
    0x00, 0x00, 0x00, 0x00, 0x00, 0x00, 0x00, 0x00, 0x00, 0x00, 0x00, 0x00,
    0x00, 0x00, 0x00, 0x00, 0x00, 0x00, 0x00, 0x00, 0x00, 0x00, 0x00, 0x00,
    0x00, 0x00, 0x00, 0x00, 0x00, 0x00, 0x00, 0x00, 0x00, 0x00, 0x00, 0x00,
    0x00, 0x00, 0x00, 0x00, 0x00, 0x00, 0x00, 0x00, 0x00, 0x00, 0x00, 0x00,
    0x00, 0x00, 0x00, 0x00, 0x00, 0x00, 0x00, 0x00, 0x00, 0x00, 0x00, 0x00,
    0x00, 0x00, 0x00, 0x00, 0x00, 0x00, 0x00, 0x00, 0x00, 0x00, 0x00, 0x00,
    0x00, 0x00, 0x00, 0x00, 0x00, 0x00, 0x00, 0x00, 0x00, 0x00, 0x00, 0x00,
    0x00, 0x00, 0x00, 0x00, 0x00, 0x00, 0x00, 0x00, 0x00, 0x00, 0x00, 0x00,
    0x00, 0x00, 0x00, 0x00, 0x00, 0x00, 0x00, 0x00, 0x00, 0x00, 0x00, 0x00,
    0x00, 0x00, 0x00, 0x00, 0x00, 0x00, 0x00, 0x00, 0x00, 0x00, 0x00, 0x00,
    0x00, 0x00, 0x00, 0x00, 0x00, 0x00, 0x00, 0x00, 0x00, 0x00, 0x00, 0x00,
    0x00, 0x00, 0x00, 0x00, 0xf8, 0xfc, 0xf8, 0x04, 0xf8, 0xfc, 0xf8, 0x20,
    0xf8, 0xfc, 0xf8, 0x2c, 0xf8, 0xfc, 0xf8, 0x30, 0xf8, 0xfc, 0xf8, 0x34,
    0xf8, 0xfc, 0xf8, 0x34, 0xf8, 0xfc, 0xf8, 0x30, 0xf8, 0xfc, 0xf8, 0x34,
    0xf8, 0xfc, 0xf8, 0x34, 0xf8, 0xfc, 0xf8, 0x30, 0xf8, 0xfc, 0xf8, 0x34,
    0xf8, 0xfc, 0xf8, 0x34, 0xf8, 0xfc, 0xf8, 0x34, 0xf8, 0xfc, 0xf8, 0x30,
    0xf8, 0xfc, 0xf8, 0x34, 0xf8, 0xfc, 0xf8, 0x34, 0xf8, 0xfc, 0xf8, 0x30,
    0xf8, 0xfc, 0xf8, 0x34, 0xf8, 0xfc, 0xf8, 0x34, 0xf8, 0xfc, 0xf8, 0x30,
    0xf8, 0xfc, 0xf8, 0x30, 0xf8, 0xfc, 0xf8, 0x34, 0xf8, 0xfc, 0xf8, 0x34,
    0xf8, 0xfc, 0xf8, 0x30, 0xf8, 0xfc, 0xf8, 0x34, 0xf8, 0xfc, 0xf8, 0x34,
    0xf8, 0xfc, 0xf8, 0x34, 0xf8, 0xfc, 0xf8, 0x30, 0xf8, 0xfc, 0xf8, 0x34,
    0xf8, 0xfc, 0xf8, 0x30, 0xf8, 0xfc, 0xf8, 0x30, 0xf8, 0xfc, 0xf8, 0x34,
    0xf8, 0xfc, 0xf8, 0x30, 0xf8, 0xfc, 0xf8, 0x34, 0xf8, 0xfc, 0xf8, 0x30,
    0xf8, 0xfc, 0xf8, 0x34, 0xf8, 0xfc, 0xf8, 0x30, 0xf8, 0xfc, 0xf8, 0x34,
    0xf8, 0xfc, 0xf8, 0x34, 0xf8, 0xfc, 0xf8, 0x34, 0xf8, 0xfc, 0xf8, 0x30,
    0xf8, 0xfc, 0xf8, 0x34, 0xf8, 0xfc, 0xf8, 0x34, 0xf8, 0xfc, 0xf8, 0x34,
    0xf8, 0xfc, 0xf8, 0x34, 0xf8, 0xfc, 0xf8, 0x34, 0xf8, 0xfc, 0xf8, 0x34,
    0xf8, 0xfc, 0xf8, 0x34, 0xf8, 0xfc, 0xf8, 0x30, 0xf8, 0xfc, 0xf8, 0x34,
    0xf8, 0xfc, 0xf8, 0x34, 0xf8, 0xfc, 0xf8, 0x30, 0xf8, 0xfc, 0xf8, 0x34,
    0xf8, 0xfc, 0xf8, 0x34, 0xf8, 0xfc, 0xf8, 0x34, 0xf8, 0xfc, 0xf8, 0x34,
    0xf8, 0xfc, 0xf8, 0x34, 0xf8, 0xfc, 0xf8, 0x34, 0xf8, 0xfc, 0xf8, 0x30,
    0xf8, 0xfc, 0xf8, 0x34, 0xf8, 0xfc, 0xf8, 0x34, 0xf8, 0xfc, 0xf8, 0x2c,
    0xf8, 0xfc, 0xf8, 0x18, 0xf8, 0xfc, 0xf8, 0x04, 0x00, 0x00, 0x00, 0x00,
    0x00, 0x00, 0x00, 0x00, 0x00, 0x00, 0x00, 0x00, 0x00, 0x00, 0x00, 0x00,
    0x00, 0x00, 0x00, 0x00, 0x00, 0x00, 0x00, 0x00, 0x00, 0x00, 0x00, 0x00,
    0x00, 0x00, 0x00, 0x00, 0x00, 0x00, 0x00, 0x00, 0x00, 0x00, 0x00, 0x00,
    0x00, 0x00, 0x00, 0x00, 0x00, 0x00, 0x00, 0x00, 0x00, 0x00, 0x00, 0x00,
    0x00, 0x00, 0x00, 0x00, 0x00, 0x00, 0x00, 0x00, 0x00, 0x00, 0x00, 0x00,
    0x00, 0x00, 0x00, 0x00, 0x00, 0x00, 0x00, 0x00, 0x00, 0x00, 0x00, 0x00,
    0x00, 0x00, 0x00, 0x00, 0x00, 0x00, 0x00, 0x00, 0x00, 0x00, 0x00, 0x00,
    0x00, 0x00, 0x00, 0x00, 0x00, 0x00, 0x00, 0x00, 0x00, 0x00, 0x00, 0x00,
    0x00, 0x00, 0x00, 0x00, 0x00, 0x00, 0x00, 0x00, 0x00, 0x00, 0x00, 0x00,
    0x00, 0x00, 0x00, 0x00, 0x00, 0x00, 0x00, 0x00, 0x00, 0x00, 0x00, 0x00,
    0x00, 0x00, 0x00, 0x00, 0x00, 0x00, 0x00, 0x00, 0x00, 0x00, 0x00, 0x00,
    0x00, 0x00, 0x00, 0x00, 0x00, 0x00, 0x00, 0x00, 0x00, 0x00, 0x00, 0x00,
    0x00, 0x00, 0x00, 0x00, 0x00, 0x00, 0x00, 0x00, 0x00, 0x00, 0x00, 0x00,
    0x00, 0x00, 0x00, 0x00, 0x00, 0x00, 0x00, 0x00, 0x00, 0x00, 0x00, 0x00,
    0x00, 0x00, 0x00, 0x00, 0x00, 0x00, 0x00, 0x00, 0x00, 0x00, 0x00, 0x00,
    0x00, 0x00, 0x00, 0x00, 0x00, 0x00, 0x00, 0x00, 0x00, 0x00, 0x00, 0x00,
    0x00, 0x00, 0x00, 0x00, 0x00, 0x00, 0x00, 0x00, 0x00, 0x00, 0x00, 0x00,
    0x00, 0x00, 0x00, 0x00, 0x00, 0x00, 0x00, 0x00, 0x00, 0x00, 0x00, 0x00,
    0x00, 0x00, 0x00, 0x00, 0x00, 0x00, 0x00, 0x00, 0x00, 0x00, 0x00, 0x00,
    0x00, 0x00, 0x00, 0x00, 0x00, 0x00, 0x00, 0x00, 0x00, 0x00, 0x00, 0x00,
    0x00, 0x00, 0x00, 0x00, 0x00, 0x00, 0x00, 0x00, 0x00, 0x00, 0x00, 0x00,
    0x00, 0x00, 0x00, 0x00, 0x00, 0x00, 0x00, 0x00, 0x00, 0x00, 0x00, 0x00,
    0x00, 0x00, 0x00, 0x00, 0x00, 0x00, 0x00, 0x00, 0x00, 0x00, 0x00, 0x00,
    0x00, 0x00, 0x00, 0x00, 0x00, 0x00, 0x00, 0x00, 0x00, 0x00, 0x00, 0x00,
    0x00, 0x00, 0x00, 0x00, 0x00, 0x00, 0x00, 0x00, 0x00, 0x00, 0x00, 0x00,
    0x00, 0x00, 0x00, 0x00, 0x00, 0x00, 0x00, 0x00, 0x00, 0x00, 0x00, 0x00,
    0x00, 0x00, 0x00, 0x00, 0x00, 0x00, 0x00, 0x00, 0x00, 0x00, 0x00, 0x00,
    0x00, 0x00, 0x00, 0x00, 0x00, 0x00, 0x00, 0x00, 0x00, 0x00, 0x00, 0x00,
    0x00, 0x00, 0x00, 0x00, 0x00, 0x00, 0x00, 0x00, 0x00, 0x00, 0x00, 0x00,
    0x00, 0x00, 0x00, 0x00, 0xf8, 0xfc, 0xf8, 0x10, 0xf8, 0xfc, 0xf8, 0x28,
    0xf8, 0xfc, 0xf8, 0x34, 0xf8, 0xfc, 0xf8, 0x34, 0xf8, 0xfc, 0xf8, 0x34,
    0xf8, 0xfc, 0xf8, 0x34, 0xf8, 0xfc, 0xf8, 0x30, 0xf8, 0xfc, 0xf8, 0x34,
    0xf8, 0xfc, 0xf8, 0x34, 0xf8, 0xfc, 0xf8, 0x30, 0xf8, 0xfc, 0xf8, 0x34,
    0xf8, 0xfc, 0xf8, 0x34, 0xf8, 0xfc, 0xf8, 0x30, 0xf8, 0xfc, 0xf8, 0x34,
    0xf8, 0xfc, 0xf8, 0x34, 0xf8, 0xfc, 0xf8, 0x34, 0xf8, 0xfc, 0xf8, 0x34,
    0xf8, 0xfc, 0xf8, 0x34, 0xf8, 0xfc, 0xf8, 0x34, 0xf8, 0xfc, 0xf8, 0x30,
    0xf8, 0xfc, 0xf8, 0x34, 0xf8, 0xfc, 0xf8, 0x34, 0xf8, 0xfc, 0xf8, 0x34,
    0xf8, 0xfc, 0xf8, 0x30, 0xf8, 0xfc, 0xf8, 0x34, 0xf8, 0xfc, 0xf8, 0x34,
    0xf8, 0xfc, 0xf8, 0x34, 0xf8, 0xfc, 0xf8, 0x34, 0xf8, 0xfc, 0xf8, 0x34,
    0xf8, 0xfc, 0xf8, 0x34, 0xf8, 0xfc, 0xf8, 0x30, 0xf8, 0xfc, 0xf8, 0x34,
    0xf8, 0xfc, 0xf8, 0x34, 0xf8, 0xfc, 0xf8, 0x34, 0xf8, 0xfc, 0xf8, 0x30,
    0xf8, 0xfc, 0xf8, 0x34, 0xf8, 0xfc, 0xf8, 0x34, 0xf8, 0xfc, 0xf8, 0x34,
    0xf8, 0xfc, 0xf8, 0x30, 0xf8, 0xfc, 0xf8, 0x34, 0xf8, 0xfc, 0xf8, 0x34,
    0xf8, 0xfc, 0xf8, 0x30, 0xf8, 0xfc, 0xf8, 0x34, 0xf8, 0xfc, 0xf8, 0x34,
    0xf8, 0xfc, 0xf8, 0x30, 0xf8, 0xfc, 0xf8, 0x34, 0xf8, 0xfc, 0xf8, 0x34,
    0xf8, 0xfc, 0xf8, 0x34, 0xf8, 0xfc, 0xf8, 0x34, 0xf8, 0xfc, 0xf8, 0x30,
    0xf8, 0xfc, 0xf8, 0x34, 0xf8, 0xfc, 0xf8, 0x30, 0xf8, 0xfc, 0xf8, 0x34,
    0xf8, 0xfc, 0xf8, 0x34, 0xf8, 0xfc, 0xf8, 0x34, 0xf8, 0xfc, 0xf8, 0x34,
    0xf8, 0xfc, 0xf8, 0x24, 0xf8, 0xfc, 0xf8, 0x14, 0xf8, 0xfc, 0xf8, 0x04,
    0x00, 0x00, 0x00, 0x00, 0x00, 0x00, 0x00, 0x00, 0x00, 0x00, 0x00, 0x00,
    0x00, 0x00, 0x00, 0x00, 0x00, 0x00, 0x00, 0x00, 0x00, 0x00, 0x00, 0x00,
    0x00, 0x00, 0x00, 0x00, 0x00, 0x00, 0x00, 0x00, 0x00, 0x00, 0x00, 0x00,
    0x00, 0x00, 0x00, 0x00, 0x00, 0x00, 0x00, 0x00, 0x00, 0x00, 0x00, 0x00,
    0x00, 0x00, 0x00, 0x00, 0x00, 0x00, 0x00, 0x00, 0x00, 0x00, 0x00, 0x00,
    0x00, 0x00, 0x00, 0x00, 0x00, 0x00, 0x00, 0x00, 0x00, 0x00, 0x00, 0x00,
    0x00, 0x00, 0x00, 0x00, 0x00, 0x00, 0x00, 0x00, 0x00, 0x00, 0x00, 0x00,
    0x00, 0x00, 0x00, 0x00, 0x00, 0x00, 0x00, 0x00, 0x00, 0x00, 0x00, 0x00,
    0x00, 0x00, 0x00, 0x00, 0x00, 0x00, 0x00, 0x00, 0x00, 0x00, 0x00, 0x00,
    0x00, 0x00, 0x00, 0x00, 0x00, 0x00, 0x00, 0x00, 0x00, 0x00, 0x00, 0x00,
    0x00, 0x00, 0x00, 0x00, 0x00, 0x00, 0x00, 0x00, 0x00, 0x00, 0x00, 0x00,
    0x00, 0x00, 0x00, 0x00, 0x00, 0x00, 0x00, 0x00, 0x00, 0x00, 0x00, 0x00,
    0x00, 0x00, 0x00, 0x00, 0x00, 0x00, 0x00, 0x00, 0x00, 0x00, 0x00, 0x00,
    0x00, 0x00, 0x00, 0x00, 0x00, 0x00, 0x00, 0x00, 0x00, 0x00, 0x00, 0x00,
    0x00, 0x00, 0x00, 0x00, 0x00, 0x00, 0x00, 0x00, 0x00, 0x00, 0x00, 0x00,
    0x00, 0x00, 0x00, 0x00, 0x00, 0x00, 0x00, 0x00, 0x00, 0x00, 0x00, 0x00,
    0x00, 0x00, 0x00, 0x00, 0x00, 0x00, 0x00, 0x00, 0x00, 0x00, 0x00, 0x00,
    0x00, 0x00, 0x00, 0x00, 0x00, 0x00, 0x00, 0x00, 0x00, 0x00, 0x00, 0x00,
    0x00, 0x00, 0x00, 0x00, 0x00, 0x00, 0x00, 0x00, 0x00, 0x00, 0x00, 0x00,
    0x00, 0x00, 0x00, 0x00, 0x00, 0x00, 0x00, 0x00, 0x00, 0x00, 0x00, 0x00,
    0x00, 0x00, 0x00, 0x00, 0x00, 0x00, 0x00, 0x00, 0x00, 0x00, 0x00, 0x00,
    0x00, 0x00, 0x00, 0x00, 0x00, 0x00, 0x00, 0x00, 0x00, 0x00, 0x00, 0x00,
    0x00, 0x00, 0x00, 0x00, 0x00, 0x00, 0x00, 0x00, 0x00, 0x00, 0x00, 0x00,
    0x00, 0x00, 0x00, 0x00, 0x00, 0x00, 0x00, 0x00, 0x00, 0x00, 0x00, 0x00,
    0x00, 0x00, 0x00, 0x00, 0x00, 0x00, 0x00, 0x00, 0x00, 0x00, 0x00, 0x00,
    0x00, 0x00, 0x00, 0x00, 0x00, 0x00, 0x00, 0x00, 0x00, 0x00, 0x00, 0x00,
    0x00, 0x00, 0x00, 0x00, 0x00, 0x00, 0x00, 0x00, 0x00, 0x00, 0x00, 0x00,
    0x00, 0x00, 0x00, 0x00, 0x00, 0x00, 0x00, 0x00, 0x00, 0x00, 0x00, 0x00,
    0x00, 0x00, 0x00, 0x00, 0x00, 0x00, 0x00, 0x00, 0x00, 0x00, 0x00, 0x00,
    0x00, 0x00, 0x00, 0x00, 0x00, 0x00, 0x00, 0x00, 0x00, 0x00, 0x00, 0x00,
    0x00, 0x00, 0x00, 0x00, 0x00, 0x00, 0x00, 0x00, 0x00, 0x00, 0x00, 0x00,
    0xf8, 0xfc, 0xf8, 0x08, 0xf8, 0xfc, 0xf8, 0x20, 0xf8, 0xfc, 0xf8, 0x2c,
    0xf8, 0xfc, 0xf8, 0x30, 0xf8, 0xfc, 0xf8, 0x34, 0xf8, 0xfc, 0xf8, 0x34,
    0xf8, 0xfc, 0xf8, 0x34, 0xf8, 0xfc, 0xf8, 0x34, 0xf8, 0xfc, 0xf8, 0x34,
    0xf8, 0xfc, 0xf8, 0x34, 0xf8, 0xfc, 0xf8, 0x34, 0xf8, 0xfc, 0xf8, 0x34,
    0xf8, 0xfc, 0xf8, 0x30, 0xf8, 0xfc, 0xf8, 0x34, 0xf8, 0xfc, 0xf8, 0x34,
    0xf8, 0xfc, 0xf8, 0x34, 0xf8, 0xfc, 0xf8, 0x30, 0xf8, 0xfc, 0xf8, 0x34,
    0xf8, 0xfc, 0xf8, 0x34, 0xf8, 0xfc, 0xf8, 0x34, 0xf8, 0xfc, 0xf8, 0x30,
    0xf8, 0xfc, 0xf8, 0x34, 0xf8, 0xfc, 0xf8, 0x34, 0xf8, 0xfc, 0xf8, 0x34,
    0xf8, 0xfc, 0xf8, 0x34, 0xf8, 0xfc, 0xf8, 0x34, 0xf8, 0xfc, 0xf8, 0x34,
    0xf8, 0xfc, 0xf8, 0x34, 0xf8, 0xfc, 0xf8, 0x34, 0xf8, 0xfc, 0xf8, 0x34,
    0xf8, 0xfc, 0xf8, 0x34, 0xf8, 0xfc, 0xf8, 0x34, 0xf8, 0xfc, 0xf8, 0x34,
    0xf8, 0xfc, 0xf8, 0x30, 0xf8, 0xfc, 0xf8, 0x34, 0xf8, 0xfc, 0xf8, 0x34,
    0xf8, 0xfc, 0xf8, 0x34, 0xf8, 0xfc, 0xf8, 0x30, 0xf8, 0xfc, 0xf8, 0x34,
    0xf8, 0xfc, 0xf8, 0x34, 0xf8, 0xfc, 0xf8, 0x30, 0xf8, 0xfc, 0xf8, 0x34,
    0xf8, 0xfc, 0xf8, 0x34, 0xf8, 0xfc, 0xf8, 0x34, 0xf8, 0xfc, 0xf8, 0x30,
    0xf8, 0xfc, 0xf8, 0x34, 0xf8, 0xfc, 0xf8, 0x34, 0xf8, 0xfc, 0xf8, 0x34,
    0xf8, 0xfc, 0xf8, 0x34, 0xf8, 0xfc, 0xf8, 0x30, 0xf8, 0xfc, 0xf8, 0x34,
    0xf8, 0xfc, 0xf8, 0x2c, 0xf8, 0xfc, 0xf8, 0x1c, 0xf8, 0xfc, 0xf8, 0x0c,
    0x00, 0x00, 0x00, 0x00, 0x00, 0x00, 0x00, 0x00, 0x00, 0x00, 0x00, 0x00,
    0x00, 0x00, 0x00, 0x00, 0x00, 0x00, 0x00, 0x00, 0x00, 0x00, 0x00, 0x00,
    0x00, 0x00, 0x00, 0x00, 0x00, 0x00, 0x00, 0x00, 0x00, 0x00, 0x00, 0x00,
    0x00, 0x00, 0x00, 0x00, 0x00, 0x00, 0x00, 0x00, 0x00, 0x00, 0x00, 0x00,
    0x00, 0x00, 0x00, 0x00, 0x00, 0x00, 0x00, 0x00, 0x00, 0x00, 0x00, 0x00,
    0x00, 0x00, 0x00, 0x00, 0x00, 0x00, 0x00, 0x00, 0x00, 0x00, 0x00, 0x00,
    0x00, 0x00, 0x00, 0x00, 0x00, 0x00, 0x00, 0x00, 0x00, 0x00, 0x00, 0x00,
    0x00, 0x00, 0x00, 0x00, 0x00, 0x00, 0x00, 0x00, 0x00, 0x00, 0x00, 0x00,
    0x00, 0x00, 0x00, 0x00, 0x00, 0x00, 0x00, 0x00, 0x00, 0x00, 0x00, 0x00,
    0x00, 0x00, 0x00, 0x00, 0x00, 0x00, 0x00, 0x00, 0x00, 0x00, 0x00, 0x00,
    0x00, 0x00, 0x00, 0x00, 0x00, 0x00, 0x00, 0x00, 0x00, 0x00, 0x00, 0x00,
    0x00, 0x00, 0x00, 0x00, 0x00, 0x00, 0x00, 0x00, 0x00, 0x00, 0x00, 0x00,
    0x00, 0x00, 0x00, 0x00, 0x00, 0x00, 0x00, 0x00, 0x00, 0x00, 0x00, 0x00,
    0x00, 0x00, 0x00, 0x00, 0x00, 0x00, 0x00, 0x00, 0x00, 0x00, 0x00, 0x00,
    0x00, 0x00, 0x00, 0x00, 0x00, 0x00, 0x00, 0x00, 0x00, 0x00, 0x00, 0x00,
    0x00, 0x00, 0x00, 0x00, 0x00, 0x00, 0x00, 0x00, 0x00, 0x00, 0x00, 0x00,
    0x00, 0x00, 0x00, 0x00, 0x00, 0x00, 0x00, 0x00, 0x00, 0x00, 0x00, 0x00,
    0x00, 0x00, 0x00, 0x00, 0x00, 0x00, 0x00, 0x00, 0x00, 0x00, 0x00, 0x00,
    0x00, 0x00, 0x00, 0x00, 0x00, 0x00, 0x00, 0x00, 0x00, 0x00, 0x00, 0x00,
    0x00, 0x00, 0x00, 0x00, 0x00, 0x00, 0x00, 0x00, 0x00, 0x00, 0x00, 0x00,
    0x00, 0x00, 0x00, 0x00, 0x00, 0x00, 0x00, 0x00, 0x00, 0x00, 0x00, 0x00,
    0x00, 0x00, 0x00, 0x00, 0x00, 0x00, 0x00, 0x00, 0x00, 0x00, 0x00, 0x00,
    0x00, 0x00, 0x00, 0x00, 0x00, 0x00, 0x00, 0x00, 0x00, 0x00, 0x00, 0x00,
    0x00, 0x00, 0x00, 0x00, 0x00, 0x00, 0x00, 0x00, 0x00, 0x00, 0x00, 0x00,
    0x00, 0x00, 0x00, 0x00, 0x00, 0x00, 0x00, 0x00, 0x00, 0x00, 0x00, 0x00,
    0x00, 0x00, 0x00, 0x00, 0x00, 0x00, 0x00, 0x00, 0x00, 0x00, 0x00, 0x00,
    0x00, 0x00, 0x00, 0x00, 0x00, 0x00, 0x00, 0x00, 0x00, 0x00, 0x00, 0x00,
    0x00, 0x00, 0x00, 0x00, 0x00, 0x00, 0x00, 0x00, 0x00, 0x00, 0x00, 0x00,
    0x00, 0x00, 0x00, 0x00, 0x00, 0x00, 0x00, 0x00, 0x00, 0x00, 0x00, 0x00,
    0x00, 0x00, 0x00, 0x00, 0x00, 0x00, 0x00, 0x00, 0x00, 0x00, 0x00, 0x00,
    0x00, 0x00, 0x00, 0x00, 0x00, 0x00, 0x00, 0x00, 0x00, 0x00, 0x00, 0x00,
    0x00, 0x00, 0x00, 0x00, 0x00, 0x00, 0x00, 0x00, 0x00, 0x00, 0x00, 0x00,
    0x00, 0x00, 0x00, 0x00, 0x00, 0x00, 0x00, 0x00, 0x00, 0x00, 0x00, 0x00,
    0xf8, 0xfc, 0xf8, 0x0c, 0xf8, 0xfc, 0xf8, 0x20, 0xf8, 0xfc, 0xf8, 0x2c,
    0xf8, 0xfc, 0xf8, 0x30, 0xf8, 0xfc, 0xf8, 0x34, 0xf8, 0xfc, 0xf8, 0x30,
    0xf8, 0xfc, 0xf8, 0x34, 0xf8, 0xfc, 0xf8, 0x34, 0xf8, 0xfc, 0xf8, 0x30,
    0xf8, 0xfc, 0xf8, 0x34, 0xf8, 0xfc, 0xf8, 0x30, 0xf8, 0xfc, 0xf8, 0x34,
    0xf8, 0xfc, 0xf8, 0x34, 0xf8, 0xfc, 0xf8, 0x34, 0xf8, 0xfc, 0xf8, 0x34,
    0xf8, 0xfc, 0xf8, 0x30, 0xf8, 0xfc, 0xf8, 0x34, 0xf8, 0xfc, 0xf8, 0x34,
    0xf8, 0xfc, 0xf8, 0x34, 0xf8, 0xfc, 0xf8, 0x30, 0xf8, 0xfc, 0xf8, 0x34,
    0xf8, 0xfc, 0xf8, 0x30, 0xf8, 0xfc, 0xf8, 0x30, 0xf8, 0xfc, 0xf8, 0x34,
    0xf8, 0xfc, 0xf8, 0x30, 0xf8, 0xfc, 0xf8, 0x34, 0xf8, 0xfc, 0xf8, 0x30,
    0xf8, 0xfc, 0xf8, 0x30, 0xf8, 0xfc, 0xf8, 0x34, 0xf8, 0xfc, 0xf8, 0x34,
    0xf8, 0xfc, 0xf8, 0x34, 0xf8, 0xfc, 0xf8, 0x30, 0xf8, 0xfc, 0xf8, 0x34,
    0xf8, 0xfc, 0xf8, 0x34, 0xf8, 0xfc, 0xf8, 0x34, 0xf8, 0xfc, 0xf8, 0x34,
    0xf8, 0xfc, 0xf8, 0x34, 0xf8, 0xfc, 0xf8, 0x30, 0xf8, 0xfc, 0xf8, 0x34,
    0xf8, 0xfc, 0xf8, 0x34, 0xf8, 0xfc, 0xf8, 0x30, 0xf8, 0xfc, 0xf8, 0x34,
    0xf8, 0xfc, 0xf8, 0x34, 0xf8, 0xfc, 0xf8, 0x30, 0xf8, 0xfc, 0xf8, 0x34,
    0xf8, 0xfc, 0xf8, 0x2c, 0xf8, 0xfc, 0xf8, 0x1c, 0xf8, 0xfc, 0xf8, 0x0c,
    0x00, 0x00, 0x00, 0x00, 0x00, 0x00, 0x00, 0x00, 0x00, 0x00, 0x00, 0x00,
    0x00, 0x00, 0x00, 0x00, 0x00, 0x00, 0x00, 0x00, 0x00, 0x00, 0x00, 0x00,
    0x00, 0x00, 0x00, 0x00, 0x00, 0x00, 0x00, 0x00, 0x00, 0x00, 0x00, 0x00,
    0x00, 0x00, 0x00, 0x00, 0x00, 0x00, 0x00, 0x00, 0x00, 0x00, 0x00, 0x00,
    0x00, 0x00, 0x00, 0x00, 0x00, 0x00, 0x00, 0x00, 0x00, 0x00, 0x00, 0x00,
    0x00, 0x00, 0x00, 0x00, 0x00, 0x00, 0x00, 0x00, 0x00, 0x00, 0x00, 0x00,
    0x00, 0x00, 0x00, 0x00, 0x00, 0x00, 0x00, 0x00, 0x00, 0x00, 0x00, 0x00,
    0x00, 0x00, 0x00, 0x00, 0x00, 0x00, 0x00, 0x00, 0x00, 0x00, 0x00, 0x00,
    0x00, 0x00, 0x00, 0x00, 0x00, 0x00, 0x00, 0x00, 0x00, 0x00, 0x00, 0x00,
    0x00, 0x00, 0x00, 0x00, 0x00, 0x00, 0x00, 0x00, 0x00, 0x00, 0x00, 0x00,
    0x00, 0x00, 0x00, 0x00, 0x00, 0x00, 0x00, 0x00, 0x00, 0x00, 0x00, 0x00,
    0x00, 0x00, 0x00, 0x00, 0x00, 0x00, 0x00, 0x00, 0x00, 0x00, 0x00, 0x00,
    0x00, 0x00, 0x00, 0x00, 0x00, 0x00, 0x00, 0x00, 0x00, 0x00, 0x00, 0x00,
    0x00, 0x00, 0x00, 0x00, 0x00, 0x00, 0x00, 0x00, 0x00, 0x00, 0x00, 0x00,
    0x00, 0x00, 0x00, 0x00, 0x00, 0x00, 0x00, 0x00, 0x00, 0x00, 0x00, 0x00,
    0x00, 0x00, 0x00, 0x00, 0x00, 0x00, 0x00, 0x00, 0x00, 0x00, 0x00, 0x00,
    0x00, 0x00, 0x00, 0x00, 0x00, 0x00, 0x00, 0x00, 0x00, 0x00, 0x00, 0x00,
    0x00, 0x00, 0x00, 0x00, 0x00, 0x00, 0x00, 0x00, 0x00, 0x00, 0x00, 0x00,
    0x00, 0x00, 0x00, 0x00, 0x00, 0x00, 0x00, 0x00, 0x00, 0x00, 0x00, 0x00,
    0x00, 0x00, 0x00, 0x00, 0x00, 0x00, 0x00, 0x00, 0x00, 0x00, 0x00, 0x00,
    0x00, 0x00, 0x00, 0x00, 0x00, 0x00, 0x00, 0x00, 0x00, 0x00, 0x00, 0x00,
    0x00, 0x00, 0x00, 0x00, 0x00, 0x00, 0x00, 0x00, 0x00, 0x00, 0x00, 0x00,
    0x00, 0x00, 0x00, 0x00, 0x00, 0x00, 0x00, 0x00, 0x00, 0x00, 0x00, 0x00,
    0x00, 0x00, 0x00, 0x00, 0x00, 0x00, 0x00, 0x00, 0x00, 0x00, 0x00, 0x00,
    0x00, 0x00, 0x00, 0x00, 0x00, 0x00, 0x00, 0x00, 0x00, 0x00, 0x00, 0x00,
    0x00, 0x00, 0x00, 0x00, 0x00, 0x00, 0x00, 0x00, 0x00, 0x00, 0x00, 0x00,
    0x00, 0x00, 0x00, 0x00, 0x00, 0x00, 0x00, 0x00, 0x00, 0x00, 0x00, 0x00,
    0x00, 0x00, 0x00, 0x00, 0x00, 0x00, 0x00, 0x00, 0x00, 0x00, 0x00, 0x00,
    0x00, 0x00, 0x00, 0x00, 0x00, 0x00, 0x00, 0x00, 0x00, 0x00, 0x00, 0x00,
    0x00, 0x00, 0x00, 0x00, 0x00, 0x00, 0x00, 0x00, 0x00, 0x00, 0x00, 0x00,
    0x00, 0x00, 0x00, 0x00, 0x00, 0x00, 0x00, 0x00, 0x00, 0x00, 0x00, 0x00,
    0x00, 0x00, 0x00, 0x00, 0x00, 0x00, 0x00, 0x00, 0x00, 0x00, 0x00, 0x00,
    0x00, 0x00, 0x00, 0x00, 0x00, 0x00, 0x00, 0x00, 0x00, 0x00, 0x00, 0x00,
    0x00, 0x00, 0x00, 0x00, 0x00, 0x00, 0x00, 0x00, 0x00, 0x00, 0x00, 0x00,
    0x00, 0x00, 0x00, 0x00, 0x00, 0x00, 0x00, 0x00, 0x00, 0x00, 0x00, 0x00,
    0xf8, 0xfc, 0xf8, 0x08, 0xf8, 0xfc, 0xf8, 0x14, 0xf8, 0xfc, 0xf8, 0x24,
    0xf8, 0xfc, 0xf8, 0x30, 0xf8, 0xfc, 0xf8, 0x30, 0xf8, 0xfc, 0xf8, 0x34,
    0xf8, 0xfc, 0xf8, 0x34, 0xf8, 0xfc, 0xf8, 0x34, 0xf8, 0xfc, 0xf8, 0x30,
    0xf8, 0xfc, 0xf8, 0x34, 0xf8, 0xfc, 0xf8, 0x34, 0xf8, 0xfc, 0xf8, 0x30,
    0xf8, 0xfc, 0xf8, 0x34, 0xf8, 0xfc, 0xf8, 0x34, 0xf8, 0xfc, 0xf8, 0x34,
    0xf8, 0xfc, 0xf8, 0x30, 0xf8, 0xfc, 0xf8, 0x34, 0xf8, 0xfc, 0xf8, 0x34,
    0xf8, 0xfc, 0xf8, 0x34, 0xf8, 0xfc, 0xf8, 0x34, 0xf8, 0xfc, 0xf8, 0x34,
    0xf8, 0xfc, 0xf8, 0x34, 0xf8, 0xfc, 0xf8, 0x34, 0xf8, 0xfc, 0xf8, 0x34,
    0xf8, 0xfc, 0xf8, 0x34, 0xf8, 0xfc, 0xf8, 0x30, 0xf8, 0xfc, 0xf8, 0x34,
    0xf8, 0xfc, 0xf8, 0x34, 0xf8, 0xfc, 0xf8, 0x34, 0xf8, 0xfc, 0xf8, 0x30,
    0xf8, 0xfc, 0xf8, 0x34, 0xf8, 0xfc, 0xf8, 0x34, 0xf8, 0xfc, 0xf8, 0x30,
    0xf8, 0xfc, 0xf8, 0x34, 0xf8, 0xfc, 0xf8, 0x34, 0xf8, 0xfc, 0xf8, 0x34,
    0xf8, 0xfc, 0xf8, 0x34, 0xf8, 0xfc, 0xf8, 0x34, 0xf8, 0xfc, 0xf8, 0x30,
    0xf8, 0xfc, 0xf8, 0x24, 0xf8, 0xfc, 0xf8, 0x14, 0xf8, 0xfc, 0xf8, 0x04,
    0x00, 0x00, 0x00, 0x00, 0x00, 0x00, 0x00, 0x00, 0x00, 0x00, 0x00, 0x00,
    0x00, 0x00, 0x00, 0x00, 0x00, 0x00, 0x00, 0x00, 0x00, 0x00, 0x00, 0x00,
    0x00, 0x00, 0x00, 0x00, 0x00, 0x00, 0x00, 0x00, 0x00, 0x00, 0x00, 0x00,
    0x00, 0x00, 0x00, 0x00, 0x00, 0x00, 0x00, 0x00, 0x00, 0x00, 0x00, 0x00,
    0x00, 0x00, 0x00, 0x00, 0x00, 0x00, 0x00, 0x00, 0x00, 0x00, 0x00, 0x00,
    0x00, 0x00, 0x00, 0x00, 0x00, 0x00, 0x00, 0x00, 0x00, 0x00, 0x00, 0x00,
    0x00, 0x00, 0x00, 0x00, 0x00, 0x00, 0x00, 0x00, 0x00, 0x00, 0x00, 0x00,
    0x00, 0x00, 0x00, 0x00, 0x00, 0x00, 0x00, 0x00, 0x00, 0x00, 0x00, 0x00,
    0x00, 0x00, 0x00, 0x00, 0x00, 0x00, 0x00, 0x00, 0x00, 0x00, 0x00, 0x00,
    0x00, 0x00, 0x00, 0x00, 0x00, 0x00, 0x00, 0x00, 0x00, 0x00, 0x00, 0x00,
    0x00, 0x00, 0x00, 0x00, 0x00, 0x00, 0x00, 0x00, 0x00, 0x00, 0x00, 0x00,
    0x00, 0x00, 0x00, 0x00, 0x00, 0x00, 0x00, 0x00, 0x00, 0x00, 0x00, 0x00,
    0x00, 0x00, 0x00, 0x00, 0x00, 0x00, 0x00, 0x00, 0x00, 0x00, 0x00, 0x00,
    0x00, 0x00, 0x00, 0x00, 0x00, 0x00, 0x00, 0x00, 0x00, 0x00, 0x00, 0x00,
    0x00, 0x00, 0x00, 0x00, 0x00, 0x00, 0x00, 0x00, 0x00, 0x00, 0x00, 0x00,
    0x00, 0x00, 0x00, 0x00, 0x00, 0x00, 0x00, 0x00, 0x00, 0x00, 0x00, 0x00,
    0x00, 0x00, 0x00, 0x00, 0x00, 0x00, 0x00, 0x00, 0x00, 0x00, 0x00, 0x00,
    0x00, 0x00, 0x00, 0x00, 0x00, 0x00, 0x00, 0x00, 0x00, 0x00, 0x00, 0x00,
    0x00, 0x00, 0x00, 0x00, 0x00, 0x00, 0x00, 0x00, 0x00, 0x00, 0x00, 0x00,
    0x00, 0x00, 0x00, 0x00, 0x00, 0x00, 0x00, 0x00, 0x00, 0x00, 0x00, 0x00,
    0x00, 0x00, 0x00, 0x00, 0x00, 0x00, 0x00, 0x00, 0x00, 0x00, 0x00, 0x00,
    0x00, 0x00, 0x00, 0x00, 0x00, 0x00, 0x00, 0x00, 0x00, 0x00, 0x00, 0x00,
    0x00, 0x00, 0x00, 0x00, 0x00, 0x00, 0x00, 0x00, 0x00, 0x00, 0x00, 0x00,
    0x00, 0x00, 0x00, 0x00, 0x00, 0x00, 0x00, 0x00, 0x00, 0x00, 0x00, 0x00,
    0x00, 0x00, 0x00, 0x00, 0x00, 0x00, 0x00, 0x00, 0x00, 0x00, 0x00, 0x00,
    0x00, 0x00, 0x00, 0x00, 0x00, 0x00, 0x00, 0x00, 0x00, 0x00, 0x00, 0x00,
    0x00, 0x00, 0x00, 0x00, 0x00, 0x00, 0x00, 0x00, 0x00, 0x00, 0x00, 0x00,
    0x00, 0x00, 0x00, 0x00, 0x00, 0x00, 0x00, 0x00, 0x00, 0x00, 0x00, 0x00,
    0x00, 0x00, 0x00, 0x00, 0x00, 0x00, 0x00, 0x00, 0x00, 0x00, 0x00, 0x00,
    0x00, 0x00, 0x00, 0x00, 0x00, 0x00, 0x00, 0x00, 0x00, 0x00, 0x00, 0x00,
    0x00, 0x00, 0x00, 0x00, 0x00, 0x00, 0x00, 0x00, 0x00, 0x00, 0x00, 0x00,
    0x00, 0x00, 0x00, 0x00, 0x00, 0x00, 0x00, 0x00, 0x00, 0x00, 0x00, 0x00,
    0x00, 0x00, 0x00, 0x00, 0x00, 0x00, 0x00, 0x00, 0x00, 0x00, 0x00, 0x00,
    0x00, 0x00, 0x00, 0x00, 0x00, 0x00, 0x00, 0x00, 0x00, 0x00, 0x00, 0x00,
    0x00, 0x00, 0x00, 0x00, 0x00, 0x00, 0x00, 0x00, 0x00, 0x00, 0x00, 0x00,
    0x00, 0x00, 0x00, 0x00, 0x00, 0x00, 0x00, 0x00, 0x00, 0x00, 0x00, 0x00,
    0x00, 0x00, 0x00, 0x00, 0x00, 0x00, 0x00, 0x00, 0x00, 0x00, 0x00, 0x00,
    0x00, 0x00, 0x00, 0x00, 0xf8, 0xfc, 0xf8, 0x08, 0xf8, 0xfc, 0xf8, 0x14,
    0xf8, 0xfc, 0xf8, 0x1c, 0xf8, 0xfc, 0xf8, 0x24, 0xf8, 0xfc, 0xf8, 0x30,
    0xf8, 0xfc, 0xf8, 0x34, 0xf8, 0xfc, 0xf8, 0x30, 0xf8, 0xfc, 0xf8, 0x34,
    0xf8, 0xfc, 0xf8, 0x34, 0xf8, 0xfc, 0xf8, 0x34, 0xf8, 0xfc, 0xf8, 0x30,
    0xf8, 0xfc, 0xf8, 0x34, 0xf8, 0xfc, 0xf8, 0x34, 0xf8, 0xfc, 0xf8, 0x34,
    0xf8, 0xfc, 0xf8, 0x34, 0xf8, 0xfc, 0xf8, 0x30, 0xf8, 0xfc, 0xf8, 0x34,
    0xf8, 0xfc, 0xf8, 0x34, 0xf8, 0xfc, 0xf8, 0x30, 0xf8, 0xfc, 0xf8, 0x34,
    0xf8, 0xfc, 0xf8, 0x34, 0xf8, 0xfc, 0xf8, 0x34, 0xf8, 0xfc, 0xf8, 0x30,
    0xf8, 0xfc, 0xf8, 0x34, 0xf8, 0xfc, 0xf8, 0x34, 0xf8, 0xfc, 0xf8, 0x34,
    0xf8, 0xfc, 0xf8, 0x30, 0xf8, 0xfc, 0xf8, 0x34, 0xf8, 0xfc, 0xf8, 0x34,
    0xf8, 0xfc, 0xf8, 0x2c, 0xf8, 0xfc, 0xf8, 0x28, 0xf8, 0xfc, 0xf8, 0x20,
    0xf8, 0xfc, 0xf8, 0x10, 0xf8, 0xfc, 0xf8, 0x08, 0x00, 0x00, 0x00, 0x00,
    0x00, 0x00, 0x00, 0x00, 0x00, 0x00, 0x00, 0x00, 0x00, 0x00, 0x00, 0x00,
    0x00, 0x00, 0x00, 0x00, 0x00, 0x00, 0x00, 0x00, 0x00, 0x00, 0x00, 0x00,
    0x00, 0x00, 0x00, 0x00, 0x00, 0x00, 0x00, 0x00, 0x00, 0x00, 0x00, 0x00,
    0x00, 0x00, 0x00, 0x00, 0x00, 0x00, 0x00, 0x00, 0x00, 0x00, 0x00, 0x00,
    0x00, 0x00, 0x00, 0x00, 0x00, 0x00, 0x00, 0x00, 0x00, 0x00, 0x00, 0x00,
    0x00, 0x00, 0x00, 0x00, 0x00, 0x00, 0x00, 0x00, 0x00, 0x00, 0x00, 0x00,
    0x00, 0x00, 0x00, 0x00, 0x00, 0x00, 0x00, 0x00, 0x00, 0x00, 0x00, 0x00,
    0x00, 0x00, 0x00, 0x00, 0x00, 0x00, 0x00, 0x00, 0x00, 0x00, 0x00, 0x00,
    0x00, 0x00, 0x00, 0x00, 0x00, 0x00, 0x00, 0x00, 0x00, 0x00, 0x00, 0x00,
    0x00, 0x00, 0x00, 0x00, 0x00, 0x00, 0x00, 0x00, 0x00, 0x00, 0x00, 0x00,
    0x00, 0x00, 0x00, 0x00, 0x00, 0x00, 0x00, 0x00, 0x00, 0x00, 0x00, 0x00,
    0x00, 0x00, 0x00, 0x00, 0x00, 0x00, 0x00, 0x00, 0x00, 0x00, 0x00, 0x00,
    0x00, 0x00, 0x00, 0x00, 0x00, 0x00, 0x00, 0x00, 0x00, 0x00, 0x00, 0x00,
    0x00, 0x00, 0x00, 0x00, 0x00, 0x00, 0x00, 0x00, 0x00, 0x00, 0x00, 0x00,
    0x00, 0x00, 0x00, 0x00, 0x00, 0x00, 0x00, 0x00, 0x00, 0x00, 0x00, 0x00,
    0x00, 0x00, 0x00, 0x00, 0x00, 0x00, 0x00, 0x00, 0x00, 0x00, 0x00, 0x00,
    0x00, 0x00, 0x00, 0x00, 0x00, 0x00, 0x00, 0x00, 0x00, 0x00, 0x00, 0x00,
    0x00, 0x00, 0x00, 0x00, 0x00, 0x00, 0x00, 0x00, 0x00, 0x00, 0x00, 0x00,
    0x00, 0x00, 0x00, 0x00, 0x00, 0x00, 0x00, 0x00, 0x00, 0x00, 0x00, 0x00,
    0x00, 0x00, 0x00, 0x00, 0x00, 0x00, 0x00, 0x00, 0x00, 0x00, 0x00, 0x00,
    0x00, 0x00, 0x00, 0x00, 0x00, 0x00, 0x00, 0x00, 0x00, 0x00, 0x00, 0x00,
    0x00, 0x00, 0x00, 0x00, 0x00, 0x00, 0x00, 0x00, 0x00, 0x00, 0x00, 0x00,
    0x00, 0x00, 0x00, 0x00, 0x00, 0x00, 0x00, 0x00, 0x00, 0x00, 0x00, 0x00,
    0x00, 0x00, 0x00, 0x00, 0x00, 0x00, 0x00, 0x00, 0x00, 0x00, 0x00, 0x00,
    0x00, 0x00, 0x00, 0x00, 0x00, 0x00, 0x00, 0x00, 0x00, 0x00, 0x00, 0x00,
    0x00, 0x00, 0x00, 0x00, 0x00, 0x00, 0x00, 0x00, 0x00, 0x00, 0x00, 0x00,
    0x00, 0x00, 0x00, 0x00, 0x00, 0x00, 0x00, 0x00, 0x00, 0x00, 0x00, 0x00,
    0x00, 0x00, 0x00, 0x00, 0x00, 0x00, 0x00, 0x00, 0x00, 0x00, 0x00, 0x00,
    0x00, 0x00, 0x00, 0x00, 0x00, 0x00, 0x00, 0x00, 0x00, 0x00, 0x00, 0x00,
    0x00, 0x00, 0x00, 0x00, 0x00, 0x00, 0x00, 0x00, 0x00, 0x00, 0x00, 0x00,
    0x00, 0x00, 0x00, 0x00, 0x00, 0x00, 0x00, 0x00, 0x00, 0x00, 0x00, 0x00,
    0x00, 0x00, 0x00, 0x00, 0x00, 0x00, 0x00, 0x00, 0x00, 0x00, 0x00, 0x00,
    0x00, 0x00, 0x00, 0x00, 0x00, 0x00, 0x00, 0x00, 0x00, 0x00, 0x00, 0x00,
    0x00, 0x00, 0x00, 0x00, 0x00, 0x00, 0x00, 0x00, 0x00, 0x00, 0x00, 0x00,
    0x00, 0x00, 0x00, 0x00, 0x00, 0x00, 0x00, 0x00, 0x00, 0x00, 0x00, 0x00,
    0x00, 0x00, 0x00, 0x00, 0x00, 0x00, 0x00, 0x00, 0x00, 0x00, 0x00, 0x00,
    0x00, 0x00, 0x00, 0x00, 0x00, 0x00, 0x00, 0x00, 0x00, 0x00, 0x00, 0x00,
    0x00, 0x00, 0x00, 0x00, 0x00, 0x00, 0x00, 0x00, 0x00, 0x00, 0x00, 0x00,
    0x00, 0x00, 0x00, 0x00, 0x00, 0x00, 0x00, 0x00, 0x00, 0x00, 0x00, 0x00,
    0x00, 0x00, 0x00, 0x00, 0x00, 0x00, 0x00, 0x00, 0x00, 0x00, 0x00, 0x00,
    0xf8, 0xfc, 0xf8, 0x08, 0xf8, 0xfc, 0xf8, 0x0c, 0xf8, 0xfc, 0xf8, 0x14,
    0xf8, 0xfc, 0xf8, 0x18, 0xf8, 0xfc, 0xf8, 0x20, 0xf8, 0xfc, 0xf8, 0x24,
    0xf8, 0xfc, 0xf8, 0x24, 0xf8, 0xfc, 0xf8, 0x2c, 0xf8, 0xfc, 0xf8, 0x2c,
    0xf8, 0xfc, 0xf8, 0x30, 0xf8, 0xfc, 0xf8, 0x34, 0xf8, 0xfc, 0xf8, 0x34,
    0xf8, 0xfc, 0xf8, 0x30, 0xf8, 0xfc, 0xf8, 0x34, 0xf8, 0xfc, 0xf8, 0x34,
    0xf8, 0xfc, 0xf8, 0x2c, 0xf8, 0xfc, 0xf8, 0x2c, 0xf8, 0xfc, 0xf8, 0x28,
    0xf8, 0xfc, 0xf8, 0x24, 0xf8, 0xfc, 0xf8, 0x20, 0xf8, 0xfc, 0xf8, 0x18,
    0xf8, 0xfc, 0xf8, 0x10, 0xf8, 0xfc, 0xf8, 0x10, 0xf8, 0xfc, 0xf8, 0x04,
    0x00, 0x00, 0x00, 0x00, 0x00, 0x00, 0x00, 0x00, 0x00, 0x00, 0x00, 0x00,
    0x00, 0x00, 0x00, 0x00, 0x00, 0x00, 0x00, 0x00, 0x00, 0x00, 0x00, 0x00,
    0x00, 0x00, 0x00, 0x00, 0x00, 0x00, 0x00, 0x00, 0x00, 0x00, 0x00, 0x00,
    0x00, 0x00, 0x00, 0x00, 0x00, 0x00, 0x00, 0x00, 0x00, 0x00, 0x00, 0x00,
    0x00, 0x00, 0x00, 0x00, 0x00, 0x00, 0x00, 0x00, 0x00, 0x00, 0x00, 0x00,
    0x00, 0x00, 0x00, 0x00, 0x00, 0x00, 0x00, 0x00, 0x00, 0x00, 0x00, 0x00,
    0x00, 0x00, 0x00, 0x00, 0x00, 0x00, 0x00, 0x00, 0x00, 0x00, 0x00, 0x00,
    0x00, 0x00, 0x00, 0x00, 0x00, 0x00, 0x00, 0x00, 0x00, 0x00, 0x00, 0x00,
    0x00, 0x00, 0x00, 0x00, 0x00, 0x00, 0x00, 0x00, 0x00, 0x00, 0x00, 0x00,
    0x00, 0x00, 0x00, 0x00, 0x00, 0x00, 0x00, 0x00, 0x00, 0x00, 0x00, 0x00,
    0x00, 0x00, 0x00, 0x00, 0x00, 0x00, 0x00, 0x00, 0x00, 0x00, 0x00, 0x00,
    0x00, 0x00, 0x00, 0x00, 0x00, 0x00, 0x00, 0x00, 0x00, 0x00, 0x00, 0x00,
    0x00, 0x00, 0x00, 0x00, 0x00, 0x00, 0x00, 0x00, 0x00, 0x00, 0x00, 0x00,
    0x00, 0x00, 0x00, 0x00, 0x00, 0x00, 0x00, 0x00, 0x00, 0x00, 0x00, 0x00,
    0x00, 0x00, 0x00, 0x00, 0x00, 0x00, 0x00, 0x00, 0x00, 0x00, 0x00, 0x00,
    0x00, 0x00, 0x00, 0x00, 0x00, 0x00, 0x00, 0x00, 0x00, 0x00, 0x00, 0x00,
    0x00, 0x00, 0x00, 0x00, 0x00, 0x00, 0x00, 0x00, 0x00, 0x00, 0x00, 0x00,
    0x00, 0x00, 0x00, 0x00, 0x00, 0x00, 0x00, 0x00, 0x00, 0x00, 0x00, 0x00,
    0x00, 0x00, 0x00, 0x00, 0x00, 0x00, 0x00, 0x00, 0x00, 0x00, 0x00, 0x00,
    0x00, 0x00, 0x00, 0x00, 0x00, 0x00, 0x00, 0x00, 0x00, 0x00, 0x00, 0x00,
    0x00, 0x00, 0x00, 0x00, 0x00, 0x00, 0x00, 0x00, 0x00, 0x00, 0x00, 0x00
};
